asset,event,slug,ts,ask,n_ask,gap,label,delta,ret_T,covd,limit,fill_t,ev_taker,fill_1800,ev_am_1800,ev_fb_1800,fill_7200,ev_am_7200,ev_fb_7200,fill_14400,ev_am_14400,ev_fb_14400
BTC,2026-01-19,bitcoin-above-100k-on-january-19,1768344300,0.119,0.119,0.05799290789597514,0,5.1958230607013105,-0.024242682866861168,True,0.109,,-0.0003780393070941801,False,,-0.0003780393070941801,False,,-0.0497303893070942,False,,-0.0591455593070942
BTC,2025-10-22,bitcoin-above-104k-on-october-22,1760788800,0.73,0.73,0.057939710994780236,1,6.969171594885833,0.011125048744350205,False,0.72,,0.17867062629915426,False,,0.17867062629915426,False,,0.17867062629915426,False,,0.17867062629915426
BTC,2025-10-23,bitcoin-above-106k-on-october-23,1760899500,0.71,0.71,0.05336103383298885,1,6.593969039157435,0.005347192896170424,False,0.7,,0.24032777559624968,False,,0.17272877559624963,False,,0.18234377559624965,False,,0.17272877559624963
BTC,2025-10-21,bitcoin-above-108k-on-october-21,1760751000,0.4,0.4,0.06053372539271934,1,9.662848536782851,0.055085914171683424,False,0.39,,0.05091315484880299,False,,0.05091315484880299,False,,0.01046515484880306,False,,0.030661154848803163
BTC,2025-10-26,bitcoin-above-108k-on-october-26,1761137100,0.48,0.48,0.05290556618534026,1,7.791214749441826,0.04960994925132241,False,0.47,,0.11600623167403634,False,,0.046153231674036344,False,,-0.013174768325963648,False,,0.03623023167403633
BTC,2025-10-21,bitcoin-above-110k-on-october-21,1760751000,0.22,0.27,0.052737209209331753,1,8.224600778782618,0.055085914171683424,False,0.21,,0.2631433474036201,False,,0.28381534740362,False,,0.28381534740362,False,,0.3045433474036201
BTC,2026-02-12,bitcoin-above-58k-on-february-12,1770326100,0.74,0.79,0.05416637720539874,1,2.2987021627946462,0.0353197532728702,True,0.73,1770326688.95,0.11719740676227994,True,0.18881040676228,,True,0.18881040676228,,True,0.18881040676228,
BTC,2026-03-03,bitcoin-above-60k-on-march-3,1772262000,0.801,0.851,0.05505419040321191,1,4.6310996930580215,0.07411428834566922,True,0.791,1772270150.389,-0.20310658800884238,False,,-0.2220957880088424,False,,-0.18119977800884235,True,-0.13423065800884243,
BTC,2026-03-03,bitcoin-above-62k-on-march-3,1772261100,0.72,0.64,0.07229995788907007,1,6.432190457775024,0.060975533880809576,True,0.71,1772261417.794,-0.048334247185881085,True,-0.102206247185881,,True,-0.102206247185881,,True,-0.102206247185881,
BTC,2026-03-04,bitcoin-above-62k-on-march-4,1772269200,0.64,0.68,0.050816364542204284,1,5.348272218014358,0.14336788099390513,True,0.63,1772269772.306,-0.46200245487529157,True,-0.3967704548752915,,True,-0.3967704548752915,,True,-0.3967704548752915,
BTC,2026-04-02,bitcoin-above-64k-on-april-2,1774824300,0.66,0.74,0.05849156790290744,1,6.146056773253944,0.017049726959861827,True,0.65,1774824321.57,0.14174341013621083,True,0.24521141013621084,,True,0.24521141013621084,,True,0.24521141013621084,
BTC,2026-02-11,bitcoin-above-64k-on-february-11,1770306300,0.682,0.695,0.07059478235822803,1,3.3754687220782524,-0.021551217058698193,True,0.672,1770306363.615,0.3629072091043551,True,0.400745459104355,,True,0.400745459104355,,True,0.400745459104355,
BTC,2026-03-03,bitcoin-above-64k-on-march-3,1772276400,0.49,0.51,0.05543738841061885,1,6.7702164570287025,0.0616264662691409,True,0.48,1772279943.742,0.055282483876138044,False,,0.06527548387613802,True,0.10277548387613805,,True,0.10277548387613805,
BTC,2026-04-02,bitcoin-above-66k-on-april-2,1774824300,0.44,0.53,0.053977547811831894,1,7.1685931296965615,0.017049726959861827,True,0.43,1774824325.604,0.33034044445233224,True,0.44777744445233236,,True,0.44777744445233236,,True,0.44777744445233236,
BTC,2026-02-10,bitcoin-above-66k-on-february-10,1770448500,0.671,0.675,0.05255779131462657,1,5.23769905334556,0.021553788097050334,True,0.661,1770448989.829,0.1967514944880686,True,0.22610774448806864,,True,0.22610774448806864,,True,0.22610774448806864,
BTC,2026-02-11,bitcoin-above-66k-on-february-11,1770306300,0.58,0.59,0.05707026118432246,1,3.8976535776931738,-0.021551217058698193,True,0.57,1770306326.589,0.4770661782724772,True,0.5139991782724772,,True,0.5139991782724772,,True,0.5139991782724772,
BTC,2026-02-14,bitcoin-above-66k-on-february-14,1770822000,0.54,0.51,0.0742835038163101,1,7.044050957702433,0.045994824587594935,True,0.53,1770823229.004,0.14851711181439647,True,0.14601011181439644,,True,0.14601011181439644,,True,0.14601011181439644,
BTC,2026-02-16,bitcoin-above-66k-on-february-16,1770811200,0.59,0.63,0.0572232817253534,1,5.480797885473622,0.012552235701407703,True,0.58,1770821834.435,0.2848867331097581,False,,0.2947117331097582,False,,0.17773573310975815,True,0.35120373310975816,
BTC,2026-03-12,bitcoin-above-66k-on-march-12,1772762400,0.8,0.84,0.054405921486241016,1,3.258265067547674,-0.01357314445366334,True,0.79,,0.19481690243014976,False,,0.19481690243014976,False,,0.19481690243014976,False,,0.20434790243014977
BTC,2026-03-23,bitcoin-above-66k-on-march-23,1773928800,0.8,0.829,0.05231693197346621,1,4.2370134331566955,0.0039607806093806324,True,0.79,,0.14429498935226773,False,,0.15479679935226773,False,,0.16244511935226763,False,,0.0977199993522677
BTC,2026-04-06,bitcoin-above-68k-on-april-6,1775142000,0.35,0.36,0.06472234946639788,1,8.075867656317984,0.04489435258743878,True,0.34,1775153293.798,0.2613111499877676,False,,0.2613111499877676,False,,0.21050614998776773,True,0.29743914998776755,
BTC,2026-04-07,bitcoin-above-68k-on-april-7,1775142000,0.37,0.38,0.0563902062630558,1,7.034921211434461,0.019541564586474505,True,0.36,1775143223.825,0.46603463278599405,True,0.5025266327859941,,True,0.5025266327859941,,True,0.5025266327859941,
BTC,2026-02-14,bitcoin-above-68k-on-february-14,1770822000,0.33,0.31,0.05029579844071458,1,7.033483823695813,0.045994824587594935,True,0.32,1770822761.637,0.3515231452894245,True,0.3564961452894245,,True,0.3564961452894245,,True,0.3564961452894245,
BTC,2026-02-08,bitcoin-above-68k-on-february-8,1770228000,0.809,0.834,0.05258151133603328,1,3.7360150315197034,-0.02837806625296071,True,0.799,1770228277.313,0.2623298020865233,True,0.3070208820865232,,True,0.3070208820865232,,True,0.3070208820865232,
BTC,2026-02-09,bitcoin-above-68k-on-february-9,1770292800,0.683,0.659,0.05159808718232717,1,4.967708466694313,-0.0006748737677482313,True,0.673,1770294012.339,0.32862224612999275,True,0.33035257612999275,,True,0.33035257612999275,,True,0.33035257612999275,
BTC,2026-03-24,bitcoin-above-68k-on-march-24,1773927900,0.63,0.63,0.0528077918655826,1,5.472335980792042,0.0017319312247676961,True,0.62,1773934959.859,0.34420529044244647,False,,0.34420529044244647,True,0.3705222904424465,,True,0.3705222904424465,
BTC,2026-03-25,bitcoin-above-68k-on-march-25,1773928800,0.62,0.62,0.05978856672905686,1,4.954420356658464,0.013427382392550308,True,0.61,1773935021.591,0.29698310333771133,False,,0.2871581033377113,True,0.32347510333771134,,True,0.32347510333771134,
BTC,2026-04-08,bitcoin-above-70k-on-april-8,1775076300,0.31,0.31,0.05317728253533954,1,5.4483552201014005,0.04517996968584854,True,0.3,,0.42887047631808406,False,,0.3777154763180841,False,,0.3777154763180841,False,,0.35735147631808417
BTC,2026-02-09,bitcoin-above-70k-on-february-9,1770227100,0.687,0.684,0.05358416415715317,1,4.6270591227391416,-0.0349345987456163,True,0.677,1770227585.06,0.46251437382513527,True,0.4846444538251352,,True,0.4846444538251352,,True,0.4846444538251352,
BTC,2026-03-22,bitcoin-above-70k-on-march-22,1773927900,0.44,0.44,0.056297848718026566,0,7.956389121600504,-0.012728768270817497,True,0.43,1773933568.229,-0.355972966598694,False,,-0.335776966598694,True,-0.328724966598694,,True,-0.328724966598694,
BTC,2026-03-23,bitcoin-above-70k-on-march-23,1773971100,0.54,0.54,0.06614827185311645,1,7.850085689680678,-0.005554548376360581,True,0.53,,0.4862156807219072,False,,0.4862156807219072,False,,0.40711168072190723,False,,0.4268036807219073
BTC,2026-04-13,bitcoin-above-72k-on-april-13,1775604600,0.52,0.53,0.06789098350016942,0,6.461836869091188,-0.011757116708063883,True,0.51,1775606439.117,-0.47146442978162484,False,,-0.46149942978162484,True,-0.4340274297816248,,True,-0.4340274297816248,
BTC,2026-02-09,bitcoin-above-72k-on-february-9,1770396300,0.28,0.3,0.06036751266471707,0,5.461855361222777,0.0066952525171052315,True,0.27,1770402243.27,-0.3512685008552915,False,,-0.4635015008552915,True,-0.3065685008552915,,True,-0.3065685008552915,
BTC,2026-04-12,bitcoin-above-74k-on-april-12,1775604600,0.29,0.29,0.09075343032319472,0,6.961772239096391,-0.026367754057732735,True,0.28,1775609205.542,-0.120846701793555,False,,-0.12290522179355501,True,-0.09643370179355504,,True,-0.09643370179355504,
BTC,2026-04-14,bitcoin-above-74k-on-april-14,1775599200,0.14,0.23,0.050906916558775384,1,4.116947898017861,0.07476892693514073,True,0.13,,0.4497832234173214,False,,0.41871222341732134,False,,0.33647222341732125,False,,0.3774802234173213
BTC,2026-04-18,bitcoin-above-74k-on-april-18,1776267000,0.48,0.5,0.06069029284388716,1,10.619168001588308,0.026738852105493763,True,0.47,,0.19855563732213843,False,,0.18856263732213846,False,,0.18856263732213846,False,,0.03057863732213839
BTC,2026-04-23,bitcoin-above-74k-on-april-23,1776700800,0.66,0.66,0.06262241970082305,1,8.373881117140066,0.03457601398705424,True,0.65,,0.034756569367835666,False,,-0.0430034306321643,False,,-0.11030843063216436,False,,-0.11986743063216426
BTC,2026-04-23,bitcoin-above-76k-on-april-23,1776700800,0.39,0.39,0.07001456227228559,1,9.936354168761522,0.03457601398705424,True,0.38,,0.24978747928057687,False,,0.179052479280577,False,,0.08911547928057689,False,,0.07919247928057688
BTC,2026-05-03,bitcoin-above-76k-on-may-3,1777516200,0.49,0.45,0.052004074031922864,1,12.34787399652905,0.033010478023391805,True,0.48,1777516750.477,0.12506577680196668,True,0.11239077680196669,,True,0.11239077680196669,,True,0.11239077680196669,
BTC,2026-04-21,bitcoin-above-78k-on-april-21,1776489300,0.39,0.39,0.051175384974734395,0,11.931192488533727,-0.016894235964675382,True,0.38,1776501338.287,-0.20508461875874878,False,,-0.19492361875874875,False,,-0.18474861875874876,True,-0.17843161875874874,
BTC,2026-04-27,bitcoin-above-78k-on-april-27,1776947400,0.46,0.46,0.05092261962851935,0,10.020875038299346,-0.013356129407230235,True,0.45,,-0.34354789621479076,False,,-0.3535968962147906,False,,-0.3936528962147907,False,,-0.45331689621479065
BTC,2026-02-03,bitcoin-above-78k-on-february-3,1769878800,0.709,0.613,0.05342190736894048,0,6.5085924320737965,-0.049748228412796774,True,0.699,1769879285.866,-0.30581522704339226,True,-0.37520905704339225,,True,-0.37520905704339225,,True,-0.37520905704339225,
BTC,2026-05-05,bitcoin-above-78k-on-may-5,1777660200,0.61,0.59,0.050714438131062356,1,12.68827497437879,0.036726729074030066,True,0.6,1777669706.849,-0.07293183740080555,False,,-0.09265183740080563,False,,-0.0034708374008056153,True,-0.06599883740080559,
BTC,2025-11-27,bitcoin-above-78k-on-november-27,1763745300,0.81,0.81,0.05724742570207786,1,2.867724547898809,0.07165090647506252,True,0.8,,-0.02624806337773855,False,,-0.1023280633777385,False,,-0.1023280633777385,False,,-0.09286706337773849
BTC,2026-05-10,bitcoin-above-80k-on-may-10,1778155200,0.65,0.71,0.06360481173495391,1,13.91004784332246,0.007114779686957871,True,0.64,1778161156.159,0.17662007415971726,False,,0.15723607415971724,True,0.2610330741597172,,True,0.2610330741597172,
BTC,2026-05-11,bitcoin-above-80k-on-may-11,1778209200,0.41,0.43,0.051805777199697256,1,13.2651802964344,0.02387373244282413,True,0.4,1778209975.636,0.23615363479710277,True,0.28331063479710267,,True,0.28331063479710267,,True,0.28331063479710267,
BTC,2025-11-26,bitcoin-above-80k-on-november-26,1763729100,0.649,0.649,0.0514290886584734,1,4.238687903580884,0.05701239732560693,True,0.639,,0.09339631110180271,False,,-0.002852478898197258,False,,-0.09392232889819724,False,,0.03101807110180274
BTC,2025-11-27,bitcoin-above-80k-on-november-27,1763730900,0.68,0.68,0.050098972098832295,1,3.8195877225994446,0.08714325805671905,True,0.67,,-0.028083318580759298,False,,-0.028083318580759298,False,,-0.10561931858075924,False,,-0.0572643185807592
BTC,2026-02-03,bitcoin-above-82k-on-february-3,1769784300,0.606,0.606,0.09758406908233852,0,7.690595865089907,-0.08982068097514669,True,0.596,1769797361.226,0.06806107770702274,False,,0.06806107770702274,False,,0.0004183077070227803,True,0.09477455770702281,
BTC,2026-05-10,bitcoin-above-82k-on-may-10,1778094900,0.37,0.39,0.05044111703107873,0,11.24184646129692,0.0023940756400804924,True,0.36,1778108612.815,-0.43356683076251606,False,,-0.474070830762516,False,,-0.45384683076251603,True,-0.386913830762516,
BTC,2026-05-11,bitcoin-above-82k-on-may-11,1778112000,0.41,0.42,0.06473570870572937,0,10.350228143174618,-0.00046703840234891186,True,0.4,,-0.432218045984065,False,,-0.40181904598406504,False,,-0.37129404598406496,False,,-0.37129404598406496
BTC,2026-05-12,bitcoin-above-82k-on-may-12,1778112000,0.42,0.43,0.054380573405711674,0,9.151134316780915,-0.014180014996144684,True,0.41,,-0.31739377815631237,False,,-0.27688977815631244,False,,-0.27688977815631244,False,,-0.2667287781563124
BTC,2025-11-26,bitcoin-above-82k-on-november-26,1763761500,0.689,0.689,0.05508960736940971,1,4.7887679292115966,0.030269476248844445,False,0.679,,0.15104697290550165,False,,0.15104697290550165,False,,0.06784025290550155,False,,0.08709825290550158
BTC,2025-11-30,bitcoin-above-82k-on-november-30,1764200700,0.93,0.93,0.050268455247384325,1,1.5473533600331808,0.014611061342662875,True,0.92,,0.04283452513777964,False,,0.04283452513777964,False,,0.04283452513777964,False,,-0.01237000486222031
BTC,2025-12-01,bitcoin-above-84k-on-december-1,1764121500,0.76,0.76,0.052083317629879056,1,4.86130257302099,-0.040086918044490376,True,0.75,,0.4221066378341626,False,,0.36454263783416263,False,,0.39326163783416257,False,,0.36454263783416263
BTC,2025-12-02,bitcoin-above-84k-on-december-2,1764121500,0.74,0.74,0.052924075505819124,1,4.672100365951168,0.031666595538250394,True,0.73,,0.0985824873973127,False,,0.040850487397312674,False,,0.0696534873973127,False,,0.040850487397312674
BTC,2025-12-31,bitcoin-above-84k-on-december-31,1766716200,0.83,0.83,0.07440203295915315,1,4.221590741356357,-0.015826878050528057,True,0.82,,0.2269376018426854,False,,0.2269376018426854,False,,0.13225760184268534,False,,0.12286660184268543
BTC,2026-02-03,bitcoin-above-84k-on-february-3,1769796900,0.36,0.34,0.05113519481707418,0,9.395241453369353,-0.08046417006009382,True,0.35,1769797177.667,0.40027230605955466,True,0.4059803060595547,,True,0.4059803060595547,,True,0.4059803060595547,
BTC,2026-02-04,bitcoin-above-84k-on-february-4,1769784300,0.4,0.4,0.0938177136776493,0,7.837091161467807,-0.12527956216184347,True,0.39,,0.5650273493311402,False,,0.5751743493311401,False,,0.5346703493311402,False,,0.43439034933114007
BTC,2025-11-24,bitcoin-above-84k-on-november-24,1763588700,0.84,0.84,0.0572695395991063,1,3.3528651644069534,-0.03646930729109293,True,0.83,,0.272868669986358,False,,0.272868669986358,False,,0.272868669986358,False,,0.272868669986358
BTC,2025-11-25,bitcoin-above-84k-on-november-25,1763676900,0.73,0.73,0.05720527737689818,1,4.79977616216051,-0.008029614554907574,True,0.72,,0.29474335253198247,False,,0.29474335253198247,False,,0.24652835253198244,False,,0.30442835253198247
BTC,2025-11-25,bitcoin-above-84k-on-november-25,1763767800,0.56,0.56,0.06117187554458148,1,6.525684235137881,0.025068228521476065,True,0.55,,0.2591646563345698,False,,0.2591646563345698,False,,0.2591646563345698,False,,0.2591646563345698
BTC,2025-11-26,bitcoin-above-84k-on-november-26,1763677800,0.72,0.72,0.05756334020846443,1,4.483974119146264,-0.0028499243290320037,True,0.71,1763682732.189,0.2786669869329048,False,,0.2786669869329048,True,0.30277898693290484,,True,0.30277898693290484,
BTC,2025-11-26,bitcoin-above-84k-on-november-26,1763768700,0.56,0.56,0.06168459861300646,1,5.777595751271791,0.03035545200244482,True,0.55,,0.24737046948273997,False,,0.24737046948273997,False,,0.24737046948273997,False,,0.24737046948273997
BTC,2025-11-27,bitcoin-above-84k-on-november-27,1763678700,0.71,0.71,0.05028507588480935,1,4.319579325116784,0.03699044316506911,True,0.7,1763683474.806,0.11580384647726005,False,,0.11580384647726005,True,0.14021684647726007,,True,0.14021684647726007,
BTC,2025-11-27,bitcoin-above-84k-on-november-27,1763770500,0.56,0.56,0.062135992309872656,1,5.247134735316745,0.06711479879949203,True,0.55,,0.07059160796539071,False,,0.07059160796539071,False,,0.04090660796539081,False,,0.08051460796539073
BTC,2025-12-01,bitcoin-above-86k-on-december-1,1764176400,0.63,0.63,0.06437721046498568,0,7.216346355643642,-0.03713988732629071,True,0.62,,-0.37830270944390654,False,,-0.5909107094439064,False,,-0.5909107094439064,False,,-0.5909107094439064
BTC,2025-12-02,bitcoin-above-86k-on-december-2,1764176400,0.62,0.62,0.055003245216459606,1,6.531776008576495,0.03461362625645004,True,0.61,,0.13741954644828616,False,,0.13741954644828616,False,,0.13741954644828616,False,,0.13741954644828616
BTC,2025-12-31,bitcoin-above-86k-on-december-31,1766715300,0.65,0.83,0.08696542089348103,1,7.467929127914152,-0.006522109570763562,True,0.64,,0.20882965203895293,False,,0.20882965203895293,False,,0.23750665203895283,False,,0.20882965203895293
BTC,2026-02-05,bitcoin-above-86k-on-february-5,1769784300,0.25,0.26,0.06098172083401404,0,6.382607495221253,-0.20564453965850846,True,0.24,,1.0390803801757202,False,,1.0597803801757202,False,,1.0390803801757202,False,,0.9670713801757203
BTC,2025-11-24,bitcoin-above-86k-on-november-24,1763587800,0.74,0.74,0.06476558513208708,1,4.806480857079716,-0.03212347438597062,True,0.73,,0.4009328646990584,False,,0.4009328646990584,False,,0.4009328646990584,False,,0.4009328646990584
BTC,2025-11-24,bitcoin-above-86k-on-november-24,1763736300,0.37,0.42,0.06862523248602437,1,6.116977525561272,0.027328380863798737,True,0.36,1763738435.002,0.39578090844616454,False,,0.4873559084461644,True,0.47283290844616443,,True,0.47283290844616443,
BTC,2025-11-25,bitcoin-above-86k-on-november-25,1763588700,0.75,0.75,0.05190077539717153,1,4.435285807705786,-0.03736246189010496,True,0.74,,0.40258819696213083,False,,0.40258819696213083,False,,0.2688601969621308,False,,0.2499801969621308
BTC,2025-11-25,bitcoin-above-86k-on-november-25,1763675100,0.58,0.58,0.06585749759460757,1,5.980173355697203,-0.004631127814460276,True,0.57,,0.4306429471628636,False,,0.4306429471628636,False,,0.4306429471628636,False,,0.4306429471628636
BTC,2025-11-25,bitcoin-above-86k-on-november-25,1763761500,0.33,0.33,0.13690341952914925,1,6.494161201472163,0.022394832872679866,True,0.32,,0.509087345244789,False,,0.509087345244789,False,,0.509087345244789,False,,0.509087345244789
BTC,2025-11-26,bitcoin-above-86k-on-november-26,1763736300,0.4,0.4,0.05590752385598757,1,5.019951055826947,0.03430986964095143,True,0.39,,0.41096613367062085,False,,0.43127413367062095,False,,0.47205813367062077,False,,0.3705181336706209
BTC,2025-11-27,bitcoin-above-86k-on-november-27,1763730900,0.32,0.39,0.07132734845824018,1,4.3038407017435025,0.08714325805671905,True,0.31,,0.21829629909295512,False,,0.18789729909295527,False,,0.21829629909295512,False,,0.2590242990929552
BTC,2025-11-29,bitcoin-above-86k-on-november-29,1764111600,0.62,0.62,0.06099641352635354,1,7.742880194971829,0.037694488309035705,True,0.61,,0.07164409301237029,False,,0.07164409301237029,False,,0.07164409301237029,False,,-0.045331906987629705
BTC,2025-11-30,bitcoin-above-86k-on-november-30,1764112500,0.62,0.62,0.0570324409455667,1,6.810339811025199,0.04366088657320363,True,0.61,,0.0661625259858557,False,,0.017177525985855646,False,,0.0074225259858556325,False,,-0.03145747401414428
BTC,2025-12-01,bitcoin-above-88k-on-december-1,1764111600,0.43,0.43,0.05596044371395964,0,6.709293279684951,-0.035115521531595466,False,0.42,,-0.2115566673754343,False,,-0.2115566673754343,False,,-0.2115566673754343,False,,-0.2115566673754343
BTC,2025-12-01,bitcoin-above-88k-on-december-1,1764198000,0.44,0.44,0.3031869681460447,0,7.138145186973981,-0.065946202738257,False,0.43,,0.013485569675299625,False,,0.013485569675299625,False,,0.013485569675299625,False,,-0.3691434303247004
BTC,2025-12-02,bitcoin-above-88k-on-december-2,1764112500,0.45,0.45,0.05182809050234011,1,6.151327911427689,0.034518094506331934,True,0.44,,0.3203428818139016,False,,0.3203428818139016,False,,0.3203428818139016,False,,0.3203428818139016
BTC,2025-12-02,bitcoin-above-88k-on-december-2,1764206100,0.68,0.68,0.059023225127551315,1,6.331365032727856,0.0024772995822634654,True,0.67,,0.2890833120492657,False,,0.2890833120492657,False,,0.2890833120492657,False,,0.2890833120492657
BTC,2026-01-15,bitcoin-above-88k-on-january-15,1767972600,0.74,0.74,0.0822355592496119,1,5.754980276642732,0.054543928982172266,True,0.73,,-0.06736723550300325,False,,-0.06736723550300325,False,,-0.06736723550300325,False,,-0.09629623550300326
BTC,2026-01-15,bitcoin-above-88k-on-january-15,1768234500,0.82,0.82,0.057655931190857546,1,5.840622175860586,0.05331094953497554,True,0.81,,-0.14170111407016273,False,,-0.14170111407016273,False,,-0.14170111407016273,False,,-0.14170111407016273
BTC,2025-11-25,bitcoin-above-88k-on-november-25,1763588700,0.63,0.63,0.06183029373239912,0,5.447032248164202,-0.03736246189010496,True,0.62,,-0.4428024652137923,False,,-0.4428024652137923,False,,-0.4428024652137923,False,,-0.4428024652137923
BTC,2025-11-25,bitcoin-above-88k-on-november-25,1763744400,0.2,0.2,0.10460889444365729,0,5.114066466340076,0.02639848495083563,True,0.19,,-0.34620360664925165,False,,-0.34620360664925165,False,,-0.34620360664925165,False,,-0.34620360664925165
BTC,2025-11-27,bitcoin-above-88k-on-november-27,1763676900,0.44,0.44,0.06521327207972455,1,5.346621091392021,0.039681992297982006,True,0.43,,0.3305874230311537,False,,0.3305874230311537,False,,0.3305874230311537,False,,0.34067842303115375
BTC,2025-11-27,bitcoin-above-88k-on-november-27,1763770500,0.29,0.29,0.05286257614638745,1,5.138275936213913,0.06711479879949203,True,0.28,,0.35073264436473167,False,,0.35073264436473167,False,,0.35073264436473167,False,,0.37134864436473175
BTC,2025-11-27,bitcoin-above-88k-on-november-27,1763961300,0.43,0.48,0.055397398493734706,1,7.143241679404574,0.043308712057453576,True,0.42,1763972746.355,0.19316340294986617,False,,0.19316340294986617,False,,0.24347840294986628,True,0.27063540294986627,
BTC,2025-11-29,bitcoin-above-88k-on-november-29,1764173700,0.41,0.41,0.05372788819672625,1,10.813920111287675,0.03858874753073475,True,0.4,,0.155771367007985,False,,0.035267367007984884,False,,-0.19006363299201512,False,,-0.19006363299201512
BTC,2025-11-30,bitcoin-above-88k-on-november-30,1764110700,0.41,0.41,0.05155403116142082,1,7.432092218379283,0.049241829082305594,False,0.4,,0.20709718525863408,False,,0.20709718525863408,False,,0.20709718525863408,False,,0.20709718525863408
BTC,2025-11-30,bitcoin-above-88k-on-november-30,1764197100,0.42,0.42,0.3477304867252738,1,8.149005602165918,0.016552619713368674,False,0.41,,0.4280606092252368,False,,0.4280606092252368,False,,0.04433960922523661,False,,-0.012804390774763336
BTC,2025-12-01,bitcoin-above-90k-on-december-1,1764121500,0.29,0.29,0.06586864731596986,0,6.462212131173659,-0.040086918044490376,True,0.28,,-0.045362831911530066,False,,-0.045362831911530066,False,,-0.045362831911530066,False,,-0.0761818319115301
BTC,2025-12-01,bitcoin-above-90k-on-december-1,1764207900,0.25,0.66,0.33922159168450094,0,8.501064255338479,-0.06947974819718523,True,0.24,,-0.08505619613099047,False,,-0.11432119613099045,False,,-0.08505619613099047,False,,-0.07527319613099048
BTC,2025-12-02,bitcoin-above-90k-on-december-2,1764181800,0.5,0.5,0.05503188932844838,1,7.320040717446342,0.006220178625377132,True,0.49,,0.43696803919245,False,,0.43696803919245,False,,0.43696803919245,False,,0.43696803919245
BTC,2026-01-13,bitcoin-above-90k-on-january-13,1767997800,0.56,0.56,0.05327820417931717,1,12.431682936583364,0.03008838272292713,True,0.55,,0.048702765913997026,False,,0.048702765913997026,False,,0.048702765913997026,False,,0.048702765913997026
BTC,2026-01-14,bitcoin-above-90k-on-january-14,1768000500,0.56,0.56,0.050954084076791695,1,10.329813561488333,0.06997886879087421,False,0.55,,-0.3001166678535851,False,,-0.3001166678535851,False,,-0.3001166678535851,False,,-0.3001166678535851
BTC,2026-01-15,bitcoin-above-90k-on-january-15,1767972600,0.55,0.55,0.1277793243406543,1,7.6698348884933205,0.054543928982172266,True,0.54,,0.01433207053703317,False,,0.01433207053703317,False,,-0.08426792946296685,False,,-0.005499929462966735
BTC,2026-01-15,bitcoin-above-90k-on-january-15,1768186800,0.69,0.69,0.0625307400856755,1,8.260747711402432,0.04885587582466753,True,0.68,,-0.10855906440718366,False,,-0.10855906440718366,False,,-0.1763540644071837,False,,-0.1570540644071837
BTC,2026-01-25,bitcoin-above-90k-on-january-25,1769004900,0.42,0.53,0.06810530900685718,0,9.311656730599962,-0.01721759777747783,True,0.41,1769016379.607,-0.3871126397705857,False,,-0.3771476397705857,False,,-0.3371476397705856,True,-0.2496756397705856,
BTC,2025-11-23,bitcoin-above-90k-on-november-23,1763586900,0.45,0.45,0.053172877256198514,0,7.348081080127803,-0.033917863944155205,True,0.44,,-0.21809378567360416,False,,-0.21809378567360416,False,,-0.21809378567360416,False,,-0.21809378567360416
BTC,2025-11-24,bitcoin-above-90k-on-november-24,1763587800,0.48,0.48,0.052102250611570367,0,6.629323237069758,-0.03212347438597062,True,0.47,,-0.2845151047976697,False,,-0.2845151047976697,False,,-0.2845151047976697,False,,-0.5308401047976697
BTC,2025-11-25,bitcoin-above-90k-on-november-25,1763588700,0.48,0.48,0.07398850256867917,0,6.040141153146536,-0.03736246189010496,True,0.47,,-0.27179745635470787,False,,-0.27179745635470787,False,,-0.27179745635470787,False,,-0.27179745635470787
BTC,2025-11-25,bitcoin-above-90k-on-november-25,1763675100,0.28,0.28,0.054459671542003985,0,5.85699300634651,-0.004631127814460276,True,0.27,,-0.2669875167792094,False,,-0.2669875167792094,False,,-0.27728851677920935,False,,-0.29784851677920937
BTC,2025-11-26,bitcoin-above-90k-on-november-26,1763676900,0.3,0.3,0.06660625506178464,0,5.485515957038089,-0.00015497117874297165,True,0.29,,-0.31384990312612443,False,,-0.31384990312612443,False,,-0.3548579031261245,False,,-0.30356290312612444
BTC,2025-11-27,bitcoin-above-90k-on-november-27,1763676900,0.32,0.32,0.05288865113201141,1,5.088804010165136,0.039681992297982006,True,0.31,,0.46283411846268707,False,,0.46283411846268707,False,,0.42193811846268714,False,,0.4730931184626871
BTC,2025-11-29,bitcoin-above-90k-on-november-29,1764111600,0.23,0.23,0.05135128722690255,1,7.319396606639141,0.037694488309035705,True,0.22,,0.48170209018184534,False,,0.48170209018184534,False,,0.48170209018184534,False,,0.44030209018184535
BTC,2025-11-30,bitcoin-above-90k-on-november-30,1764112500,0.27,0.27,0.0511786787263766,1,6.771335492132494,0.04366088657320363,True,0.26,,0.4205604891288952,False,,0.4205604891288952,False,,0.4205604891288952,False,,0.4205604891288952
BTC,2025-11-30,bitcoin-above-90k-on-november-30,1764198900,0.5,0.5,0.0887733104759425,1,10.238851647265479,0.013556619310210162,True,0.49,,0.3436957860443037,False,,0.3436957860443037,False,,0.21487878604430366,False,,0.14649578604430374
BTC,2025-12-01,bitcoin-above-92k-on-december-1,1764179100,0.17,0.17,0.10770985550553233,0,7.141237271142249,-0.056234262737319976,True,0.16,,0.22170521297495516,False,,0.22170521297495516,False,,0.22170521297495516,False,,0.22170521297495516
BTC,2025-12-02,bitcoin-above-92k-on-december-2,1764178200,0.17,0.17,0.0704186104884505,0,5.758779469182572,0.025058760372817773,True,0.16,,-0.32418487475814883,False,,-0.5000158747581489,False,,-0.5000158747581489,False,,-0.5000158747581489
BTC,2026-01-15,bitcoin-above-92k-on-january-15,1768231800,0.37,0.37,0.05008174439647556,1,10.744262876056377,0.05848479569387374,True,0.36,,-0.01469301918742949,False,,-0.01469301918742949,False,,-0.01469301918742949,False,,-0.01469301918742949
BTC,2026-01-08,bitcoin-above-92k-on-january-8,1767485700,0.38,0.45,0.06491627992798066,0,7.992225417051485,-0.005437184209844049,True,0.37,,-0.4238697981608934,False,,-0.44398179816089334,False,,-0.41379279816089337,False,,-0.4339327981608934
BTC,2025-11-23,bitcoin-above-92k-on-november-23,1763587800,0.3,0.3,0.05650660524592155,0,6.992090840510271,-0.038632014103235406,True,0.29,,-0.044581448038304106,False,,-0.044581448038304106,False,,-0.044581448038304106,False,,-0.044581448038304106
BTC,2025-11-24,bitcoin-above-92k-on-november-24,1763588700,0.32,0.43,0.07833402854169808,0,6.484068441594753,-0.03646930729109293,True,0.31,,-0.21068751550700288,False,,-0.2005825155070029,False,,-0.28103051550700286,False,,-0.35068751550700283
BTC,2025-11-24,bitcoin-above-92k-on-november-24,1763676900,0.14,0.14,0.055241507365705905,0,5.085404175314497,-0.007136459955895619,True,0.13,,-0.11213621674332372,False,,-0.11213621674332372,False,,-0.15404021674332372,False,,-0.11213621674332372
BTC,2025-11-25,bitcoin-above-92k-on-november-25,1763588700,0.33,0.33,0.07582270635708876,0,5.930145291990931,-0.03736246189010496,True,0.32,,-0.1239121725252035,False,,-0.1239121725252035,False,,-0.1239121725252035,False,,-0.1239121725252035
BTC,2025-11-26,bitcoin-above-92k-on-november-26,1763677800,0.2,0.2,0.05453457128155631,0,4.745370002923747,-0.0028499243290320037,True,0.19,1763691487.551,-0.19767605457840895,False,,-0.19767605457840895,False,,-0.19767605457840895,True,-0.17647605457840895,
BTC,2025-11-30,bitcoin-above-92k-on-november-30,1764181800,0.26,0.26,0.06902686647223388,0,9.109288468493473,0.015362970692248831,True,0.25,,-0.41341373176870544,False,,-0.41341373176870544,False,,-0.41341373176870544,False,,-0.41341373176870544
BTC,2025-12-01,bitcoin-above-94k-on-december-1,1764206100,0.16,0.16,0.050108676469827335,0,6.331820020762225,-0.0692762140004774,True,0.15,,0.26923651877083116,False,,0.26923651877083116,False,,0.15484751877083114,False,,0.13423151877083117
BTC,2025-12-02,bitcoin-above-94k-on-december-2,1764179100,0.12,0.21,0.05031845060250911,0,4.801194879373567,0.015519250845420881,True,0.11,,-0.2961239476907486,False,,-0.2961239476907486,False,,-0.2961239476907486,False,,-0.2961239476907486
BTC,2025-12-06,bitcoin-above-94k-on-december-6,1764722700,0.243,0.288,0.052339709906841225,0,7.106619543041053,-0.01973919239120542,True,0.233,,-0.16207498958881228,False,,-0.18879934958881228,False,,-0.2623113495888123,False,,-0.3109161495888123
BTC,2026-01-12,bitcoin-above-94k-on-january-12,1767735000,0.4,0.4,0.06938369100483133,0,7.110372515822234,-0.01476386035687927,True,0.39,,-0.31182345309100823,False,,-0.31182345309100823,False,,-0.31182345309100823,False,,-0.31182345309100823
BTC,2026-01-15,bitcoin-above-94k-on-january-15,1768232700,0.16,0.16,0.060179732961368526,1,8.335553232202383,0.05619099832390044,True,0.15,,0.362208942300533,False,,0.362208942300533,False,,0.362208942300533,False,,0.362208942300533
BTC,2025-11-19,bitcoin-above-94k-on-november-19,1763172000,0.595,0.595,0.05009627822594587,0,6.96801773672494,-0.060333512070624686,True,0.585,,-0.1914632677729789,False,,-0.29526694777297885,False,,-0.30691918777297883,False,,-0.3214561377729788
BTC,2025-11-22,bitcoin-above-94k-on-november-22,1763505000,0.41,0.41,0.05455732927870105,0,7.701689361817355,-0.09696911187128518,True,0.4,,0.31989297732395405,False,,0.31989297732395405,False,,0.30977397732395406,False,,0.36050897732395404
BTC,2025-11-25,bitcoin-above-94k-on-november-25,1763588700,0.22,0.22,0.0506401513192449,0,5.13200570367276,-0.03736246189010496,True,0.21,,-0.040267632476725185,False,,-0.040267632476725185,False,,-0.040267632476725185,False,,-0.040267632476725185
BTC,2025-11-30,bitcoin-above-94k-on-november-30,1764179100,0.039,0.039,0.06092564811963643,0,4.508424474452801,0.024662042912292608,True,0.029,,-0.15281048785578524,False,,-0.15281048785578524,False,,-0.15281048785578524,False,,-0.15281048785578524
BTC,2025-12-01,bitcoin-above-96k-on-december-1,1764210600,0.08,0.08,0.057608044674354694,0,4.886190967443714,-0.07797087747802826,True,0.07,,0.29582859725680216,False,,0.29582859725680216,False,,0.29582859725680216,False,,0.22940202725680217
BTC,2026-01-20,bitcoin-above-96k-on-january-20,1768493700,0.5,0.58,0.05386432585223977,0,9.466621435268054,-0.06682425465327894,True,0.49,,0.035547921496541623,False,,0.035547921496541623,False,,0.06527492149654146,False,,0.14516292149654159
BTC,2026-01-22,bitcoin-above-96k-on-january-22,1768597200,0.4,0.4,0.06132023844600787,0,9.735710797494232,-0.07075888468511231,False,0.39,,0.27208803764749717,False,,0.27208803764749717,False,,0.27208803764749717,False,,0.1813950376474972
BTC,2025-11-23,bitcoin-above-96k-on-november-23,1763603100,0.14,0.14,0.06091405613451728,0,6.221892073725456,-0.06545797761994343,True,0.13,,0.25884447211562434,False,,0.25884447211562434,False,,0.25884447211562434,False,,0.18565947211562434
BTC,2025-12-02,bitcoin-above-98k-on-december-2,1764210600,0.029,0.124,0.059626133100962694,0,3.09842971704998,-0.006217363895287417,True,0.019,,-0.11233961494512784,False,,-0.09653426494512785,False,,-0.08703593494512785,False,,-0.08809186494512784
BTC,2025-11-18,bitcoin-above-98k-on-november-18,1763172000,0.24,0.24,0.050190249429098444,0,7.569253942491504,-0.022668873383280542,False,0.23,,-0.08118154077176304,False,,-0.08118154077176304,False,,-0.08118154077176304,False,,-0.08118154077176304
BTC,2025-11-20,bitcoin-above-98k-on-november-20,1763174700,0.3,0.3,0.06320318158399602,0,6.4778139876324365,-0.09000752821717029,True,0.29,,0.26835202527740687,False,,0.13589502527740688,False,,0.1763990252774068,False,,0.1763990252774068
ETH,2026-02-10,ethereum-above-1800-on-february-10,1770306300,0.735,0.736,0.05507144335332059,1,2.43641352170627,0.029472375851881904,True,0.725,1770306302.39,0.1785918249576656,True,0.2031931049576656,,True,0.2031931049576656,,True,0.2031931049576656,
ETH,2026-02-08,ethereum-above-1800-on-february-8,1770306300,0.771,0.777,0.06239119792411485,1,2.6356038068826626,0.059665240299766574,True,0.761,1770306363.355,0.05361709552736635,True,0.08174606552736635,,True,0.08174606552736635,,True,0.08174606552736635,
ETH,2026-03-03,ethereum-above-1800-on-march-3,1772270100,0.651,0.667,0.05507191651067023,1,4.824171942758368,0.06502943668470508,True,0.641,,0.0037390460922639424,False,,0.011556486092263951,False,,-0.072977063907736,False,,-0.04782518390773599
ETH,2026-02-26,ethereum-above-1900-on-february-26,1771811100,0.4,0.39,0.05313771024419134,1,5.307877682896484,0.06030733990817171,True,0.39,1771811223.693,0.27324301638656284,True,0.28989601638656287,,True,0.28989601638656287,,True,0.28989601638656287,
ETH,2026-02-08,ethereum-above-1900-on-february-8,1770293700,0.818,0.819,0.053979954875317926,1,2.78975902341115,0.006735230860639212,True,0.808,1770297358.91,0.15183359893177456,False,,0.17767880893177448,True,0.17321032893177446,,True,0.17321032893177446,
ETH,2026-02-09,ethereum-above-1900-on-february-9,1770291000,0.809,0.818,0.05224947761110421,1,2.766370936779274,0.013408971578712672,True,0.799,1770291177.129,0.13448449073255,True,0.16390581073254992,,True,0.16390581073254992,,True,0.16390581073254992,
ETH,2026-03-17,ethereum-above-1900-on-march-17,1773360000,0.83,0.83,0.053991626363088074,1,2.8783987404916695,0.11108170472658942,True,0.82,,-0.15961443897668245,False,,-0.15961443897668245,False,,-0.2542944389766825,False,,-0.2542944389766825
ETH,2026-03-03,ethereum-above-1900-on-march-3,1772297100,0.52,0.54,0.05057168715315874,1,5.73135787424062,0.03681245832427159,True,0.51,1772299631.183,0.2316266271130313,False,,0.2515426271130313,True,0.2790146271130314,,True,0.2790146271130314,
ETH,2026-02-08,ethereum-above-2000-on-february-8,1770295500,0.62,0.64,0.05236095291172593,1,4.060108748589675,0.01338492251716248,True,0.61,1770303841.725,0.2895277589888736,False,,0.30916375898887366,False,,0.2895277589888736,True,0.3356557589888737,
ETH,2026-02-09,ethereum-above-2000-on-february-9,1770293700,0.64,0.66,0.05336112249046365,1,3.7584415669036857,0.012138633319229241,True,0.63,1770294978.04,0.27866965596760673,True,0.32437765596760676,,True,0.32437765596760676,,True,0.32437765596760676,
ETH,2026-03-01,ethereum-above-2000-on-march-1,1772124300,0.49,0.45,0.061218685712413956,0,7.18863372296418,-0.019383875665882254,True,0.48,1772129268.265,-0.327981417706494,False,,-0.35812841770649406,True,-0.340656417706494,,True,-0.340656417706494,
ETH,2026-03-23,ethereum-above-2100-on-march-23,1773971100,0.63,0.63,0.0511459545858588,1,5.409070703960097,-0.013170691262155258,True,0.62,,0.4249242002570272,False,,0.4249242002570272,False,,0.4053162002570272,False,,0.4249242002570272
ETH,2026-03-22,ethereum-above-2200-on-march-22,1773927900,0.29,0.29,0.05027633843098722,0,5.332052615909157,-0.026727912847707126,True,0.28,1773930687.505,-0.16189836238259125,False,,-0.1412823623825913,True,-0.1374853623825913,,True,-0.1374853623825913,
ETH,2026-03-24,ethereum-above-2200-on-march-24,1774042200,0.31,0.31,0.054011709360962945,0,5.838066109130817,-0.00830604440236622,True,0.3,,-0.27648176367361005,False,,-0.27648176367361005,False,,-0.27648176367361005,False,,-0.27648176367361005
ETH,2026-04-23,ethereum-above-2300-on-april-23,1776699000,0.49,0.49,0.06427605035535322,1,6.557465326393557,0.006305044692383513,True,0.48,1776704410.291,0.4511618880483334,False,,0.4511618880483334,True,0.4786548880483334,,True,0.4786548880483334,
ETH,2026-03-26,ethereum-above-2300-on-march-26,1774062000,0.18,0.18,0.05735686215297037,0,3.1756311413680303,-0.040562928663879304,True,0.17,,-0.061519100549894984,False,,-0.061519100549894984,False,,-0.061519100549894984,False,,-0.061519100549894984
ETH,2025-11-27,ethereum-above-2400-on-november-27,1763780400,0.87,0.87,0.06597765675812284,1,1.4104440089114056,0.09249457791950613,True,0.86,,-0.008375423283356609,False,,-0.008375423283356609,False,,-0.008375423283356609,False,,-0.07440642328335656
ETH,2025-11-26,ethereum-above-2500-on-november-26,1763732700,0.762,0.762,0.05568750388091548,1,2.43471952636962,0.06650652658991747,False,0.752,,0.06338034108050758,False,,0.06338034108050758,False,,0.06338034108050758,False,,0.06338034108050758
ETH,2025-11-24,ethereum-above-2600-on-november-24,1763596800,0.885,0.885,0.052125216903426974,1,1.2919071943153737,-0.05455725439588793,True,0.875,,0.17835865945614165,False,,0.17835865945614165,False,,0.17835865945614165,False,,0.17835865945614165
ETH,2025-11-24,ethereum-above-2600-on-november-24,1763732700,0.696,0.784,0.06785849640885622,1,3.454296498532521,0.037542726053437295,True,0.686,1763741082.33,0.07446221284824589,False,,0.1014038128482459,False,,0.1332973228482459,True,0.18431629284824586,
ETH,2025-11-26,ethereum-above-2600-on-november-26,1763732700,0.67,0.67,0.05029824816171191,1,3.0084499075491604,0.06650652658991747,True,0.66,,0.11444144622914695,False,,0.11444144622914695,False,,0.11444144622914695,False,,0.09494544622914705
ETH,2025-11-27,ethereum-above-2600-on-november-27,1763744400,0.67,0.67,0.051398744059328316,1,2.9538585612266006,0.08888302574208178,True,0.66,,0.05197511346402739,False,,0.05197511346402739,False,,0.05197511346402739,False,,-0.01601588653597255
ETH,2026-02-03,ethereum-above-2700-on-february-3,1769784300,0.606,0.606,0.08093658342976451,0,6.224771946562433,-0.20783730204950307,True,0.596,1769797152.085,0.6710263272469696,False,,0.7155002772469696,False,,0.6710263272469696,True,0.6977398072469697,
ETH,2025-11-23,ethereum-above-2700-on-november-23,1763588700,0.83,0.83,0.05370851167981283,1,2.4558589160629376,-0.06620704129700045,True,0.82,,0.3227181526753857,False,,0.3227181526753857,False,,0.3227181526753857,False,,0.3227181526753857
ETH,2025-11-24,ethereum-above-2700-on-november-24,1763594100,0.82,0.82,0.05350779504913228,1,2.255575812544642,-0.05193274167565866,True,0.81,,0.2868062360027448,False,,0.2868062360027448,False,,0.2868062360027448,False,,0.2868062360027448
ETH,2025-11-24,ethereum-above-2700-on-november-24,1763732700,0.54,0.54,0.08187839454032764,1,4.173336476201537,0.037542726053437295,True,0.53,1763739477.335,0.28593357194514835,False,,0.19700457194514834,True,0.3133215719451483,,True,0.3133215719451483,
ETH,2025-11-25,ethereum-above-2700-on-november-25,1763676900,0.73,0.82,0.05184011301508251,1,3.234782617674458,0.011589857486646978,True,0.72,,0.1321773304608702,False,,0.1417363304608701,False,,0.18011233046087016,False,,0.20904133046087017
ETH,2025-11-25,ethereum-above-2700-on-november-25,1763763300,0.54,0.54,0.09272744849577252,1,4.28444881001023,0.05808588114997532,True,0.53,,0.19374601562859253,False,,0.19374601562859253,False,,0.07542601562859255,False,,0.09500601562859254
ETH,2025-11-26,ethereum-above-2700-on-november-26,1763732700,0.53,0.53,0.06670466986112289,1,3.4097944925060086,0.06650652658991747,True,0.52,,0.22578941191799498,False,,0.13673441191799499,False,,0.22578941191799498,False,,0.21583841191799494
ETH,2025-11-27,ethereum-above-2700-on-november-27,1763732700,0.53,0.53,0.05742014861884981,1,3.1617340794280344,0.09015790784330514,True,0.52,,0.16750767024189006,False,,0.16750767024189006,False,,0.15755667024189002,False,,0.15755667024189002
ETH,2025-12-01,ethereum-above-2800-on-december-1,1764178200,0.75,0.88,0.05360330333542107,0,3.848000752324865,-0.08431784107897701,True,0.74,,-0.562936884093688,False,,-0.562936884093688,False,,-0.562936884093688,False,,-0.562936884093688
ETH,2025-12-30,ethereum-above-2800-on-december-30,1766715300,0.76,0.76,0.053847028098269356,1,4.568586752503616,0.010612475092557909,True,0.75,,0.17874798688086535,False,,0.17874798688086535,False,,0.17874798688086535,False,,0.17874798688086535
ETH,2025-11-24,ethereum-above-2800-on-november-24,1763587800,0.7,0.7,0.054465097676850815,1,3.5175775796274107,-0.03598884273248588,True,0.69,,0.4118935463125293,False,,0.4118935463125293,False,,0.4118935463125293,False,,0.2581655463125292
ETH,2025-11-24,ethereum-above-2800-on-november-24,1763732700,0.37,0.37,0.08246638676655865,1,4.330024329017286,0.037542726053437295,True,0.36,,0.45112208281098537,False,,0.4003870828109855,False,,0.4613110828109854,False,,0.3299460828109854
ETH,2025-11-25,ethereum-above-2800-on-november-25,1763587800,0.68,0.68,0.05508485287421849,1,3.332318656421661,-0.012973462696645021,False,0.67,,0.3479997117824206,False,,0.3479997117824206,False,,0.3479997117824206,False,,0.3479997117824206
ETH,2025-11-25,ethereum-above-2800-on-november-25,1763768700,0.4,0.4,0.05693925215687912,1,4.677172931312058,0.058490863889505675,True,0.39,,0.30962811468694607,False,,0.30962811468694607,False,,0.30962811468694607,False,,0.30962811468694607
ETH,2025-11-26,ethereum-above-2800-on-november-26,1763676900,0.58,0.58,0.05298735396737686,1,3.6279268497921806,0.017538277987286265,True,0.57,,0.339320410390805,False,,0.339320410390805,False,,0.34921541039080506,False,,0.339320410390805
ETH,2025-11-26,ethereum-above-2800-on-november-26,1763770500,0.41,0.47,0.06342855381738077,1,4.182936325394555,0.059928660556244254,True,0.4,,0.26188522882704607,False,,0.25185022882704605,False,,0.26188522882704607,False,,0.30216522882704616
ETH,2025-11-27,ethereum-above-2800-on-november-27,1763744400,0.4,0.4,0.06460772851099089,1,3.4247016798408714,0.08888302574208178,True,0.39,,0.27880215243175305,False,,0.27880215243175305,False,,0.27880215243175305,False,,0.22827715243175312
ETH,2025-11-27,ethereum-above-2800-on-november-27,1763961300,0.59,0.59,0.059036496765212165,1,4.537077474281008,0.047472815663239215,True,0.58,,0.17767915741362278,False,,0.17767915741362278,False,,0.17767915741362278,False,,0.24714015741362272
ETH,2025-12-02,ethereum-above-2900-on-december-2,1764178200,0.55,0.55,0.08149822860341582,1,4.487642413842479,0.009944175674629368,True,0.54,,0.3880490954718326,False,,0.3880490954718326,False,,0.3880490954718326,False,,0.3880490954718326
ETH,2025-12-29,ethereum-above-2900-on-december-29,1766715300,0.53,0.53,0.145808798130729,1,7.5473324403881445,-0.005466219893727954,True,0.52,,0.49381837873022805,False,,0.49381837873022805,False,,0.49381837873022805,False,,0.49381837873022805
ETH,2025-12-03,ethereum-above-2900-on-december-3,1764320400,0.72,0.72,0.07915801028542113,1,4.1795967327700705,0.008491723406040414,True,0.71,,0.23039602059652636,False,,0.23039602059652636,False,,0.23039602059652636,False,,0.18211102059652634
ETH,2025-12-30,ethereum-above-2900-on-december-30,1766715300,0.53,0.53,0.11774806312510544,1,6.523488718773652,0.010612475092557909,False,0.52,,0.3833326384554321,False,,0.3833326384554321,False,,0.3833326384554321,False,,0.3833326384554321
ETH,2025-12-31,ethereum-above-2900-on-december-31,1766715300,0.53,0.53,0.09880616929453434,1,5.82592372005796,0.007044896303168736,True,0.52,,0.41151997152202063,False,,0.41151997152202063,False,,0.41151997152202063,False,,0.41151997152202063
ETH,2026-01-01,ethereum-above-2900-on-january-1,1766974500,0.67,0.67,0.09856544526604438,1,5.8602366079969235,-0.01043122111936399,True,0.66,,0.37565242386980746,False,,0.37565242386980746,False,,0.2022044238698075,False,,0.11718142386980754
ETH,2026-01-25,ethereum-above-2900-on-january-25,1769005800,0.649,0.728,0.05190960698350988,0,6.020564570591389,-0.026701942088859638,True,0.639,,-0.5811003534938286,False,,-0.6322119634938287,False,,-0.3976215634938287,False,,-0.41549556349382877
ETH,2026-01-27,ethereum-above-2900-on-january-27,1769022000,0.52,0.52,0.05150445006193083,1,5.741306925378458,0.01987027521491005,True,0.51,,0.348446651299461,False,,0.348446651299461,False,,0.348446651299461,False,,0.348446651299461
ETH,2026-01-28,ethereum-above-2900-on-january-28,1769024700,0.66,0.66,0.08936881708148159,1,4.477546375041024,-0.011549593177654308,False,0.65,,0.37600583906580454,False,,0.37600583906580454,False,,0.37600583906580454,False,,0.37600583906580454
ETH,2025-11-19,ethereum-above-2900-on-november-19,1763174700,0.811,0.811,0.058232538843909776,1,2.669844615742435,-0.07559063873789261,True,0.801,,0.3800857298348941,False,,0.3800857298348941,False,,0.3800857298348941,False,,0.3800857298348941
ETH,2025-11-23,ethereum-above-2900-on-november-23,1763586000,0.53,0.53,0.05911419483767466,0,4.680892164224915,-0.05034860997073633,True,0.52,,-0.311760586108364,False,,-0.311760586108364,False,,-0.311760586108364,False,,-0.311760586108364
ETH,2025-11-24,ethereum-above-2900-on-november-24,1763587800,0.54,0.54,0.0758210991845032,0,4.180580817524355,-0.03598884273248588,True,0.53,,-0.4069337344276688,False,,-0.4069337344276688,False,,-0.4069337344276688,False,,-0.4069337344276688
ETH,2025-11-25,ethereum-above-2900-on-november-25,1763587800,0.53,0.53,0.07461342303101093,1,3.8510265585148393,-0.012973462696645021,True,0.52,,0.5025241494006815,False,,0.5025241494006815,False,,0.5025241494006815,False,,0.5025241494006815
ETH,2025-11-25,ethereum-above-2900-on-november-25,1763732700,0.26,0.26,0.050857465144901914,1,3.441633173387265,0.06055810608927815,True,0.25,,0.518113213165635,False,,0.518113213165635,False,,0.528456213165635,False,,0.4358732131656349
ETH,2025-11-26,ethereum-above-2900-on-november-26,1763770500,0.26,0.26,0.05509619791677439,1,3.774101003523478,0.059928660556244254,True,0.25,,0.5003551820548606,False,,0.5003551820548606,False,,0.5003551820548606,False,,0.4900261820548607
ETH,2025-11-27,ethereum-above-2900-on-november-27,1763961300,0.4,0.4,0.06948768094120505,1,4.850829400238986,0.047472815663239215,True,0.39,,0.3529174700686333,False,,0.3529174700686333,False,,0.3630644700686333,False,,0.4242404700686333
ETH,2025-11-30,ethereum-above-2900-on-november-30,1764111600,0.55,0.55,0.08722787205168558,1,4.772939022971805,0.023150868981050465,False,0.54,,0.3221773140246367,False,,0.3221773140246367,False,,0.3221773140246367,False,,0.3221773140246367
ETH,2025-11-30,ethereum-above-2900-on-november-30,1764198000,0.57,0.57,0.20198055094907919,1,5.071124953771423,0.003991521268017587,False,0.56,,0.3926014968942467,False,,0.3926014968942467,False,,0.3926014968942467,False,,0.1303504968942467
ETH,2025-12-01,ethereum-above-3000-on-december-1,1764320400,0.57,0.57,0.11929266336543254,0,7.545492072846418,-0.11391399835261966,True,0.56,,0.27238017155593164,False,,0.1545641715559316,False,,0.23288417155593155,False,,0.23288417155593155
ETH,2025-12-10,ethereum-above-3000-on-december-10,1764902700,0.73,0.73,0.051358851498927494,1,3.7475858708818057,0.04851967936896129,True,0.72,,0.07437133513716523,False,,0.07437133513716523,False,,0.07437133513716523,False,,0.07437133513716523
ETH,2025-12-13,ethereum-above-3000-on-december-13,1765310400,0.68,0.68,0.23820059555603879,1,2.1753964047589007,-0.07818017176626971,False,0.67,,0.4748408645837764,False,,0.4748408645837764,False,,0.4748408645837764,False,,0.4748408645837764
ETH,2025-12-02,ethereum-above-3000-on-december-2,1764178200,0.41,0.41,0.052095887272811114,1,4.705104304673453,0.009944175674629368,True,0.4,,0.5262786162268724,False,,0.5262786162268724,False,,0.5262786162268724,False,,0.5262786162268724
ETH,2025-12-02,ethereum-above-3000-on-december-2,1764264600,0.41,0.41,0.12039227128163049,1,5.68798947850166,-0.0036432211531717317,False,0.4,,0.5937896035870956,False,,0.5937896035870956,False,,0.5937896035870956,False,,0.5937896035870956
ETH,2025-12-02,ethereum-above-3000-on-december-2,1764351000,0.41,0.41,0.13836954189649192,1,6.753868444221447,-0.0040210636768821745,False,0.4,,0.6002247350794997,False,,0.6002247350794997,False,,0.6002247350794997,False,,0.6002247350794997
ETH,2025-12-29,ethereum-above-3000-on-december-29,1766715300,0.26,0.26,0.10462813714821878,0,7.866561434439192,-0.005466219893727954,True,0.25,,-0.23046764539183537,False,,-0.23046764539183537,False,,-0.38393264539183536,False,,-0.42432464539183534
ETH,2026-01-25,ethereum-above-3000-on-january-25,1769004900,0.38,0.38,0.08102313208943485,0,6.787449768033767,-0.026076719374925988,True,0.37,1769013524.977,-0.21949757712757698,False,,-0.21949757712757698,False,,-0.26005757712757693,True,-0.19300557712757696,
ETH,2025-11-19,ethereum-above-3000-on-november-19,1763172000,0.698,0.698,0.06170569645276802,0,3.6805921262263435,-0.07091596286681627,False,0.688,,-0.4517429854486363,False,,-0.4517429854486363,False,,-0.4517429854486363,False,,-0.4517429854486363
ETH,2025-11-19,ethereum-above-3000-on-november-19,1763258400,0.698,0.698,0.05662948549240232,0,4.204998681087499,-0.06365801568793202,True,0.688,,-0.44507384799159855,False,,-0.44507384799159855,False,,-0.44507384799159855,False,,-0.44507384799159855
ETH,2025-11-23,ethereum-above-3000-on-november-23,1763587800,0.37,0.37,0.08321746752120918,0,4.8180875466564705,-0.05864267064619715,True,0.36,,-0.10377147885688054,False,,-0.10377147885688054,False,,-0.2947024788568806,False,,-0.32438747885688046
ETH,2025-11-24,ethereum-above-3000-on-november-24,1763587800,0.38,0.38,0.07644109486826706,0,4.321999452941442,-0.03598884273248588,False,0.37,,-0.24094824139820048,False,,-0.24094824139820048,False,,-0.24094824139820048,False,,-0.24094824139820048
ETH,2025-11-24,ethereum-above-3000-on-november-24,1763676900,0.26,0.26,0.060031806821507105,0,4.4680348336940225,-0.011425522549193916,True,0.25,,-0.22241836725704506,False,,-0.22241836725704506,False,,-0.2430623672570451,False,,-0.20171836725704506
ETH,2025-11-25,ethereum-above-3000-on-november-25,1763587800,0.39,0.39,0.06868881750598188,0,3.9528274767426197,-0.012973462696645021,True,0.38,,-0.3553711401842062,False,,-0.3553711401842062,False,,-0.3553711401842062,False,,-0.3553711401842062
ETH,2025-11-30,ethereum-above-3000-on-november-30,1764111600,0.37,0.37,0.0885455331164473,1,5.0022761064057315,0.023150868981050465,False,0.36,,0.49787596125356165,False,,0.49787596125356165,False,,0.49787596125356165,False,,0.49787596125356165
ETH,2025-11-30,ethereum-above-3000-on-november-30,1764198000,0.36,0.36,0.21126234222453266,1,6.457789122952376,0.003991521268017587,False,0.35,,0.598095597371363,False,,0.598095597371363,False,,0.598095597371363,False,,0.598095597371363
ETH,2025-12-30,ethereum-above-3100-on-december-30,1766716200,0.13,0.13,0.10082258121252935,0,5.4093316072955675,0.0013107721519025558,True,0.12,,-0.14500740123124933,False,,-0.14500740123124933,False,,-0.14500740123124933,False,,-0.14500740123124933
ETH,2026-01-11,ethereum-above-3100-on-january-11,1767858300,0.54,0.54,0.05271034610083114,1,8.027358477406544,3.8333391902929725e-05,True,0.53,1767866551.651,0.4423042841215402,False,,0.4423042841215402,False,,0.4423042841215402,True,0.46969228412154024,
ETH,2026-01-15,ethereum-above-3100-on-january-15,1768042800,0.46,0.46,0.054665370850994044,1,7.245072335863807,0.07220913393864378,False,0.45,,-0.0005483986955523434,False,,-0.0005483986955523434,False,,-0.0005483986955523434,False,,-0.0005483986955523434
ETH,2026-01-15,ethereum-above-3100-on-january-15,1768129200,0.46,0.46,0.06523590604545987,1,7.307167285837285,0.07066341912435693,False,0.45,,0.00626257546909037,False,,0.00626257546909037,False,,0.00626257546909037,False,,0.00626257546909037
ETH,2026-01-18,ethereum-above-3100-on-january-18,1768342500,0.79,0.79,0.08939704708804497,1,3.598241864458219,0.003834554108930627,False,0.78,,0.18458934687371548,False,,0.18458934687371548,False,,0.0704693468737155,False,,0.0516453468737155
ETH,2025-11-18,ethereum-above-3100-on-november-18,1763215200,0.62,0.62,0.07296929923451945,1,5.389333814796758,-0.01250908623943349,False,0.61,,0.4309236414623877,False,,0.4309236414623877,False,,0.35271564146238776,False,,0.2658026414623877
ETH,2025-11-20,ethereum-above-3100-on-november-20,1763316900,0.45,0.53,0.0868587995724091,0,4.302676653569289,-0.08639882150774814,True,0.44,,-0.17569080780271196,False,,-0.11569080780271185,False,,-0.19557880780271197,False,,-0.15574680780271188
ETH,2025-11-23,ethereum-above-3100-on-november-23,1763587800,0.23,0.23,0.05561331176378312,0,4.192666079337312,-0.05864267064619715,True,0.22,,0.00347213602006069,False,,0.00347213602006069,False,,0.00347213602006069,False,,0.00347213602006069
ETH,2025-11-24,ethereum-above-3100-on-november-24,1763587800,0.25,0.25,0.05493502520836868,0,3.858887808638776,-0.03598884273248588,True,0.24,,-0.12424809353259203,False,,-0.12424809353259203,False,,-0.12424809353259203,False,,-0.12424809353259203
ETH,2025-11-24,ethereum-above-3100-on-november-24,1763675100,0.12,0.12,0.052833963855054344,0,3.254261491864202,-0.00826637724536524,True,0.11,,-0.10049104685318543,False,,-0.10049104685318543,False,,-0.10049104685318543,False,,-0.14250704685318544
ETH,2025-11-25,ethereum-above-3100-on-november-25,1763587800,0.26,0.26,0.059483135959765454,0,3.5904284517971035,-0.012973462696645021,True,0.25,,-0.22688771041563732,False,,-0.22688771041563732,False,,-0.22688771041563732,False,,-0.22688771041563732
ETH,2025-11-30,ethereum-above-3100-on-november-30,1764178200,0.17,0.35,0.07308313803171873,0,5.0817252208188375,0.021324513464282113,True,0.16,,-0.4742903178931333,False,,-0.46407331789313333,False,,-0.46407331789313333,False,,-0.46407331789313333
ETH,2025-12-01,ethereum-above-3200-on-december-1,1764180000,0.15,0.15,0.05625437813603318,0,3.9520827675649715,-0.10132381837333017,True,0.14,,0.2415151165371212,False,,0.2415151165371212,False,,0.2415151165371212,False,,0.2415151165371212
ETH,2025-12-02,ethereum-above-3200-on-december-2,1764179100,0.15,0.15,0.07076887494770506,0,3.5892250572594353,-0.002860566854055904,True,0.14,,-0.14865778176945674,False,,-0.14865778176945674,False,,-0.14865778176945674,False,,-0.14865778176945674
ETH,2025-12-02,ethereum-above-3200-on-december-2,1764270000,0.15,0.15,0.05254142319189148,0,4.234253470695985,-0.01069259909007842,False,0.14,,-0.1136498251920747,False,,-0.1136498251920747,False,,-0.1136498251920747,False,,-0.16592482519207472
ETH,2025-12-07,ethereum-above-3200-on-december-7,1764743400,0.23,0.23,0.0536729651641811,0,4.715757931099965,-0.015335924602049066,True,0.22,1764746260.369,-0.17007649192713603,False,,-0.17007649192713603,True,-0.14767949192713603,,True,-0.14767949192713603,
ETH,2026-01-11,ethereum-above-3200-on-january-11,1767861000,0.27,0.27,0.05276863636209711,0,7.520499508744773,-0.001056783867940002,True,0.26,,-0.2758494574403078,False,,-0.2758494574403078,False,,-0.2964654574403078,False,,-0.2551774574403078
ETH,2026-01-12,ethereum-above-3200-on-january-12,1767910500,0.24,0.24,0.06354250820867763,0,7.445132198490821,0.0013137309125049468,False,0.23,,-0.2625489003168433,False,,-0.2625489003168433,False,,-0.2625489003168433,False,,-0.3244809003168433
ETH,2026-01-13,ethereum-above-3200-on-january-13,1767838500,0.41,0.41,0.051338405481820115,0,6.084329829280511,0.0004745256796432828,False,0.4,,-0.42982017074741324,False,,-0.42982017074741324,False,,-0.4702121707474132,False,,-0.38920417074741326
ETH,2026-01-15,ethereum-above-3200-on-january-15,1768235400,0.28,0.28,0.0638805418811712,1,7.865488978836017,0.059317876386820394,False,0.27,,0.23932389703150697,False,,0.23932389703150697,False,,0.23932389703150697,False,,0.27031089703150696
ETH,2025-11-20,ethereum-above-3200-on-november-20,1763316900,0.3,0.37,0.08972078486957091,0,4.169552733200091,-0.08639882150774814,False,0.29,,-0.02607255763710198,False,,0.03527144236289803,False,,0.03527144236289803,False,,0.004536442362898019
ETH,2025-11-24,ethereum-above-3200-on-november-24,1763594100,0.16,0.16,0.071235656201566,0,3.5269451360290307,-0.05193274167565866,True,0.15,,0.013755930653616438,False,,0.013755930653616438,False,,0.013755930653616438,False,,-0.1109480693463836
ETH,2025-11-25,ethereum-above-3200-on-november-25,1763588700,0.16,0.16,0.06973694076753231,0,3.097836055503081,-0.020537833347448332,True,0.15,,-0.10578515935436103,False,,-0.10578515935436103,False,,-0.10578515935436103,False,,-0.10578515935436103
ETH,2025-11-30,ethereum-above-3200-on-november-30,1764179100,0.1,0.1,0.05212662329214282,0,3.9167224747446934,0.008519770935596764,False,0.09,,-0.13966957830312848,False,,-0.13966957830312848,False,,-0.13966957830312848,False,,-0.13966957830312848
ETH,2025-12-02,ethereum-above-3300-on-december-2,1764180000,0.09,0.09,0.05095575535138161,0,2.6788603685967027,-0.007061801619723819,True,0.08,,-0.07681541951002986,False,,-0.07681541951002986,False,,-0.07681541951002986,False,,-0.07681541951002986
ETH,2025-12-07,ethereum-above-3300-on-december-7,1764742500,0.096,0.175,0.05032947386359038,0,3.219563736402401,-0.01075620805424182,True,0.086,,-0.1504759526073636,False,,-0.1284895826073636,False,,-0.07061363260736361,False,,-0.1253436326073636
ETH,2026-01-18,ethereum-above-3300-on-january-18,1768342500,0.31,0.31,0.23008902821199512,1,6.830844379592594,0.003834554108930627,True,0.3,,0.6488337576167674,False,,0.6488337576167674,False,,0.3767547576167676,False,,0.3570067576167676
ETH,2026-01-19,ethereum-above-3300-on-january-19,1768519800,0.49,0.49,0.0502071190969543,0,9.103741663585492,-0.0278737350711505,False,0.48,,-0.2537377167130231,False,,-0.35317771671302306,False,,-0.3234927167130232,False,,-0.3234927167130232
ETH,2026-01-22,ethereum-above-3300-on-january-22,1768761000,0.57,0.57,0.08314937227850483,0,7.362990977113499,-0.13350802405350756,False,0.56,,0.3958613764782283,False,,0.30731037647822823,False,,0.32689037647822816,False,,0.32689037647822816
ETH,2025-11-23,ethereum-above-3300-on-november-23,1763604000,0.07,0.07,0.05593955125750191,0,2.907870405476596,-0.08446618947490109,True,0.06,,0.1710597326374436,False,,0.1710597326374436,False,,0.1710597326374436,False,,0.1710597326374436
ETH,2025-11-24,ethereum-above-3300-on-november-24,1763604000,0.1,0.1,0.05345999044810357,0,2.9070623188545164,-0.061812361561189855,True,0.09,,0.07339238713394636,False,,0.07339238713394636,False,,0.07339238713394636,False,,0.02076738713394638
ETH,2025-11-25,ethereum-above-3300-on-november-25,1763604000,0.12,0.12,0.05505076247792656,0,2.8476297492615146,-0.038796981525349064,True,0.11,,-0.016912561226866643,False,,-0.016912561226866643,False,,-0.016912561226866643,False,,-0.10072056122686664
ETH,2025-11-30,ethereum-above-3300-on-november-30,1764210600,0.059,0.059,0.050983155252606036,0,3.0726286623282557,-0.00899889166496944,True,0.049,,-0.035236077541028046,False,,-0.035236077541028046,False,,-0.06702527754102805,False,,-0.06173582754102806
ETH,2026-01-19,ethereum-above-3400-on-january-19,1768342500,0.19,0.19,0.1498808599069455,0,5.805394745990348,-0.030369877598162485,False,0.18,,-0.024463872155257527,False,,-0.024463872155257527,False,,-0.23034387215525756,False,,-0.24049087215525752
ETH,2026-01-22,ethereum-above-3400-on-january-22,1768761000,0.35,0.35,0.061012711841914646,0,7.76652628968415,-0.13350802405350756,True,0.34,,0.6709685786953503,False,,0.5897365786953503,False,,0.6200935786953503,False,,0.6200935786953503
ETH,2025-10-23,ethereum-above-3400-on-october-23,1760895900,0.92,0.92,0.050584484310482125,1,0.8014825553884459,-0.02845412572586834,False,0.91,,0.09765348539811303,False,,0.09765348539811303,False,,0.09765348539811303,False,,0.09765348539811303
ETH,2026-01-11,ethereum-above-3500-on-january-11,1767743100,0.11,0.11,0.0506512422301222,0,3.7786186079846975,-0.05015080797243523,True,0.1,,0.07264777621011108,False,,0.07264777621011108,False,,0.07264777621011108,False,,0.07264777621011108
ETH,2025-10-30,ethereum-above-3700-on-october-30,1761484500,0.83,0.83,0.07857593824127718,1,2.5152888272756826,-0.07726441222807465,False,0.82,,0.35446531282329885,False,,0.35446531282329885,False,,0.35446531282329885,False,,0.35446531282329885
ETH,2025-10-21,ethereum-above-3800-on-october-21,1760751000,0.58,0.58,0.056462859807963284,1,5.273575611886794,0.05177655364386828,False,0.57,,0.12990042943614794,False,,0.12990042943614794,False,,0.12990042943614794,False,,0.12990042943614794
ETH,2025-10-22,ethereum-above-3800-on-october-22,1760771700,0.58,0.58,0.0833663271598698,1,4.700733463720711,-0.017635584873817743,False,0.57,,0.4858481839686419,False,,0.4858481839686419,False,,0.4858481839686419,False,,0.4858481839686419
ETH,2025-10-22,ethereum-above-3800-on-october-22,1760858100,0.58,0.58,0.07847418117220795,1,5.648459707380128,-0.011868730776188245,False,0.57,,0.4699880475670418,False,,0.4699880475670418,False,,0.4699880475670418,False,,0.31357204756704177
ETH,2025-10-23,ethereum-above-3800-on-october-23,1760771700,0.57,0.57,0.07645452024620081,1,4.243618292562316,-0.007793651255505073,False,0.56,,0.44591628103371267,False,,0.44591628103371267,False,,0.44591628103371267,False,,0.44591628103371267
ETH,2025-10-23,ethereum-above-3800-on-october-23,1760858100,0.57,0.57,0.06959108179355544,1,4.947488094923438,-0.0020267971578755467,False,0.56,,0.422870554809414,False,,0.422870554809414,False,,0.422870554809414,False,,0.422870554809414
ETH,2025-10-23,ethereum-above-3800-on-october-23,1760944500,0.57,0.57,0.28192581069655365,1,3.5880011406122714,-0.04883632081823174,False,0.56,,0.5880677747991223,False,,0.5880677747991223,False,,0.5880677747991223,False,,0.5880677747991223
ETH,2025-10-30,ethereum-above-3800-on-october-30,1761484500,0.72,0.72,0.11881204105880117,0,3.6170641232931096,-0.07726441222807465,False,0.71,,-0.45464166652250176,False,,-0.45464166652250176,False,,-0.45464166652250176,False,,-0.45464166652250176
ETH,2025-10-21,ethereum-above-3900-on-october-21,1760751000,0.42,0.42,0.0710832588139107,1,5.593484008619317,0.05177655364386828,False,0.41,,0.27333667517160265,False,,0.27333667517160265,False,,0.27333667517160265,False,,0.27333667517160265
ETH,2025-10-23,ethereum-above-3900-on-october-23,1760771700,0.44,0.44,0.08649008956147214,0,4.519513192729603,-0.007793651255505073,False,0.43,,-0.4220244903312112,False,,-0.4220244903312112,False,,-0.4220244903312112,False,,-0.4220244903312112
ETH,2025-10-23,ethereum-above-3900-on-october-23,1760858100,0.44,0.44,0.05577492112765409,0,5.248832191131553,-0.0020267971578755467,False,0.43,,-0.4466096818328489,False,,-0.4466096818328489,False,,-0.47679868183284885,False,,-0.5765186818328488
ETH,2025-10-25,ethereum-above-3900-on-october-25,1761136200,0.35,0.35,0.06484393501464752,1,6.020201264352199,0.022971372273383542,False,0.34,,0.4957827155958714,False,,0.4957827155958714,False,,0.4957827155958714,False,,0.39438271559587135
ETH,2025-10-21,ethereum-above-4000-on-october-21,1760751000,0.27,0.27,0.0705435412512248,1,5.160163080139567,0.05177655364386828,False,0.26,,0.4490275394700452,False,,0.4490275394700452,False,,0.4490275394700452,False,,0.4490275394700452
ETH,2025-10-29,ethereum-above-4000-on-october-29,1761471000,0.39,0.39,0.12273839940174425,0,6.7992028771983595,-0.013940821029614404,False,0.38,,-0.3118665295449384,False,,-0.3118665295449384,False,,-0.3118665295449384,False,,-0.6004455295449385
SOL,2026-02-24,solana-above-100-on-february-24,1771689600,0.039,0.039,0.07605692932253136,0,1.5316286865996225,-0.10243878514634876,True,0.029,,0.11527465195056308,False,,0.11846890195056307,False,,0.11421018195056307,False,,0.11633926195056307
SOL,2026-02-25,solana-above-100-on-february-25,1771689600,0.04,0.037,0.126477053153477,0,1.5367072632825094,0.010227035417929107,False,0.03,,-0.05521012960857913,False,,-0.049884279608579135,False,,-0.05201503960857914,False,,-0.07010388960857913
SOL,2026-02-26,solana-above-100-on-february-26,1771689600,0.04,0.04,0.15827367613189083,0,1.4533665112277259,-0.020891230697922772,False,0.03,,-0.012325384925306417,False,,-0.012325384925306417,False,,-0.012325384925306417,False,,-0.012325384925306417
SOL,2026-02-26,solana-above-110-on-february-26,1771689600,0.033,0.032,0.056283864053500415,0,0.8424137661831205,-0.020891230697922772,True,0.023,1771691075.33,-0.01656925966756246,True,-0.005400939667562457,,True,-0.005400939667562457,,True,-0.005400939667562457,
SOL,2025-11-23,solana-above-120-on-november-23,1763601300,0.86,0.86,0.051839010200549485,1,1.6201777712029022,-0.05299987651856246,True,0.85,,0.2174412218118736,False,,0.2174412218118736,False,,0.09610769181187356,False,,0.09517622181187356
SOL,2025-11-24,solana-above-120-on-november-24,1763601300,0.83,0.83,0.06297120751781038,1,1.7180899947026016,-0.036063714680176676,False,0.82,,0.22208370736382094,False,,0.22208370736382094,False,,0.22208370736382094,False,,0.22208370736382094
SOL,2025-12-18,solana-above-130-on-december-18,1765765800,0.56,0.56,0.06801336772978361,0,5.324379686395696,-0.04751047714169798,True,0.55,,-0.3242841806157763,False,,-0.3242841806157763,False,,-0.3242841806157763,False,,-0.3242841806157763
SOL,2026-01-06,solana-above-130-on-january-6,1767393900,0.59,0.59,0.06311634877841976,1,6.652407427163933,0.041384200185079954,True,0.58,,0.11776243932153518,False,,0.11776243932153518,False,,0.11776243932153518,False,,0.11776243932153518
SOL,2026-01-07,solana-above-130-on-january-7,1767529800,0.67,0.67,0.05977270494230513,1,5.818858401050623,0.006435171436271494,True,0.66,,0.27707764862585055,False,,0.1897866486258506,False,,0.1897866486258506,False,,
SOL,2026-01-08,solana-above-130-on-january-8,1767485700,0.62,0.62,0.0653688584525779,1,5.051833066650486,0.028573372444055948,True,0.61,,0.21916009226139835,False,,0.21916009226139835,False,,0.21916009226139835,False,,0.21916009226139835
SOL,2025-11-23,solana-above-130-on-november-23,1763587800,0.6,0.6,0.05318517592873484,1,3.7010029448781654,-0.02348283006470027,True,0.59,,0.47011002322352924,False,,0.47011002322352924,False,,0.3237850232235292,False,,0.26613702322352917
SOL,2025-11-24,solana-above-130-on-november-24,1763586000,0.54,0.54,0.05709863192837206,1,3.5107615841258766,0.005763704716749913,False,0.53,,0.42237700689818924,False,,0.42237700689818924,False,,0.42237700689818924,False,,0.42237700689818924
SOL,2025-11-24,solana-above-130-on-november-24,1763672400,0.54,0.54,0.08607400996021464,1,4.1650597574004555,0.002166848085090293,False,0.53,,0.4335869482403901,False,,0.4335869482403901,False,,0.4335869482403901,False,,
SOL,2025-11-25,solana-above-130-on-november-25,1763601300,0.66,0.66,0.0655396405512303,1,2.8597949894618826,-0.01904265696753234,False,0.65,,0.37875009498179035,False,,0.37875009498179035,False,,0.37875009498179035,False,,0.37875009498179035
SOL,2025-11-26,solana-above-130-on-november-26,1763586000,0.53,0.53,0.05483622442897029,1,3.043513677266162,0.029075471492846873,False,0.52,,0.36407140483855815,False,,0.36407140483855815,False,,0.36407140483855815,False,,0.36407140483855815
SOL,2025-11-26,solana-above-130-on-november-26,1763672400,0.53,0.53,0.06941518559488802,1,3.5185270179140433,0.025478614861187205,False,0.52,,0.36291580523188655,False,,0.36291580523188655,False,,0.36291580523188655,False,,
SOL,2025-11-27,solana-above-130-on-november-27,1763677800,0.6,0.6,0.059882475763425536,1,3.130811598270836,0.04378687318009402,True,0.59,,0.2461115495957475,False,,0.2461115495957475,False,,,False,,
SOL,2025-11-30,solana-above-130-on-november-30,1764214200,0.78,0.78,0.11732615851846284,1,2.619006053474256,-0.027344623619167015,True,0.77,,0.2796037347885735,False,,0.2796037347885735,False,,0.2796037347885735,False,,0.2796037347885735
SOL,2025-12-01,solana-above-140-on-december-1,1764214200,0.39,0.39,0.2190899996321004,0,4.478991580499671,-0.1457652511754868,True,0.38,,0.24622833274442513,False,,0.24622833274442513,False,,0.24622833274442513,False,,0.24622833274442513
SOL,2025-12-11,solana-above-140-on-december-11,1765164600,0.23,0.23,0.07020388998819796,0,4.597169761698932,-0.023096757387160025,True,0.22,,-0.1362172853464515,False,,-0.1362172853464515,False,,-0.25974528534645147,False,,-0.2801372853464515
SOL,2025-12-18,solana-above-140-on-december-18,1765765800,0.15,0.15,0.05773536918621705,0,4.15342674082611,-0.04751047714169798,False,0.14,,0.038406286229736075,False,,0.038406286229736075,False,,0.038406286229736075,False,,0.038406286229736075
SOL,2026-01-15,solana-above-140-on-january-15,1767909600,0.41,0.41,0.07134329679615492,1,4.608560445139564,0.028805380240558513,False,0.4,,0.44031566401615735,False,,0.44031566401615735,False,,0.44031566401615735,False,,0.44031566401615735
SOL,2026-01-15,solana-above-140-on-january-15,1768177800,0.47,0.47,0.07838329725020032,1,7.016606860046208,0.021028237120771866,True,0.46,,0.3650161271637138,False,,0.3650161271637138,False,,0.20613612716371377,False,,0.15722112716371373
SOL,2026-01-21,solana-above-140-on-january-21,1768589100,0.61,0.61,0.05781197552478112,0,6.229044965898419,-0.1306832784419547,False,0.6,,0.18737901770595933,False,,0.18737901770595933,False,,0.18737901770595933,False,,0.18737901770595933
SOL,2025-11-17,solana-above-140-on-november-17,1763120700,0.53,0.54,0.05122127791236131,0,5.01848437590529,-0.03830609886073935,True,0.52,,-0.3651494413654961,False,,-0.2951984413654961,False,,-0.3052334413654961,False,,-0.4344144413654961
SOL,2025-11-23,solana-above-140-on-november-23,1763588700,0.29,0.29,0.057313345964540796,0,3.7228385436483054,-0.025556904882292696,False,0.28,,-0.20926876944784717,False,,-0.20926876944784717,False,,-0.20926876944784717,False,,-0.20926876944784717
SOL,2025-11-24,solana-above-140-on-november-24,1763587800,0.28,0.28,0.07213724766931018,0,3.3833847386441396,-0.006546668226314557,True,0.27,,-0.27196210263412085,False,,-0.27196210263412085,False,,-0.27196210263412085,False,,-0.27196210263412085
SOL,2025-11-25,solana-above-140-on-november-25,1763604900,0.49,0.49,0.09963819805570229,0,3.301524262204461,-0.05266819263253282,True,0.48,,-0.33360768417723463,False,,-0.33360768417723463,False,,-0.33360768417723463,False,,-0.33360768417723463
SOL,2025-11-26,solana-above-140-on-november-26,1763601300,0.42,0.42,0.05103164227077478,0,3.1075183640829462,-0.012751947904079814,True,0.41,,-0.39742508771024293,False,,-0.39742508771024293,False,,-0.39742508771024293,False,,-0.39742508771024293
SOL,2025-11-30,solana-above-140-on-november-30,1764214200,0.38,0.38,0.24445155397604879,0,4.995492993355426,-0.027344623619167015,False,0.37,,-0.2598921243045099,False,,-0.2598921243045099,False,,-0.2598921243045099,False,,-0.2598921243045099
SOL,2025-12-01,solana-above-150-on-december-1,1764214200,0.15,0.15,0.12106999755741502,0,3.934887504949988,-0.1457652511754868,True,0.14,,0.4146448655063195,False,,0.4146448655063195,False,,0.4146448655063195,False,,0.4146448655063195
SOL,2026-01-22,solana-above-150-on-january-22,1768592700,0.19,0.19,0.05955237478404038,0,4.97461766959175,-0.11977092667321795,False,0.18,,0.3950415681319679,False,,0.3950415681319679,False,,0.3950415681319679,False,,0.2811145681319679
SOL,2025-11-19,solana-above-150-on-november-19,1763168400,0.21,0.21,0.05463020562042861,0,3.1274111514209193,-0.05476432006794874,False,0.2,,-0.05034245471951268,False,,-0.05034245471951268,False,,-0.05034245471951268,False,,-0.05034245471951268
SOL,2025-11-23,solana-above-150-on-november-23,1763594100,0.09,0.09,0.060238769043127915,0,2.5077854540342215,-0.038350256342202335,True,0.08,,0.00044121501345865954,False,,0.00044121501345865954,False,,-0.12543878498654135,False,,-0.23905778498654137
SOL,2025-11-24,solana-above-160-on-november-24,1763604900,0.085,0.085,0.05821534656519552,0,2.1238677293699375,-0.06968925034517723,False,0.075,,0.05756649989210469,False,,0.05756649989210469,False,,0.05756649989210469,False,,0.05756649989210469
SOL,2025-10-25,solana-above-190-on-october-25,1761136200,0.31,0.31,0.05071923819317753,1,5.184843080085148,0.03052904870341248,False,0.3,,0.5167386730885293,False,,0.5167386730885293,False,,0.5167386730885293,False,,0.4655836730885293
SOL,2025-10-27,solana-above-200-on-october-27,1761225300,0.18,0.18,0.05258125983304768,1,3.8466538936619328,0.05378688725462571,False,0.17,,0.6027684607140387,False,,0.6027684607140387,False,,0.6027684607140387,False,,0.6027684607140387
SOL,2025-10-27,solana-above-200-on-october-27,1761311700,0.18,0.18,0.09798213463364919,1,5.529094463300546,0.03245010139129484,False,0.17,,0.6302483240638505,False,,0.6302483240638505,False,,0.5989673240638504,False,,0.6093803240638505
SOL,2026-02-11,solana-above-70-on-february-11,1770336900,0.52,0.5,0.08288161810678463,1,2.544438225839624,0.08413885602294012,True,0.51,1770337186.598,0.26841387845681464,True,0.2759138784568147,,True,0.2759138784568147,,True,0.2759138784568147,
SOL,2026-02-11,solana-above-70-on-february-11,1770485400,0.93,0.93,0.051748729735935806,1,0.42671918648139223,-0.10394892127582435,True,0.92,,0.10979999912243801,False,,0.10979999912243801,False,,0.1004089991224381,False,,0.09103199912243809
SOL,2026-02-12,solana-above-70-on-february-12,1770329700,0.75,0.78,0.05886241453346064,1,1.8593058358153185,-0.015876373354411416,True,0.74,1770330126.919,0.23750703362943995,True,0.28951903362944,,True,0.28951903362944,,True,0.28951903362944,
SOL,2026-02-12,solana-above-70-on-february-12,1770485400,0.9,0.9,0.06824422301476474,1,0.6074831942680818,-0.11134691420051043,True,0.89,,0.1613413791104201,False,,0.1613413791104201,False,,0.1424893791104201,False,,0.10495337911042016
SOL,2026-03-12,solana-above-70-on-march-12,1773065700,0.926,0.989,0.06327755807890356,1,0.3456996228334746,0.019386336441628262,True,0.916,,0.0035366208040062755,False,,0.0035366208040062755,False,,0.0035366208040062755,False,,0.0026051508040062735
SOL,2026-04-19,solana-above-80-on-april-19,1776336300,0.93,0.93,0.06999999999999995,1,3.0177088816679496,0.014005831188919168,True,0.92,1776344282.239,0.023177478826056606,False,,0.023177478826056606,False,,0.013786478826056693,True,0.03773447882605661,
SOL,2026-04-20,solana-above-80-on-april-20,1776337200,0.9,0.9,0.09999999999999998,1,3.1914635392921187,0.007380971942259979,True,0.89,1776347693.694,0.07014389716173912,False,,0.06071089716173911,False,,0.0418868971617391,True,0.08644389716173913,
SOL,2026-04-21,solana-above-80-on-april-21,1776336300,0.85,0.85,0.15000000000000002,1,3.3175383261796507,0.012497972641902331,True,0.84,,0.09961249676094427,False,,0.09961249676094427,False,,0.08062049676094427,False,,0.05223749676094425
SOL,2026-04-04,solana-above-80-on-april-4,1774996200,0.73,0.74,0.05209169215639875,1,5.130652647506378,-0.018313294125972275,True,0.72,,0.3404911509919827,False,,0.3404911509919827,False,,,False,,
SOL,2026-04-05,solana-above-80-on-april-5,1774999800,0.73,0.74,0.16774654914535425,0,4.732884371403753,-0.04144970152724456,True,0.72,,-0.557291355442354,False,,,False,,-0.557291355442354,False,,
SOL,2026-04-06,solana-above-80-on-april-6,1774997100,0.68,0.7,0.13673206760045875,1,4.310475607205815,-0.007032036736895744,True,0.67,,0.31561142282336435,False,,0.3058984228233643,False,,0.2865144228233643,False,,
SOL,2026-04-07,solana-above-80-on-april-7,1774997100,0.67,0.68,0.16114577634366534,0,4.028157867411502,-0.048264749487404814,False,0.66,,-0.5008139696336651,False,,-0.520281969633665,False,,-0.529994969633665,False,,
SOL,2026-04-09,solana-above-80-on-april-9,1775158200,0.43,0.46,0.05549994461620267,1,4.212041124061531,0.06087769027280258,True,0.42,,0.266192665033075,False,,0.2762556650330749,False,,0.316647665033075,False,,0.2762556650330749
SOL,2026-04-09,solana-above-80-on-april-9,1775252700,0.52,0.56,0.0633612963492477,1,6.088450328865048,0.04219727494415792,True,0.51,,0.16583598748903283,False,,0.17575898748903285,False,,,False,,
SOL,2026-02-10,solana-above-80-on-february-10,1770307200,0.657,0.636,0.06045972688834367,1,2.9829169384542995,-0.0031962146179956978,True,0.647,,0.3573287627229546,False,,0.34360904272295456,False,,0.39865256272295463,False,,0.4890346727229546
SOL,2026-02-10,solana-above-80-on-february-10,1770450300,0.712,0.725,0.06037271641275199,1,3.0306009944034527,-0.019258462749721667,True,0.702,1770460735.242,0.3194084663599884,False,,0.3378352363599884,False,,0.33104054635998836,True,0.3563647163599884,
SOL,2026-02-08,solana-above-80-on-february-8,1770306300,0.699,0.67,0.07387881678433683,1,3.24178736956665,0.012097390756820613,True,0.689,1770311976.332,0.27530583143982656,False,,0.2208581514398266,True,0.2717828314398266,,True,0.2717828314398266,
SOL,2026-02-09,solana-above-80-on-february-9,1770317100,0.543,0.612,0.05302970963142595,1,3.4746956784489824,0.058521313210004706,True,0.533,1770322544.676,0.1680343258920373,False,,0.21544296589203735,True,0.2636562458920373,,True,0.2636562458920373,
SOL,2026-03-03,solana-above-80-on-march-3,1772199000,0.67,0.67,0.05293153954730878,1,4.370874116761266,0.026883979017034897,True,0.66,1772200305.275,0.19701651195888914,True,0.22249351195888917,,True,0.22249351195888917,,True,0.22249351195888917,
SOL,2026-05-06,solana-above-80-on-may-6,1777482000,0.7,0.74,0.06381555440297326,1,4.603565466144669,0.06778118295927543,False,0.69,,-0.06550311312575394,False,,-0.055832113125753924,False,,0.0024878868742460036,False,,
SOL,2026-02-28,solana-above-90-on-february-28,1772034300,0.179,0.179,0.060591519521682624,0,4.315072895018283,-0.06043592750791128,True,0.169,,0.07149830267467785,False,,0.07149830267467785,False,,0.07149830267467785,False,,-0.24670756732532212
SOL,2026-03-31,solana-above-90-on-march-31,1774542600,0.35,0.37,0.056059580198960235,0,4.5340162013033565,-0.07685585572387604,True,0.34,1774546723.452,-0.037851304982912726,False,,-0.037851304982912726,True,0.008465695017087271,,True,0.008465695017087271,
SOL,2026-03-05,solana-above-90-on-march-5,1772331300,0.25,0.25,0.10706123709920307,0,4.409720262874332,0.008923083997707868,True,0.24,,-0.3024733043120221,False,,-0.3024733043120221,False,,-0.3024733043120221,False,,-0.3024733043120221
SOL,2026-05-13,solana-above-90-on-may-13,1778262300,0.47,0.47,0.14097521188915474,1,7.539475679350492,-0.008119421388750997,False,0.46,,0.5737791800908864,False,,0.5737791800908864,False,,0.5737791800908864,False,,0.5737791800908864
XRP,2026-02-10,xrp-above-1pt2-on-february-10,1770331500,0.489,0.553,0.05128212565022883,1,2.523076134326051,0.16025664944240747,True,0.479,1770337199.631,0.025356902424805428,False,,0.00949354242480549,True,0.11666027242480548,,True,0.11666027242480548,
XRP,2026-04-12,xrp-above-1pt3-on-april-12,1775614500,0.77,0.77,0.05328342507807304,1,4.270555859032557,-0.03817681860522909,True,0.76,,0.3806392363737842,False,,0.31362823637378423,False,,0.30411123637378423,False,,
XRP,2026-02-11,xrp-above-1pt4-on-february-11,1770466500,0.53,0.56,0.05544295245756925,0,3.594101371202694,-0.049023390431766296,True,0.52,1770470899.321,-0.4010529652281838,False,,,True,-0.3438049652281837,,True,-0.3438049652281837,
XRP,2026-02-12,xrp-above-1pt4-on-february-12,1770466500,0.52,0.58,0.0668602597988548,0,3.2317018856387425,-0.046577223391607254,True,0.51,1770475120.556,-0.4465282993375258,False,,,False,,,True,-0.3594762993375259,
XRP,2026-03-03,xrp-above-1pt4-on-march-3,1772044200,0.65,0.65,0.07306440519111235,0,3.7123003740026586,-0.07473466293367735,True,0.64,,-0.38848748284034695,False,,-0.38848748284034695,False,,-0.4663594828403469,False,,-0.44697548284034694
XRP,2026-03-30,xrp-above-1pt4-on-march-30,1774431000,0.51,0.51,0.07995772529511835,0,4.932285538345685,-0.05338946629779797,False,0.5,,-0.26416090747937676,False,,-0.26416090747937676,False,,-0.26416090747937676,False,,-0.26416090747937676
XRP,2026-05-04,xrp-above-1pt4-on-may-4,1777446000,0.38,0.38,0.08095360818288477,0,6.934601463458575,0.0053012517589666715,True,0.37,,-0.43325406820589263,False,,-0.43325406820589263,False,,-0.43325406820589263,False,,-0.43325406820589263
XRP,2026-01-15,xrp-above-1pt9-on-january-15,1768233600,0.88,0.88,0.05114702079431921,1,2.0667980190916233,-0.00033432836132314475,True,0.87,,0.11329898919490883,False,,0.11329898919490883,False,,,False,,0.11329898919490883
XRP,2026-01-20,xrp-above-2-on-january-20,1768596300,0.69,0.69,0.05736847781553922,0,6.059717113014073,-0.08159688473572957,False,0.68,,-0.2105189611982627,False,,-0.2105189611982627,False,,-0.2105189611982627,False,,
XRP,2026-01-21,xrp-above-2-on-january-21,1768597200,0.69,0.69,0.05191765248236735,0,5.3576926829582785,-0.0976890351274214,False,0.68,,-0.18158517129256013,False,,-0.18158517129256013,False,,-0.18158517129256013,False,,
XRP,2026-01-22,xrp-above-2-on-january-22,1768597200,0.67,0.67,0.053063685929270465,0,4.988659352795972,-0.07856879721910491,False,0.66,,-0.29352403491498213,False,,-0.29352403491498213,False,,-0.29352403491498213,False,,
XRP,2026-01-26,xrp-above-2-on-january-26,1769183100,0.13,,0.10012796197707746,0,4.9692905808488455,0.0055372862583427445,True,0.12,,,False,,,False,,-0.29064138444704635,False,,
XRP,2026-01-27,xrp-above-2-on-january-27,1769183100,0.19,,0.08206979543491316,0,4.723153761670461,0.0017794530262007534,True,0.18,,,False,,,False,,-0.353881630254416,False,,
XRP,2026-01-28,xrp-above-2-on-january-28,1769183100,0.24,,0.06416362810941856,0,4.468558788746012,-0.0006287990146399279,True,0.23,,,False,,,False,,-0.3631151746367759,False,,
XRP,2026-01-08,xrp-above-2-on-january-8,1767499200,0.57,0.57,0.07722568400355212,1,5.371097511928618,0.04023681775004313,True,0.56,,0.19672712829481814,False,,0.19672712829481814,False,,0.19672712829481814,False,,
XRP,2025-11-24,xrp-above-2-on-november-24,1763601300,0.58,,0.15358026451747153,1,3.4421325317590816,0.0007527640910628098,True,0.57,,,False,,,False,,,False,,
XRP,2025-11-25,xrp-above-2-on-november-25,1763670600,0.49,0.49,0.05626376711688785,1,4.0629024616033265,0.08522362262759986,False,0.48,,0.14625173383957163,False,,0.14625173383957163,False,,0.14625173383957163,False,,
XRP,2025-11-23,xrp-above-2pt1-on-november-23,1763601300,0.39,,0.1609218101124782,0,4.64650519132667,-0.03354943413942955,True,0.38,,,False,,,False,,,False,,
XRP,2025-11-25,xrp-above-2pt1-on-november-25,1763675100,0.29,0.29,0.06567241347178066,1,3.874137657839696,0.07790736081662458,False,0.28,,0.3937631596374099,False,,0.3937631596374099,False,,0.3937631596374099,False,,
XRP,2026-01-21,xrp-above-2pt2-on-january-21,1768596300,0.1,0.1,0.05726034318696918,0,3.8905296098457915,-0.09393035683955588,False,0.09,,0.2591388345476733,False,,0.2591388345476733,False,,0.2591388345476733,False,,
XRP,2025-11-20,xrp-above-2pt2-on-november-20,1763140500,0.65,0.65,0.05006536549444707,0,3.379633054942289,-0.1506724650335678,True,0.64,,-0.15670735670291802,False,,-0.15670735670291802,False,,-0.215195356702918,False,,-0.14691035670291808
XRP,2025-11-23,xrp-above-2pt2-on-november-23,1763601300,0.17,,0.15961302324900958,0,4.268317968760344,-0.03354943413942955,True,0.16,,,False,,,False,,,False,,
XRP,2025-11-25,xrp-above-2pt2-on-november-25,1763601300,0.23,,0.12691502375054156,0,3.5353357880100633,0.03246031026322724,False,0.22,,,False,,,False,,,False,,
XRP,2026-01-18,xrp-above-2pt3-on-january-18,1768342500,0.12,0.12,0.056172542224022515,0,3.7175970712940307,-0.05214608978053499,False,0.11,,0.06646615064755246,False,,0.06646615064755246,False,,0.0035261506475524618,False,,-0.017341849352447536
XRP,2025-11-23,xrp-above-2pt3-on-november-23,1763601300,0.05,,0.11096333249423303,0,2.92180081084878,-0.03354943413942955,True,0.04,,,False,,,False,,,False,,
