asset,slug,K,T_pm,ts,sigma,tte_d,S_bin,S_T,delta,ret_T,label,event,is_test,entry,entry_ts,ev_raw,ev_hedged,pnl_static,pnl_daily,pnl_daily_cap2,pnl_move2
XRP,xrp-above-1pt6-on-may-21,1.6,1779379260,1778784300,0.5357050171048995,6.886111111111111,1.5308,1.3639,4.424330106374389,-0.1154422316187177,0,2026-05-21,True,0.15,1778785200.0,-0.1589249999999999,0.3518295408977383,0.3485770003831614,0.19606554964591316,0.19606554964591316,0.15306078167622594
XRP,xrp-above-1pt5-on-may-20,1.5,1779292860,1778784300,0.544134348216069,5.886111111111111,1.5308,1.3755,5.582161622080816,-0.1069731731869179,0,2026-05-20,True,0.46,1778785200.0,-0.477388,0.119753541956218,0.11564805391801744,0.03634479931549283,0.03634479931549283,0.10472540187062435
XRP,xrp-above-1pt5-on-may-18,1.5,1779120060,1778784300,0.5555056839106448,3.886111111111111,1.5308,1.3756,6.599959652765776,-0.106900474993436,0,2026-05-18,True,0.45,1778785200.0,-0.467325,0.2382138218181748,0.2338440634241814,0.0914375107974917,0.0914375107974917,0.14950379345823867
SOL,solana-above-90-on-may-18,90.0,1779120060,1778788800,0.7784277365796073,3.8340277777777776,92.9,84.12,4.69071225350438,-0.0992792949852938,0,2026-05-18,True,0.71,1778789700.0,-0.724413,-0.2587223944932063,-0.2577737846228903,-0.21129750251892992,-0.21129750251892992,-0.21129750251892992
SOL,solana-above-90-on-may-19,90.0,1779206460,1778789700,0.7055683608596693,4.823611111111111,92.66,84.34,4.675161846608077,-0.0940806316700884,0,2026-05-19,True,0.69,1778790600.0,-0.704973,-0.2651308203112147,-0.2641296765752403,-0.2414563832242535,-0.2414563832242535,-0.21792269991997604
BTC,bitcoin-above-80k-on-may-18,80000.0,1779120060,1778839200,0.2978111498174959,3.250694444444445,80489.8,76324.55,13.90489746927453,-0.0531358255584335,0,2026-05-18,True,0.62,1778840100.0,-0.636492,0.1023562063352749,0.09199260236548426,-0.06491488038393607,-0.06491488038393607,-0.0685670101799144
BTC,bitcoin-above-80k-on-may-19,80000.0,1779206460,1778839200,0.3130432093151654,4.250694444444444,80489.8,76528.0,11.651900248008165,-0.0504737813838962,0,2026-05-19,True,0.6,1778840100.0,-0.6168,-0.0286845341750691,-0.03736949722207583,-0.11183952307207509,-0.11183952307207509,-0.10926340841129502
BTC,bitcoin-above-82k-on-may-18,82000.0,1779120060,1778842800,0.2782065350882927,3.2090277777777776,80716.23,76324.55,12.635209271424351,-0.0559450275331758,0,2026-05-18,True,0.27,1778843700.0,-0.283797,0.423080130577274,0.41366285114361984,0.16549434509830238,0.16549434509830238,0.1218254627531186
BTC,bitcoin-above-78k-on-may-20,78000.0,1779292860,1778857200,0.3594112775485136,5.042361111111111,79150.37,77481.22,8.956691131980397,-0.0213138765706504,0,2026-05-20,True,0.67,1778858100.0,-0.685477,-0.4945751907315305,-0.5009433831588578,-0.48103265863645167,-0.48103265863645167,-0.5084452855806585
BTC,bitcoin-above-78k-on-may-19,78000.0,1779206460,1778930100,0.3722777590948982,3.198611111111111,78084.01,76528.0,11.446410654226524,-0.0201286114301076,0,2026-05-19,True,0.53,1778931000.0,-0.5474370000000001,-0.3170366476716303,-0.32556193100765574,-0.290436873995274,-0.290436873995274,-0.32652714507984226
ETH,ethereum-above-1700-on-may-26-2026,1700.0,1779811260,1779220800,0.6311708330543877,6.834027777777778,2113.15,2087.37,0.2155564658829317,-0.0122748248747387,1,2026-05-26,True,0.82,1779221700.0,0.169668,0.1723139178693306,0.17220422569317811,0.1664697016237741,0.1664697016237741,0.16775555297727493
BTC,bitcoin-above-80k-on-may-24-2026,80000.0,1779638460,1779334200,0.2864941492602172,3.5215277777777776,78034.9,76388.0,9.473734008388528,-0.0213305467442674,0,2026-05-24,True,0.17,1779335100.0,-0.179877,0.022202926108688,0.016041646777039863,0.051239928628746594,0.051239928628746594,0.041982481314468724
BTC,bitcoin-above-78k-on-may-25-2026,78000.0,1779724860,1779359400,0.3006557128772649,4.229861111111111,77383.3,77614.07,11.911930543005722,0.0029777301449361,0,2026-05-25,True,0.42,1779360300.0,-0.437052,-0.4725225146622941,-0.48049495796013103,-0.11070054634028545,-0.08280133937047165,-0.4393546220910455
BTC,bitcoin-above-78k-on-may-24-2026,78000.0,1779638460,1779362100,0.3002951104463041,3.198611111111111,77310.69,76388.0,13.44020582177964,-0.0120066226261005,0,2026-05-24,True,0.38,1779363000.0,-0.396492,-0.2351205206807727,-0.24423039629007096,0.5258893684861806,0.5258893684861806,0.059340963215145606
BTC,bitcoin-above-78k-on-may-28-2026,78000.0,1779984060,1779384600,0.3221666698871583,6.938194444444445,77980.54,72890.01,8.978101628577633,-0.0675077157958581,0,2026-05-28,True,0.43,1779385500.0,-0.4471569999999999,0.1589341331283497,0.15378870544484924,0.1342162344889666,0.1342162344889666,0.07416852023821278
BTC,bitcoin-above-78k-on-may-26-2026,78000.0,1779811260,1779462000,0.2523056897833247,4.042361111111111,76774.23,76478.64,12.475440646776866,-0.0038575508119189,0,2026-05-26,True,0.3,1779462900.0,-0.3147,-0.2665753538039794,-0.27552017972055104,-0.122082579240534,-0.14740795376396693,-0.040508882628908255
ETH,ethereum-above-2100-on-may-26-2026,2100.0,1779811260,1779475500,0.3126075438227028,3.886111111111111,2108.05,2087.37,12.303216606977564,-0.009858449208331,0,2026-05-26,True,0.52,1779476400.0,-0.5374720000000001,-0.4161813639810162,-0.42454844510569395,-0.3067287123648493,-0.3067287123648493,-0.2836251073590262
BTC,bitcoin-above-76k-on-may-28-2026,76000.0,1779984060,1779475500,0.3029388422765767,5.886111111111111,76589.0,72890.01,10.200898408528255,-0.0495018707143265,0,2026-05-28,True,0.61,1779476400.0,-0.626653,-0.1216894458110552,-0.1276594674278358,0.1566761390297817,0.1566761390297817,0.0057916326372012585
BTC,bitcoin-above-76k-on-may-26-2026,76000.0,1779811260,1779475500,0.2534664160904364,3.886111111111111,76589.0,76478.64,14.65874988948384,-0.0014419771432108,1,2026-05-26,True,0.63,1779476400.0,0.3536829999999999,0.3748205822886802,0.3642855388217564,0.2868615974344105,0.2868615974344105,0.45904138217479534
BTC,bitcoin-above-74k-on-may-26-2026,74000.0,1779811260,1779478200,0.2920744320522634,3.854861111111111,76259.51,76478.64,8.165978407921882,0.002869357136318,1,2026-05-26,True,0.81,1779479100.0,0.1792269999999999,0.15579589158021,0.1499191134618655,0.05557225202725507,0.05557225202725507,0.009550758454628612
BTC,bitcoin-above-76k-on-may-27-2026,76000.0,1779897660,1779478200,0.2884491675012141,4.854861111111111,76259.51,75358.0,11.948102762008654,-0.011892038384137,0,2026-05-27,True,0.48,1779479100.0,-0.4974719999999999,-0.3553847033365788,-0.36360725585096737,-0.261716549144071,-0.27846103440341546,-0.3318867109587862
BTC,bitcoin-above-74k-on-may-27-2026,74000.0,1779897660,1779478200,0.3153809216176299,4.854861111111111,76259.51,75358.0,7.908815398213492,-0.011892038384137,1,2026-05-27,True,0.77,1779479100.0,0.217603,0.3116549362886092,0.3062121767782715,0.20932949745444662,0.20932949745444662,0.2079135640542017
BTC,bitcoin-above-78k-on-may-28-2026,78000.0,1779984060,1779675300,0.3246652771733499,3.573611111111111,77403.24,72890.01,12.020765132644144,-0.0600770475975303,0,2026-05-28,True,0.36,1779676200.0,-0.3761279999999999,0.3460440790325949,0.3392713671198627,0.022779411672510554,0.022779411672510554,0.03650652659943194
BTC,bitcoin-above-76k-on-june-1-2026,76000.0,1780329660,1779894000,0.3272299499474425,5.042361111111111,75031.92,71161.39,9.747597571888813,-0.052963226941704,0,2026-06-01,True,0.39,1779894900.0,-0.406653,0.1096112223363506,0.10624923354301716,-0.05948263721352369,-0.05948263721352369,-0.049989839085116866
BTC,bitcoin-above-76k-on-may-31-2026,76000.0,1780243260,1779897600,0.3199746698328994,4.000694444444445,75326.01,73644.92,11.442576138181158,-0.0225703278407971,0,2026-05-31,True,0.4,1779898500.0,-0.4168,-0.158537305217969,-0.16265697831052492,-0.1214905714409637,-0.1214905714409637,-0.1686193134006946
BTC,bitcoin-above-76k-on-june-2-2026,76000.0,1780416060,1779900300,0.3265538705024533,5.969444444444445,75151.26,67298.23,9.160048872142324,-0.110368946369255,0,2026-06-02,True,0.43,1779901200.0,-0.4471569999999999,0.563827942709231,0.5604762752125868,-0.043113842891192626,-0.043113842891192626,-0.08446830197384589
BTC,bitcoin-above-74k-on-may-31-2026,74000.0,1780243260,1779905700,0.3291438733416791,3.906944444444445,74738.01,73644.92,11.282438879655226,-0.0147336324187647,0,2026-05-31,True,0.66,1779906600.0,-0.675708,-0.5094766927599795,-0.5135903095966458,-0.4272625511576107,-0.47500707687238775,-0.5175427716296156
BTC,bitcoin-above-74k-on-june-1-2026,74000.0,1780329660,1779907500,0.3364018766895612,4.886111111111111,74985.79,71161.39,9.73655225151397,-0.0523482328659521,0,2026-06-01,True,0.67,1779908400.0,-0.685477,-0.1757856954262358,-0.17929201909276726,0.3251618767588569,0.17432902127534072,-0.2510577264165325
BTC,bitcoin-above-74k-on-june-2-2026,74000.0,1780416060,1779957000,0.3385069620038272,5.313194444444444,73263.27,67298.23,9.430062446178262,-0.0849254557429289,0,2026-06-02,True,0.39,1779957900.0,-0.406653,0.3941993509259682,0.3899594094840614,0.2631724618433591,0.2631724618433591,-0.0769893851901233
BTC,bitcoin-above-72k-on-june-1-2026,72000.0,1780329660,1779959700,0.3364025238425097,4.281944444444445,73311.19,71161.39,9.771267346012088,-0.0297628614887293,0,2026-06-01,True,0.728,1779960600.0,-0.7418611199999999,-0.4510402434112985,-0.4553275022166548,-0.30180975204858423,-0.30180975204858423,-0.07493171397711165
BTC,bitcoin-above-72k-on-june-2-2026,72000.0,1780416060,1779961500,0.3483800685449222,5.261111111111111,73491.3,67298.23,8.543829420043489,-0.0880330957096463,0,2026-06-02,True,0.69,1779962400.0,-0.704973,0.0471667530615803,0.04332393542286028,0.10092754098379715,0.10092754098379715,0.03540676953865537
ETH,ethereum-above-2100-on-june-2-2026,2100.0,1780416060,1780073100,0.3947039826242356,3.969444444444445,2042.21,1912.25,7.593961268861057,-0.0657519955875243,0,2026-06-02,True,0.23,1780074000.0,-0.242397,0.2569211078419833,0.25551800595871155,-0.03044664540769541,-0.03044664540769541,0.006856335248755924
BTC,bitcoin-above-74k-on-june-2-2026,74000.0,1780416060,1780081200,0.2936990377847179,3.875694444444445,73374.52,67298.23,12.618397905572715,-0.0864428002329756,0,2026-06-02,True,0.41,1780082100.0,-0.426933,0.6638366494116203,0.6557766458431773,0.2503530915518434,0.2503530915518434,-0.02985643763062016
BTC,bitcoin-above-74k-on-june-3-2026,74000.0,1780502460,1780178400,0.300710310667007,3.750694444444445,73981.99,66104.0,13.08383899560885,-0.1125924258055844,0,2026-06-03,True,0.49,1780179300.0,-0.507493,0.9656481713653025,0.9563263230949397,0.25738792300505886,0.25738792300505886,0.0953411879638385
BTC,bitcoin-above-76k-on-june-3-2026,76000.0,1780502460,1780189200,0.3012437956571189,3.625694444444444,74038.2,66104.0,8.973489091378257,-0.1133519168277476,0,2026-06-03,True,0.2,1780190100.0,-0.2112,0.8059621891406088,0.799568382014683,0.17294163923942624,0.17294163923942624,0.05223530625491201
BTC,bitcoin-above-74k-on-june-4-2026-965,74000.0,1780588860,1780231500,0.3238693795499898,4.136111111111111,73974.89,63876.0,11.567279947248949,-0.1467820073176995,0,2026-06-04,True,0.5,1780232400.0,-0.5175,1.1803685698629738,1.1681191806703688,0.18535228933620695,0.18535228933620695,0.09135740028965875
BTC,bitcoin-above-76k-on-june-4-2026-893,76000.0,1780588860,1780231500,0.3045088554543372,4.136111111111111,73974.89,63876.0,8.580230592841227,-0.1467820073176995,0,2026-06-04,True,0.2,1780232400.0,-0.2112,1.04822346966597,1.03913727270581,0.1578508233262308,0.1578508233262308,0.10087962687474729
BTC,bitcoin-above-68k-on-june-9-2026,68000.0,1781020860,1780430400,0.4365608502092638,6.834027777777778,67315.14,61201.47,6.547058476236782,-0.0952139653655739,0,2026-06-09,True,0.42,1780431300.0,-0.437052,0.1863193990027966,0.17840256072985453,0.03851844599453795,0.03851844599453795,0.10232889060604194
BTC,bitcoin-above-66k-on-june-9-2026-493,66000.0,1781020860,1780434000,0.4669750141410536,6.792361111111111,67587.77,61201.47,5.908187412623409,-0.0992558406840142,0,2026-06-09,True,0.65,1780434900.0,-0.665925,-0.0795028914413523,-0.08664674565401971,-0.08419518752209854,-0.08419518752209854,-0.06487779926248909
BTC,bitcoin-above-70k-on-june-9-2026,70000.0,1781020860,1780434000,0.4254445336743298,6.792361111111111,67587.77,61201.47,5.625027957705889,-0.0992558406840142,0,2026-06-09,True,0.23,1780434900.0,-0.242397,0.3159198788131819,0.3091184053890028,0.06507181246911731,0.06507181246911731,0.09332448062769352
BTC,bitcoin-above-68k-on-june-6-2026-331-336-128,68000.0,1780761660,1780435800,0.4770414875756184,3.771527777777778,67887.99,60787.86,8.213061666499144,-0.1104690431759494,0,2026-06-06,True,0.479,1780436700.0,-0.49646913,0.410819933843229,0.40085262843662506,0.0300236081280465,0.0300236081280465,0.023222892015245973
BTC,bitcoin-above-70k-on-june-6-2026-134-422,70000.0,1780761660,1780437600,0.449889194447126,3.750694444444445,67566.01,60787.86,6.358177765900709,-0.1057149479637949,0,2026-06-06,True,0.19,1780438500.0,-0.200773,0.4713814316667511,0.46366522196963766,0.08003133321347335,0.08003133321347335,0.09504071283796153
BTC,bitcoin-above-68k-on-june-7-2026-634,68000.0,1780848060,1780439400,0.4572145027346549,4.729861111111111,67294.0,62078.25,7.470809487631132,-0.0806753935856065,0,2026-06-07,True,0.415,1780440300.0,-0.4319942499999999,0.1707162458177251,0.16166130449607188,0.011054191452932466,0.011054191452932466,0.11737622376553662
BTC,bitcoin-above-66k-on-june-6-2026-133-165-898-474,66000.0,1780761660,1780439400,0.5082556002904101,3.729861111111111,67294.0,60787.86,7.297754515428718,-0.1016809816476794,0,2026-06-06,True,0.617,1780440300.0,-0.63354177,0.1085010729525772,0.09966164388387239,0.011308347744351221,0.011308347744351221,0.1287930201088879
BTC,bitcoin-above-66k-on-june-7-2026-855,66000.0,1780848060,1780440300,0.4872386463674553,4.719444444444444,66956.01,62078.25,7.009629918515851,-0.0756401505475313,0,2026-06-07,True,0.543,1780441200.0,-0.56037057,-0.0301611076809812,-0.038648896019784815,0.04168929355447325,0.04168929355447325,0.12214987952150037
ETH,ethereum-above-1900-on-june-7-2026,1900.0,1780848060,1780485300,0.5130904695439547,4.198611111111111,1888.0,1628.3,7.176142750676591,-0.1479815419352715,0,2026-06-07,True,0.45,1780486200.0,-0.467325,0.5946116693927426,0.5898027036457202,0.24498411151951732,0.24498411151951732,0.16234410237027846
BTC,bitcoin-above-70k-on-june-7-2026-544,70000.0,1780848060,1780492500,0.4171475008626216,4.115277777777778,67122.01,62078.25,5.62679037390505,-0.078116322030643,0,2026-06-07,True,0.15,1780493400.0,-0.1589249999999999,0.2806191688468892,0.2739086916429795,0.16147927379000054,0.16147927379000054,0.11626434267590104
BTC,bitcoin-above-68k-on-june-8-2026-717,68000.0,1780934460,1780498800,0.4229089835858191,5.042361111111111,66864.95,63700.01,7.512793196576902,-0.0484901939851352,0,2026-06-08,True,0.34,1780499700.0,-0.355708,0.0085887994722186,-0.00040203583720072305,0.13319106806466463,0.13319106806466463,0.10319321327194078
SOL,solana-above-30-on-june-7-2026,30.0,1780848060,1780500600,0.7349870513901691,4.021527777777778,74.22,64.93,9.414432959340053e-30,-0.133723889112056,1,2026-06-07,True,0.7,1780501500.0,0.2853,0.2853,0.2853,0.2853,0.2853,0.2852999999998823
BTC,bitcoin-above-62k-on-june-9-2026,62000.0,1781020860,1780533900,0.5368369418015202,5.636111111111111,63595.33,61201.47,5.629947819712917,-0.0383688311395195,0,2026-06-09,True,0.643,1780534800.0,-0.65906857,-0.4430540527811286,-0.44914749448824237,-0.20433173123177661,-0.33487135167892784,0.22246720848811768
ETH,ethereum-above-1700-on-june-7-2026,1700.0,1780848060,1780538400,0.7167993855060687,3.584027777777778,1759.77,1628.3,5.073531765487829,-0.0776465929042283,0,2026-06-07,True,0.676,1780539300.0,-0.69133168,-0.2973892244184956,-0.3012359131656332,-0.050227875938192716,-0.050227875938192716,0.040340032259811476
BTC,bitcoin-above-60k-on-june-10-2026,60000.0,1781107260,1780539300,0.6178138350850509,6.573611111111111,62402.13,62574.0,4.38300340120496,0.002750446958937,1,2026-06-10,True,0.75,1780540200.0,0.236875,0.2248197816241449,0.22070434823616203,0.10337364798598682,0.11120940000289495,0.04070591721824127
BTC,bitcoin-above-58k-on-june-10-2026,58000.0,1781107260,1780539300,0.6893300791585512,6.573611111111111,62402.13,62574.0,3.268514397839568,0.002750446958937,1,2026-06-10,True,0.849,1780540200.0,0.14202607,0.1330361945142201,0.1299672137148272,0.08187708695216574,0.08187708695216574,-0.004741649300392311
BTC,bitcoin-above-62k-on-june-10-2026,62000.0,1781107260,1780539300,0.5652386078805649,6.573611111111111,62402.13,62574.0,5.253356190951688,0.002750446958937,1,2026-06-10,True,0.6,1780540200.0,0.3832,0.3687509224403837,0.36381826884918045,0.22948018837978396,0.37073619908589583,0.30159334497821244
BTC,bitcoin-above-58k-on-june-9-2026,58000.0,1781020860,1780539300,0.7116644130341755,5.573611111111111,62402.13,61201.47,3.3259171199694384,-0.0194282005705363,1,2026-06-09,True,0.862,1780540200.0,0.12967308,0.1942896648877469,0.19112593392658483,0.05095444579929853,0.05095444579929853,0.020714929230686633
BTC,bitcoin-above-60k-on-june-9-2026,60000.0,1781020860,1780539300,0.6340301622088406,5.573611111111111,62402.13,61201.47,4.576768580292655,-0.0194282005705363,1,2026-06-09,True,0.742,1780540200.0,0.24459948,0.3335178579428547,0.32916427246936003,0.22722759061281292,0.22722759061281292,0.16411701119032995
BTC,bitcoin-above-62k-on-june-8-2026-644,62000.0,1780934460,1780541100,0.6393074098048224,4.552777777777778,63410.0,63700.01,5.373731930792475,0.0045631418520364,1,2026-06-08,True,0.644,1780542000.0,0.33995152,0.3154304189249761,0.31036005450297965,0.18453967031347762,0.1935614539085806,0.2920377963165866
ETH,ethereum-above-1900-on-june-10-2026,1900.0,1781107260,1780570800,0.632891198698375,6.209027777777778,1736.86,1656.82,2.555661208279329,-0.0471787827878278,0,2026-06-10,True,0.15,1780571700.0,-0.1589249999999999,-0.0383520149753118,-0.041168414367447045,0.014456801111488704,0.014456801111488704,0.04018361411617657
BTC,bitcoin-above-64k-on-june-11-2026,64000.0,1781193660,1780597800,0.4798289866437683,6.896527777777778,63896.27,62795.24,6.038582998821575,-0.0173817127996533,0,2026-06-11,True,0.44,1780598700.0,-0.457248,-0.3522870845976139,-0.35739866794434816,-0.21218361698742091,-0.21218361698742091,-0.2232350075506086
BTC,bitcoin-above-64k-on-june-8-2026-139,64000.0,1780934460,1780601400,0.4648678408474903,3.854861111111111,64128.0,63700.01,8.349352063922993,-0.0066963664583683,0,2026-06-08,True,0.503,1780602300.0,-0.52049937,-0.4645890488900379,-0.4718947084539163,-0.25394000988262144,-0.25394000988262144,-0.3334017470500973
BTC,bitcoin-above-62k-on-june-9-2026,62000.0,1781020860,1780626600,0.4698534515725771,4.563194444444444,62705.48,61201.47,7.459239338869662,-0.0242776353010116,0,2026-06-09,True,0.609,1780627500.0,-0.62566833,-0.4445756377079635,-0.4510304469475064,-0.22193205014210843,-0.2721768484089777,0.22492214635358826
BTC,bitcoin-above-64k-on-june-9-2026-453-432,64000.0,1781020860,1780633800,0.4593643880819966,4.479861111111111,63240.32,61201.47,7.578414005850244,-0.0327708635793632,0,2026-06-09,True,0.41,1780634700.0,-0.426933,-0.1785818284663459,-0.1851084207642358,0.08380653548087207,0.08380653548087207,-0.11829670303243828
BTC,bitcoin-above-64k-on-june-10-2026,64000.0,1781107260,1780633800,0.4636236242920571,5.479861111111111,63240.32,62574.0,6.825640011435551,-0.0105922160498898,0,2026-06-10,True,0.42,1780634700.0,-0.437052,-0.3647533463201021,-0.3705478052228371,-0.09220947517182213,-0.09220947517182213,-0.08506251213278912
ETH,ethereum-above-1600-on-june-8-2026,1600.0,1780934460,1780641900,0.73945906710265,3.386111111111111,1664.95,1688.75,4.885146751368914,0.0141935173408047,1,2026-06-08,True,0.743,1780642800.0,0.24363343,0.1742960148720692,0.16940328049869105,0.04806906554076547,0.04806906554076547,-0.12807182434554074
XRP,xrp-above-1pt1-on-june-10-2026,1.1,1781107260,1780644600,0.6518223889872018,5.354861111111111,1.1229,1.1274,4.930592786985844,0.0039994720689815,1,2026-06-10,True,0.57,1780645500.0,0.412843,0.3931232318649284,0.3966735678020903,0.36380979938843366,0.36380979938843366,0.41794374961919384
SOL,solana-above-60-on-june-10-2026,60.0,1781107260,1780650900,0.8519379131759711,5.281944444444444,66.32,65.35,2.535559820373138,-0.0147340707568085,1,2026-06-10,True,0.806,1780651800.0,0.1830545199999999,0.2204136378014984,0.21817663173249158,0.22558312370895947,0.22558312370895947,-0.003089369885578226
BTC,bitcoin-above-60k-on-june-9-2026,60000.0,1781020860,1780650900,0.5929864477168791,4.281944444444445,63099.64,61201.47,4.681093504936586,-0.0305438554634411,1,2026-06-09,True,0.787,1780651800.0,0.2012658299999999,0.3442444734256362,0.3405582718959245,0.16325714010300593,0.16325714010300593,0.12920591351287525
BTC,bitcoin-above-62k-on-june-8-2026-644,62000.0,1780934460,1780655400,0.50988048816338,3.229861111111111,62586.01,63700.01,8.195220788181889,0.0176429488619578,1,2026-06-08,True,0.593,1780656300.0,0.39010543,0.2455175687216528,0.23906318715413466,0.18641309643869688,0.18641309643869688,0.28157939411861327
BTC,bitcoin-above-62k-on-june-10-2026,62000.0,1781107260,1780655400,0.5114973468642655,5.229861111111111,62586.01,62574.0,6.466673996034046,-0.000191914334888,1,2026-06-10,True,0.6,1780656300.0,0.3832,0.3844410474388865,0.37948967624915836,0.26407948011380916,0.41352078834673706,0.34183012204512525
BTC,bitcoin-above-60k-on-june-10-2026,60000.0,1781107260,1780666200,0.5717179027125215,5.104861111111111,62116.0,62574.0,5.261390697041248,0.0073462516601881,1,2026-06-10,True,0.7,1780667100.0,0.2853,0.246648499856962,0.24266286440470708,0.24590320572745197,0.24590320572745197,0.10127676276470408
BTC,bitcoin-above-58k-on-june-9-2026,58000.0,1781020860,1780668000,0.6103287180131877,4.084027777777778,60732.36,61201.47,4.90134091375691,0.0076945391530086,1,2026-06-09,True,0.785,1780668900.0,0.2031857499999999,0.1654721904368544,0.1617333873799734,0.018691053278656417,0.018691053278656417,0.03651476845582852
BTC,bitcoin-above-60k-on-june-11-2026,60000.0,1781193660,1780668900,0.5666804116120943,6.073611111111111,60865.45,62795.24,5.388650794745928,0.0312135841772563,1,2026-06-11,True,0.54,1780669800.0,0.4426119999999999,0.2744128948163584,0.27043011750553764,0.20326712856043921,0.20326712856043921,0.1868250746112541
ETH,ethereum-above-1600-on-june-10-2026,1600.0,1781107260,1780669800,0.7256533235916947,5.063194444444445,1603.42,1656.82,4.667094463495414,0.0327612544466927,1,2026-06-10,True,0.575,1780670700.0,0.40789375,0.254993880754676,0.24964276728925458,0.25195696937886425,0.25195696937886425,0.08651620075905639
ETH,ethereum-above-1600-on-june-9-2026,1600.0,1781020860,1780669800,0.7232415566091482,4.063194444444444,1603.42,1638.95,5.227774576594155,0.021916944847271,1,2026-06-09,True,0.49,1780670700.0,0.492507,0.3779301529308201,0.3719472465518144,0.345424232790187,0.345424232790187,0.2693159129188275
ETH,ethereum-above-1500-on-june-10-2026,1500.0,1781107260,1780669800,0.8314379388128134,5.063194444444445,1603.42,1656.82,3.336631003547376,0.0327612544466927,1,2026-06-10,True,0.821,1780670700.0,0.16871287,0.0594006526980608,0.0555749981646292,0.018578771578434995,0.018578771578434995,-0.08040369019172879
BTC,bitcoin-above-58k-on-june-10-2026,58000.0,1781107260,1780669800,0.6208812794221187,5.063194444444445,60394.6,62574.0,4.773824546371517,0.0354501593966449,1,2026-06-10,True,0.786,1780670700.0,0.2022257199999999,0.0329928788995135,0.02945598725548644,0.018829543037673074,0.018829543037673074,-0.07984629610709465
BTC,bitcoin-above-56k-on-june-10-2026,56000.0,1781107260,1780685100,0.6976841037670943,4.886111111111111,59952.0,62574.0,3.576043453596988,0.0428056143157992,1,2026-06-10,True,0.813,1780686000.0,0.17635783,0.0232830931487885,0.0208067286283681,0.016213044925575626,0.016213044925575626,-0.017428982029049828
BTC,bitcoin-above-60k-on-june-9-2026,60000.0,1781020860,1780741800,0.6047468954874042,3.229861111111111,60527.28,61201.47,6.957903271451702,0.0110770363389076,1,2026-06-09,True,0.56,1780742700.0,0.4227519999999999,0.3456790526195252,0.3408375437758492,0.1726246027364247,0.1726246027364247,0.18933259714287912
BTC,bitcoin-above-66k-on-june-11-2026,66000.0,1781193660,1780820100,0.7392970198756179,4.323611111111111,62383.58,62795.24,3.768909751304733,0.006577174701067,0,2026-06-11,True,0.18,1780821000.0,-0.190332,-0.2151207778668865,-0.21766811419079446,-0.1475785099856917,-0.1475785099856917,-0.14268231105133602
BTC,bitcoin-above-68k-on-june-11-2026,68000.0,1781193660,1780820100,0.7392980583911851,4.323611111111111,62383.58,62795.24,2.6729719930261435,0.006577174701067,0,2026-06-11,True,0.076,1780821000.0,-0.08091568,-0.0984962837691924,-0.10030289605229814,-0.08311586286908852,-0.08311586286908852,-0.05869302088400732
BTC,bitcoin-above-58k-on-june-16-2026,58000.0,1781625660,1781072100,0.5494586135048225,6.406944444444444,61393.44,65912.0,4.153159325538612,0.0710175299589127,1,2026-06-16,True,0.83,1781073000.0,0.160123,-0.1348241168255761,-0.1375067370973855,0.019600397597752787,0.019600397597752787,-0.04243207561900818
BTC,bitcoin-above-64k-on-june-14-2026,64000.0,1781452860,1781099100,0.4706781673455188,4.094444444444444,62380.01,64058.03,6.919861280932926,0.0265445198011047,1,2026-06-14,True,0.25,1781100000.0,0.736875,0.5531906052073781,0.54865918413694,0.49465228129340233,0.4351728091746823,0.5116537764366539
BTC,bitcoin-above-64k-on-june-13-2026,64000.0,1781366460,1781099100,0.5026974398265521,3.094444444444445,62380.01,64256.01,7.297120806204494,0.0296303887692518,1,2026-06-13,True,0.23,1781100000.0,0.757603,0.5413864736159645,0.5366071142978853,0.1862575227259965,0.3930631574594147,0.4719255937469218
BTC,bitcoin-above-60k-on-june-17-2026,60000.0,1781712060,1781130600,0.4784545583549119,6.729861111111111,61253.99,65804.8,5.894728834523854,0.0716637938386636,1,2026-06-17,True,0.58,1781131500.0,0.402948,-0.0194906319321437,-0.023174982921046937,0.07541763902643796,0.07541763902643796,0.06416942906039567
BTC,bitcoin-above-64k-on-june-15-2026,64000.0,1781539260,1781154000,0.428598748686723,4.459027777777777,62726.86,67178.0,7.617869529681572,0.0685560679147366,1,2026-06-15,True,0.32,1781154900.0,0.6647679999999999,0.1425168191575467,0.13747700603187923,-0.16135773168218176,-0.08963347948057356,-0.04573925332811483
BTC,bitcoin-above-58k-on-june-18-2026,58000.0,1781798460,1781195400,0.51383247916016,6.979861111111111,62639.78,62544.81,3.243625062151175,-0.0015172796942419,1,2026-06-18,True,0.93,1781196300.0,0.0654429999999999,0.0703644864425361,0.068342567547464,-0.07465165311876835,-0.07465165311876835,-0.05727852194828176
BTC,bitcoin-above-60k-on-june-18-2026,60000.0,1781798460,1781195400,0.4755978671803383,6.979861111111111,62639.78,62544.81,4.999684953075107,-0.0015172796942419,1,2026-06-18,True,0.8,1781196300.0,0.1887999999999999,0.1963859204569077,0.19326935880679955,-0.05893969738709486,-0.05893969738709486,-0.012812708597929923
BTC,bitcoin-above-62k-on-june-18-2026,62000.0,1781798460,1781199900,0.4437686148924551,6.927777777777777,63331.99,62544.81,6.205358368429088,-0.0125073128917985,1,2026-06-18,True,0.71,1781200800.0,0.275587,0.3531993587196831,0.3493007197131062,0.013693074044598692,0.013693074044598692,0.19362205935366456
BTC,bitcoin-above-64k-on-june-17-2026,64000.0,1781712060,1781350200,0.3401872502024655,4.188194444444444,63952.18,65804.8,10.939545677577328,0.0285571674229741,1,2026-06-17,True,0.49,1781351100.0,0.492507,0.1801045625541515,0.1728456547023456,-0.1913951193195725,-0.1887749356216063,-0.022289964719871005
BTC,bitcoin-above-66k-on-june-20-2026,66000.0,1781971260,1781643600,0.3456056758016176,3.792361111111112,65854.0,64016.99,11.2879323084786,-0.0282916535807766,0,2026-06-20,True,0.5,1781644500.0,-0.5175,-0.1981457294852673,-0.20607959655817548,-0.08869518178652736,-0.08869518178652736,-0.095335921858101
BTC,bitcoin-above-68k-on-june-21-2026,68000.0,1782057660,1781643600,0.3266822713150699,4.792361111111111,65854.0,64198.02,7.265363187948697,-0.0254678013610318,0,2026-06-21,True,0.2,1781644500.0,-0.2112,-0.0261671735135693,-0.031166432477269322,0.008356792653076376,0.008356792653076376,0.01835038896664732
BTC,bitcoin-above-66k-on-june-21-2026,66000.0,1782057660,1781643600,0.3486405920744641,4.792361111111111,65854.0,64198.02,9.95792736360901,-0.0254678013610318,0,2026-06-21,True,0.49,1781644500.0,-0.507493,-0.253886483936022,-0.26073848243142705,-0.13364196045293883,-0.13364196045293883,-0.13256082061424967
BTC,bitcoin-above-66k-on-june-22-2026,66000.0,1782144060,1781643600,0.3503114011663819,5.792361111111111,65854.0,64774.51,9.016561693540677,-0.0165280086871476,0,2026-06-22,True,0.5,1781644500.0,-0.5175,-0.3684741900009568,-0.3746308020674688,-0.24861386728792698,-0.24861386728792698,0.08308431798277197
BTC,bitcoin-above-68k-on-june-22-2026,68000.0,1782144060,1781644500,0.3334852590869077,5.781944444444444,65918.0,64774.51,7.11060493629859,-0.0174993835624227,0,2026-06-22,True,0.21,1781645400.0,-0.221613,-0.0971817968588545,-0.10203716549201819,0.01966325582220012,0.01966325582220012,0.114024123430949
ETH,ethereum-above-1900-on-june-20-2026,1900.0,1781971260,1781655300,0.6547661169203348,3.656944444444444,1794.08,1736.83,4.030710314156546,-0.0324307431516518,0,2026-06-20,True,0.113,1781656200.0,-0.12001617,0.010702760917125,0.007951023609373015,0.01388882402939497,0.01388882402939497,0.05755706338097061
ETH,ethereum-above-1800-on-june-21-2026,1800.0,1782057660,1781713800,0.4704884003402658,3.979861111111111,1784.74,1728.87,7.962921290512235,-0.0318047304546305,0,2026-06-21,True,0.4,1781714700.0,-0.4168,-0.1635414347238196,-0.1690589559090001,-0.05226329355258537,-0.05226329355258537,-0.14630635031997838
BTC,bitcoin-above-64k-on-june-23-2026,64000.0,1782230460,1781719200,0.3751055076605606,5.917361111111111,66104.08,62516.0,6.74733324813259,-0.0558079456324117,0,2026-06-23,True,0.73,1781720100.0,-0.7437969999999999,-0.3672421929244525,-0.37195095893999025,-0.12816273556979446,-0.28054915778167555,-0.06664476823121757
BTC,bitcoin-above-66k-on-june-23-2026,66000.0,1782230460,1781719200,0.3519863244243372,5.917361111111111,66104.08,62516.0,8.900847657982712,-0.0558079456324117,0,2026-06-23,True,0.45,1781720100.0,-0.467325,0.0294130221790782,0.023201381606413912,0.1627972220957595,0.1627972220957595,0.17037010886703824
BTC,bitcoin-above-64k-on-june-22-2026,64000.0,1782144060,1781719200,0.3713929636014934,4.917361111111111,66104.08,64774.51,7.095913183355608,-0.0203183078396517,1,2026-06-22,True,0.73,1781720100.0,0.256203,0.4003799484628626,0.3954571655412112,0.12512850905159859,0.2158498057697933,0.0844872635483385
BTC,bitcoin-above-62k-on-june-22-2026,62000.0,1782144060,1781799300,0.406229776423554,3.9902777777777776,62639.99,64774.51,9.166872715181617,0.0335082697325733,1,2026-06-22,True,0.62,1781800200.0,0.363508,0.0563419564555273,0.049912105867630806,0.08124846548755907,0.08124846548755907,-0.00966530258403708
BTC,bitcoin-above-60k-on-june-25-2026,60000.0,1782403260,1781802000,0.4682401109207324,6.959027777777777,62688.0,59622.0,5.009909280907277,-0.0501454082848489,0,2026-06-25,True,0.74,1781802900.0,-0.753468,-0.5022440536388505,-0.5060767739772857,-0.5212878613390259,-0.5343269531275703,-0.2609719439875141
BTC,bitcoin-above-62k-on-june-25-2026,62000.0,1782403260,1781807400,0.4393466159961373,6.896527777777778,62847.62,59622.0,6.481965253920426,-0.052688432902428,0,2026-06-25,True,0.57,1781808300.0,-0.5871569999999999,-0.2456324086429433,-0.25059129285995024,-0.028120165052414634,-0.028120165052414634,0.37598786213544333
BTC,bitcoin-above-68k-on-june-22-2026,68000.0,1782144060,1781813700,0.543810339930559,3.823611111111111,63172.0,64774.51,2.8776444456297,0.025050996764899,0,2026-06-22,True,0.036,1781814600.0,-0.0384292799999999,-0.1105171416979992,-0.11253558619977974,-0.03887554412309028,-0.03887554412309028,-0.09971092317681657
BTC,bitcoin-above-62k-on-june-24-2026,62000.0,1782316860,1781849700,0.400373807386542,5.406944444444444,62849.99,60321.87,7.924796556545866,-0.0410560513818246,0,2026-06-24,True,0.61,1781850600.0,-0.626653,-0.3012921453839459,-0.3068165191492348,0.10359957476879832,0.014716370189394569,0.10754512169368366
BTC,bitcoin-above-64k-on-june-22-2026,64000.0,1782144060,1781849700,0.3518278408555488,3.406944444444445,62849.99,64774.51,10.08677396996938,0.030161385845453,1,2026-06-22,True,0.29,1781850600.0,0.695587,0.3913559183558814,0.38416921712852503,0.16368631638790487,0.22625762900397547,0.09083454308695976
BTC,bitcoin-above-64k-on-june-23-2026,64000.0,1782230460,1781850600,0.369759184229013,4.396527777777778,62839.38,62516.0,8.797443419177679,-0.0051594230316205,0,2026-06-23,True,0.32,1781851500.0,-0.335232,-0.2898422678037163,-0.2961465969268007,-0.17903103639790863,-0.17903103639790863,-0.057520404022855916
ETH,ethereum-above-1700-on-june-23-2026,1700.0,1782230460,1781887500,0.4752483963196209,3.969444444444445,1705.44,1660.68,8.043202718195161,-0.0265959849149875,0,2026-06-23,True,0.52,1781888400.0,-0.5374720000000001,-0.3235551018386948,-0.3295289162346278,0.06833228394528709,-0.06119603214470639,0.1490339836628601
BTC,bitcoin-above-64k-on-june-23-2026,64000.0,1782230460,1781947800,0.321814180447633,3.271527777777778,63570.42,62516.0,12.733641917688972,-0.0167257438365873,0,2026-06-23,True,0.45,1781948700.0,-0.467325,-0.2543453671779039,-0.2630565368808414,-0.08487878668060524,-0.08487878668060524,0.19863671562587193
BTC,bitcoin-above-64k-on-june-24-2026,64000.0,1782316860,1782021600,0.3465256677761992,3.417361111111111,64256.55,60321.87,11.835649703476255,-0.0631889395590997,0,2026-06-24,True,0.57,1782022500.0,-0.5871569999999999,0.1607251537556379,0.1528589130796043,0.16682766109303224,0.16682766109303224,-0.07307027792801542
BTC,bitcoin-above-64k-on-june-25-2026,64000.0,1782403260,1782079200,0.3956751607414982,3.750694444444445,63808.01,59622.0,9.901564721377529,-0.0678540975822401,0,2026-06-25,True,0.47,1782080100.0,-0.4874369999999999,0.1844247388212169,0.17691658913121383,0.05592719657627598,0.05592719657627598,0.07863746844900178
SOL,solana-above-70-on-june-25-2026,70.0,1782403260,1782120600,0.8345692417912514,3.271527777777778,73.7,66.47,4.185846832826463,-0.1032520811418004,0,2026-06-25,True,0.84,1782121500.0,-0.8494079999999999,-0.4172106031698536,-0.42036724113844287,-0.14194854016316952,-0.2625002366301587,0.012325035470609702
BTC,bitcoin-above-62k-on-june-28-2026,62000.0,1782662460,1782244800,0.4127052778850793,4.834027777777778,62388.49,59895.23,8.35102694958846,-0.0407839340038891,0,2026-06-28,True,0.6,1782245700.0,-0.6168,-0.2762122680232844,-0.28135290765333437,-0.276302863427311,-0.276302863427311,0.012818331449192972
BTC,bitcoin-above-62k-on-june-27-2026,62000.0,1782576060,1782244800,0.4165008290030624,3.8340277777777776,62388.49,60814.99,9.273011536116991,-0.0255444985959681,0,2026-06-27,True,0.6,1782245700.0,-0.6168,-0.3799255698352632,-0.3857985075550609,-0.23806967285820765,-0.23806967285820765,-0.10160047727132526
BTC,bitcoin-above-64k-on-june-27-2026,64000.0,1782576060,1782244800,0.3644828619371374,3.8340277777777776,62388.49,60814.99,8.350927411310971,-0.0255444985959681,0,2026-06-27,True,0.27,1782245700.0,-0.283797,-0.0704767464667351,-0.07576569454990763,0.059314455915790675,0.059314455915790675,0.10645864677875957
BTC,bitcoin-above-64k-on-june-28-2026,64000.0,1782662460,1782244800,0.3696154095116102,4.834027777777778,62388.49,59895.23,7.735025493725718,-0.0407839340038891,0,2026-06-28,True,0.29,1782245700.0,-0.304413,0.0110517692545098,0.006290321490956246,0.011428197937137246,0.011428197937137246,0.07323410285424539
BTC,bitcoin-above-62k-on-june-29-2026,62000.0,1782748860,1782245700,0.4100266890135737,5.823611111111111,62438.64,59807.99,7.656141980090152,-0.0430450504289244,0,2026-06-29,True,0.59,1782246600.0,-0.606933,-0.2773739823760141,-0.2816337690195826,-0.26284684383106033,-0.26284684383106033,0.009523928845458702
BTC,bitcoin-above-64k-on-june-29-2026,64000.0,1782748860,1782245700,0.3738624290906905,5.823611111111111,62438.64,59807.99,7.275532677490977,-0.0430450504289244,0,2026-06-29,True,0.31,1782246600.0,-0.324973,-0.0117973290001133,-0.015845349139371294,-0.05360840825373896,-0.05360840825373896,0.05574068079486077
BTC,bitcoin-above-62k-on-june-30-2026,62000.0,1782835260,1782247500,0.4075865379657461,6.802777777777778,62476.85,58441.4,7.126433601078717,-0.0667715453373908,0,2026-06-30,True,0.58,1782248400.0,-0.5970519999999999,-0.1212090157116669,-0.12430733035613512,-0.08121612426425279,-0.08121612426425279,0.06910882461187487
BTC,bitcoin-above-64k-on-june-30-2026,64000.0,1782835260,1782247500,0.3764048951267048,6.802777777777778,62476.85,58441.4,6.870267332957836,-0.0667715453373908,0,2026-06-30,True,0.34,1782248400.0,-0.355708,0.1030303667025893,0.10004342385281759,-0.09850960384566682,-0.09850960384566682,0.06387628538386415
ETH,ethereum-above-1700-on-june-27-2026,1700.0,1782576060,1782260100,0.4682920682245519,3.656944444444444,1671.17,1604.83,7.892840882501704,-0.0405061479572347,0,2026-06-27,True,0.37,1782261000.0,-0.386317,-0.0666084194104749,-0.0744412514874339,-0.00020262328619636248,-0.00020262328619636248,0.19639387885648696
ETH,ethereum-above-1700-on-june-30-2026,1700.0,1782835260,1782285300,0.5046615154610574,6.365277777777777,1678.0,1566.76,5.831534076851364,-0.0685928153035143,0,2026-06-30,True,0.39,1782286200.0,-0.406653,-0.0066516601303847,-0.013716877049444654,-0.07560060682240671,-0.07560060682240671,0.1440094371693673
BTC,bitcoin-above-60k-on-june-29-2026,60000.0,1782748860,1782307800,0.4012754134829416,5.104861111111111,61855.71,59807.99,6.944692179227232,-0.0336651506351749,0,2026-06-29,True,0.72,1782308700.0,-0.734112,-0.5003178916713935,-0.5043234910241937,-0.3512753672612352,-0.41651905575413684,-0.3660479407005225
BTC,bitcoin-above-60k-on-june-28-2026,60000.0,1782662460,1782307800,0.3924822633942242,4.104861111111111,61855.71,59895.23,7.444089768754102,-0.032207545477253,0,2026-06-28,True,0.744,1782308700.0,-0.75733248,-0.5175766202360984,-0.522310818215695,-0.3022878075317819,-0.44725518620694804,-0.334435965708461
SOL,solana-above-70-on-june-29-2026,70.0,1782748860,1782308700,0.5497413718580649,5.094444444444445,68.78,73.83,5.866629326692527,0.0708521480669539,1,2026-06-29,True,0.43,1782309600.0,0.5528430000000001,0.1371797102912466,0.13310601951497972,0.14804460403665645,0.14804460403665645,0.1377136918754586
BTC,bitcoin-above-60k-on-june-27-2026,60000.0,1782576060,1782309600,0.4182196608864434,3.0840277777777776,61338.01,60814.99,8.898753957718789,-0.0085634113967231,1,2026-06-27,True,0.72,1782310500.0,0.265888,0.342091691058164,0.33627427128032983,0.3668533679558319,0.3668533679558319,0.2886242674903079
XRP,xrp-above-1pt1-on-june-29-2026,1.1,1782748860,1782325800,0.5684141422826752,4.896527777777778,1.0677,1.0491,5.385679126227486,-0.017574148446817,0,2026-06-29,True,0.32,1782326700.0,-0.335232,-0.2405832755487544,-0.24420851264231297,-0.31044494131288586,-0.31044494131288586,-0.2309213315833138
XRP,xrp-above-1pt1-on-july-1-2026,1.1,1782921660,1782325800,0.5610898070669583,6.896527777777778,1.0677,1.06,4.725948814009247,-0.0072378940781438,0,2026-07-01,True,0.36,1782326700.0,-0.3761279999999999,-0.3419220830654712,-0.3439939699427178,-0.1993487378762261,-0.1993487378762261,-0.15955102724355125
BTC,bitcoin-above-62k-on-june-28-2026,62000.0,1782662460,1782331200,0.4248767061952974,3.8340277777777776,59958.3,59895.23,6.701790283864058,-0.0010524513682933,0,2026-06-28,True,0.29,1782332100.0,-0.304413,-0.2973596916457323,-0.3015144723543345,-0.29459666678049823,-0.29459666678049823,-0.023040826173657592
BTC,bitcoin-above-60k-on-june-30-2026,60000.0,1782835260,1782331200,0.4645493998078198,5.834027777777778,59958.3,58441.4,6.786903818538257,-0.0256247778077004,0,2026-06-30,True,0.6,1782332100.0,-0.6168,-0.4428870976477236,-0.4458675312514843,-0.14233081841605474,-0.23777203769150781,-0.26555844310080534
BTC,bitcoin-above-62k-on-june-29-2026,62000.0,1782748860,1782332100,0.4306631936157295,4.823611111111111,60684.01,59807.99,7.255430765281083,-0.0145409726024891,0,2026-06-29,True,0.35,1782333000.0,-0.365925,-0.2604239800227909,-0.2644912320336342,-0.23982170903688202,-0.23982170903688202,0.03622218985732307
BTC,bitcoin-above-62k-on-july-1-2026,62000.0,1782921660,1782333000,0.4343078241015162,6.813194444444444,60773.99,60114.03,6.287147339494623,-0.010918642831795,0,2026-07-01,True,0.47,1782333900.0,-0.4874369999999999,-0.4187898837691874,-0.42133843991105996,-0.19557972628834172,-0.19557972628834172,-0.1406644977929718
BTC,bitcoin-above-58k-on-june-28-2026,58000.0,1782662460,1782396900,0.5260340023791361,3.073611111111111,59268.19,59895.23,7.554225532189019,0.0105241321108507,1,2026-06-28,True,0.746,1782397800.0,0.24073612,0.1612344525040806,0.15694575259263802,0.08876386465940239,0.08876386465940239,0.05300629876742579
ETH,ethereum-above-1500-on-july-1-2026,1500.0,1782921660,1782403200,0.6684598637130327,6.000694444444445,1570.01,1618.57,4.1293065472871495,0.0304610546049954,1,2026-07-01,True,0.78,1782404100.0,0.2079879999999999,0.082204967782321,0.07772720929898304,0.016206182794184884,0.016206182794184884,-0.08709867908458144
BTC,bitcoin-above-60k-on-july-1-2026,60000.0,1782921660,1782412200,0.4626422412450913,5.896527777777778,59718.02,60114.03,6.743863955593635,0.0066094411575344,1,2026-07-01,True,0.46,1782413100.0,0.5226120000000001,0.4780388280110861,0.4757345188515116,0.5446840185581772,0.5446840185581772,0.25431312086215996
ETH,ethereum-above-1600-on-june-29-2026,1600.0,1782748860,1782418500,0.5545015477704173,3.823611111111111,1567.01,1580.32,6.500615699809488,0.0084580132032269,0,2026-06-29,True,0.38,1782419400.0,-0.396492,-0.4514742934180933,-0.45907967400960675,-0.4609898852593407,-0.4609898852593407,0.18518842693376608
BTC,bitcoin-above-58k-on-july-2-2026,58000.0,1783008060,1782462600,0.5118603655263844,6.313194444444445,60314.5,61644.03,5.101098191570674,0.0218038487672165,1,2026-07-02,True,0.74,1782463500.0,0.246532,0.1353084264842713,0.1339762024316765,0.043877486793695575,0.13443831475943058,-0.12000518775742985
BTC,bitcoin-above-56k-on-july-2-2026,56000.0,1783008060,1782472500,0.5625631648314353,6.198611111111111,59486.0,61644.03,3.992237579635861,0.0356353971904483,1,2026-07-02,True,0.81,1782473400.0,0.1792269999999999,0.0369620281710419,0.03576695027897607,0.026537694621532795,0.026537694621532795,0.03141604320093869
BTC,bitcoin-above-58k-on-july-1-2026,58000.0,1782921660,1782482400,0.5843215413155591,5.084027777777777,60175.43,60114.03,5.106608281501802,-0.0010208709114243,1,2026-07-01,True,0.74,1782483300.0,0.246532,0.251745187850624,0.24991154985356745,0.2653882882242258,0.28228793365026955,0.06480497067731804
BTC,bitcoin-above-62k-on-june-30-2026,62000.0,1782835260,1782483300,0.4675864604853477,4.073611111111111,59989.99,58441.4,6.357106947106258,-0.0261531721805976,0,2026-06-30,True,0.26,1782484200.0,-0.273468,-0.1072094874418565,-0.10970542697326811,-0.12375128173455648,-0.12375128173455648,-0.10650882131032596
BTC,bitcoin-above-60k-on-june-30-2026,60000.0,1782835260,1782483300,0.5189822643838898,4.073611111111111,59989.99,58441.4,7.272986302125841,-0.0261531721805976,0,2026-06-30,True,0.54,1782484200.0,-0.557388,-0.3671763369733747,-0.37003187081509403,-0.3114067460411322,-0.3114067460411322,-0.3666715888974616
ETH,ethereum-above-1600-on-june-30-2026,1600.0,1782835260,1782511200,0.5477771436772467,3.750694444444445,1575.18,1566.76,6.848900305667965,-0.0053597587202672,0,2026-06-30,True,0.4,1782512100.0,-0.4168,-0.3800915468624553,-0.38704335826819153,-0.1952876151044891,-0.1952876151044891,-0.14652240843580558
ETH,ethereum-above-1600-on-july-1-2026,1600.0,1782921660,1782512100,0.5540655054492404,4.740277777777778,1575.31,1618.57,6.0789359357245925,0.0270909650648344,1,2026-07-01,True,0.42,1782513000.0,0.5629480000000001,0.3982637589339186,0.3924569551956095,0.2774352909381214,0.2977185721101018,0.2838155581425961
BTC,bitcoin-above-60k-on-july-1-2026,60000.0,1782921660,1782659700,0.5085765805521727,3.031944444444444,60082.09,60114.03,8.606584683360857,0.0005314647552983,1,2026-07-01,True,0.52,1782660600.0,0.462528,0.4579539035773032,0.45377293990484,0.12182133737775949,0.4262414301017319,0.44938509716831787
BTC,bitcoin-above-60k-on-july-2-2026,60000.0,1783008060,1782666900,0.5259781687755015,3.948611111111112,59641.17,61644.03,7.22421964399573,0.033030280528031,1,2026-07-02,True,0.47,1782667800.0,0.512563,0.2739449985627081,0.2708638959012026,-0.037075711752961094,0.08145064649849856,0.04804538217042342
SOL,solana-above-70-on-july-2-2026,70.0,1783008060,1782722700,0.6918436930969692,3.302777777777778,72.74,80.89,5.209512327529055,0.1061987674710183,1,2026-07-02,True,0.71,1782723600.0,0.275587,-0.2776567883086618,-0.2764353642351484,-0.012309072179493723,-0.012309072179493723,-0.0550419498966037
ETH,ethereum-above-1600-on-july-5-2026,1600.0,1783267260,1782912600,0.5234194805294503,4.104861111111111,1578.44,1774.16,6.92584265994717,0.1168900539538728,1,2026-07-05,True,0.42,1782913500.0,0.5629480000000001,-0.2466141221972584,-0.25085786403789295,-0.07983908221365771,-0.07983908221365771,-0.06947068482909
ETH,ethereum-above-1600-on-july-4-2026,1600.0,1783180860,1782914400,0.5284078370347247,3.0840277777777776,1597.22,1788.64,8.19868234432691,0.1131909364979996,1,2026-07-04,True,0.6,1782915300.0,0.3832,-0.5448165326039778,-0.5498521079328047,-0.25624705183923946,-0.25624705183923946,-0.2425781957675361
XRP,xrp-above-1pt1-on-july-5-2026,1.1,1783267260,1782915300,0.5417658695297607,4.073611111111111,1.056,1.1369,5.293535213087769,0.0738170748688541,1,2026-07-05,True,0.24,1782916200.0,0.747232,0.3564787148545843,0.3529876282431032,0.29775786874406146,0.29775786874406146,0.2734804215236583
XRP,xrp-above-1pt1-on-july-7-2026,1.1,1783440060,1782915300,0.5424489298306725,6.073611111111111,1.056,1.1295,4.709116701325989,0.0672868716418511,1,2026-07-07,True,0.29,1782916200.0,0.695587,0.3787252689713806,0.37565110936249235,0.3398364787383006,0.3398364787383006,0.3283514476537298
ETH,ethereum-above-1600-on-july-6-2026,1600.0,1783353660,1782916200,0.5312092909173327,5.063194444444445,1605.55,1782.96,6.374597808408956,0.1048085275209007,1,2026-07-06,True,0.51,1782917100.0,0.472507,-0.1956052098373037,-0.19908052353793032,-0.01787530116169937,-0.01787530116169937,-0.04057183547643627
BTC,bitcoin-above-62k-on-july-6-2026,62000.0,1783353660,1782922500,0.3754066373388976,4.990277777777778,60132.01,63427.99,7.018960556025536,0.0533629346018516,1,2026-07-06,True,0.26,1782923400.0,0.726532,0.3519796668758331,0.3502685527009538,0.10293766419203328,0.16352746176116056,-0.09025783357221734
BTC,bitcoin-above-60k-on-july-5-2026,60000.0,1783267260,1782923400,0.395408338187794,3.979861111111111,60144.01,62736.0,9.655454122043318,0.0421935924605429,1,2026-07-05,True,0.54,1782924300.0,0.4426119999999999,0.0352137037530343,0.03023990134807639,0.04986068737939374,0.04986068737939374,0.04728101666378412
BTC,bitcoin-above-62k-on-july-5-2026,62000.0,1783267260,1782923400,0.3650553766276193,3.979861111111111,60144.01,62736.0,7.499775219720956,0.0421935924605429,1,2026-07-05,True,0.2,1782924300.0,0.7888000000000001,0.4723575408334148,0.468494190694416,0.2196590922822301,0.312531327069306,0.34206920398501084
BTC,bitcoin-above-60k-on-july-6-2026,60000.0,1783353660,1782940500,0.3881128231952375,4.781944444444445,60447.21,63427.99,8.88656598637409,0.0481348245187043,1,2026-07-06,True,0.6,1782941400.0,0.3832,-0.0445532943280038,-0.04675361932655041,-0.016363945536994245,-0.016363945536994245,0.07844743682737344
XRP,xrp-above-0pt9-on-july-5-2026,0.9,1783267260,1783005300,0.6102356526120997,3.031944444444444,1.0895,1.1369,0.0215756777877048,0.0425863847503864,1,2026-07-05,True,0.94,1783006200.0,0.056052,0.0551331698844824,0.05511878779782242,0.05528260614634768,0.05528260614634768,0.05528260614634768
BTC,bitcoin-above-62k-on-july-6-2026,62000.0,1783353660,1783019700,0.3155306476607962,3.8652777777777776,61663.99,63427.99,12.08106128566302,0.0282051166054627,1,2026-07-06,True,0.43,1783020600.0,0.5528430000000001,0.2120952577201325,0.2084162469216046,0.11241676367698131,0.11241676367698131,-0.14499454710211382
BTC,bitcoin-above-64k-on-july-7-2026,64000.0,1783440060,1783148400,0.3287201081607739,3.375694444444445,62500.01,63917.45,9.410843168863002,0.0224256903028833,0,2026-07-07,True,0.23,1783149300.0,-0.242397,-0.4534416543939266,-0.4556607308327996,-0.6046140848145782,-0.575374226253276,-0.09781764546376058
BTC,bitcoin-above-64k-on-july-11-2026,64000.0,1783785660,1783461600,0.3672388952106615,3.750694444444445,63423.94,64157.3,10.356278394324848,0.0114964876855619,1,2026-07-11,True,0.42,1783462500.0,0.5629480000000001,0.443887172971393,0.4435397480043043,0.2695120311577779,0.37432290806046087,0.41669910942347366
BTC,bitcoin-above-64k-on-july-12-2026,64000.0,1783872060,1783461600,0.3637935980099551,4.750694444444445,63423.94,64173.58,9.342438857427531,0.0117502068229563,1,2026-07-12,True,0.42,1783462500.0,0.5629480000000001,0.4531724111944029,0.4537826274104304,0.33743299284082623,0.37951030230390115,0.4229305740517245
BTC,bitcoin-above-64k-on-july-13-2026,64000.0,1783958460,1783461600,0.3613350864636133,5.750694444444444,63423.94,62565.02,8.581856824412252,-0.0136350567084353,0,2026-07-13,True,0.44,1783462500.0,-0.457248,-0.3402338955354656,-0.3382142252461296,0.03244004774122494,-0.17472955432333545,-0.2594278717618622
ETH,ethereum-above-1800-on-july-11-2026,1800.0,1783785660,1783473300,0.5014767295710508,3.615277777777778,1779.75,1813.79,7.744334357080617,0.0189456737272648,1,2026-07-11,True,0.39,1783474200.0,0.593347,0.4466253680359036,0.4426219484569291,0.05922773221153263,0.37440073434192395,0.331587986890272
BTC,bitcoin-above-64k-on-july-14-2026,64000.0,1784044860,1783473300,0.3699749475018528,6.615277777777777,63634.98,64783.23,7.931765041671522,0.0178834544168804,1,2026-07-14,True,0.44,1783474200.0,0.542752,0.4009046414318618,0.4033773361340634,0.5971234039018105,0.5665012412253237,-0.0011239055180406535
BTC,bitcoin-above-62k-on-july-12-2026,62000.0,1783872060,1783519200,0.386888752935758,4.084027777777778,61945.49,64173.58,9.739660578652993,0.0353367947365307,1,2026-07-12,True,0.53,1783520100.0,0.452563,0.1083946133286588,0.10836473690274434,0.04113955514459649,0.04113955514459649,0.09809144720964813
BTC,bitcoin-above-62k-on-july-13-2026,62000.0,1783958460,1783520100,0.3930216374971188,5.073611111111111,62045.62,62565.02,8.609340680327676,0.0083364150606574,1,2026-07-13,True,0.51,1783521000.0,0.472507,0.4007359626901859,0.4021482612371842,0.19559783493040112,0.24997991130463773,0.41583806107908844
BTC,bitcoin-above-62k-on-july-11-2026,62000.0,1783785660,1783521900,0.401357417827026,3.0527777777777776,61908.99,64157.3,10.850198617172458,0.0356724769846439,1,2026-07-11,True,0.5,1783522800.0,0.4825,0.0954465395500994,0.09424567253611951,0.03541202729521858,0.03541202729521858,0.09279892873189369
BTC,bitcoin-above-60k-on-july-12-2026,60000.0,1783872060,1783521900,0.424685645218703,4.052777777777778,61908.99,64173.58,7.086525429020782,0.0359261961220383,1,2026-07-12,True,0.8,1783522800.0,0.1887999999999999,-0.0657919023868123,-0.06587561618701065,-0.020126737027189097,-0.020126737027189097,-0.019474007321540913
BTC,bitcoin-above-62k-on-july-14-2026,62000.0,1784044860,1783521900,0.3912913158094026,6.052777777777777,61908.99,64783.23,7.905649392972923,0.0453813701745262,1,2026-07-14,True,0.51,1783522800.0,0.472507,0.1137377984274773,0.11566331122333696,-0.048147209640740464,-0.019591994961923962,-0.0726350161516571
BTC,bitcoin-above-62k-on-july-12-2026,62000.0,1783872060,1783606500,0.3272820691980858,3.073611111111111,62932.01,64173.58,11.827852419630762,0.0195366622360687,1,2026-07-12,True,0.71,1783607400.0,0.275587,0.0445102422996057,0.042835053558026755,0.034296836643154784,0.034296836643154784,0.026633875694433234
BTC,bitcoin-above-64k-on-july-12-2026,64000.0,1783872060,1783606500,0.3003716050757854,3.073611111111111,62932.01,64173.58,11.910764116874438,0.0195366622360687,1,2026-07-12,True,0.26,1783607400.0,0.726532,0.4938354244751368,0.4921484928797547,0.27231862874348844,0.4968418371749269,0.5018082868079696
BTC,bitcoin-above-64k-on-july-13-2026,64000.0,1783958460,1783672200,0.3078131854724296,3.313194444444444,64331.99,62565.02,13.426532239348838,-0.0278506832052399,0,2026-07-13,True,0.56,1783673100.0,-0.5772480000000001,-0.2033099040569549,-0.20570570630394347,-0.055433393979068595,-0.055433393979068595,-0.19227394596680641
BTC,bitcoin-above-64k-on-july-14-2026,64000.0,1784044860,1783710000,0.2822558297827399,3.875694444444445,63810.0,64783.23,13.6231705265878,0.0151368556881369,1,2026-07-14,True,0.48,1783710900.0,0.502528,0.2963160337241602,0.29417014504903927,0.7438968375358734,0.7438968375358734,-0.20270620367035047
BTC,bitcoin-above-64k-on-july-15-2026,64000.0,1784131260,1783710900,0.3003026955630126,4.865277777777778,63882.05,65400.0,11.477913105487543,0.0234838442098448,1,2026-07-15,True,0.48,1783711800.0,0.502528,0.2329824767765941,0.2335201619430899,0.33699664538210305,0.33699664538210305,0.07478545399236014
ETH,ethereum-above-1900-on-july-15-2026,1900.0,1784131260,1783800900,0.5930356751809968,3.823611111111111,1824.95,1930.76,5.1648427524012135,0.0563611183894098,1,2026-07-15,True,0.19,1783801800.0,0.799227,0.5081306861692299,0.5056856852734167,0.4236495930871398,0.5627742639529615,0.5012458652065497
