asset,slug,K,T_pm,ts,sigma,tte_d,S_bin,S_T,delta,ret_T,label,event,is_test,entry,entry_ts,ev_raw,ev_hedged
BTC,bitcoin-above-110k-on-october-21,110000.0,1761062460,1760751000,0.3923691660662439,3.6048611111111106,107283.61,113359.23,8.224600778782618,0.055085914171683424,1,2025-10-21,False,0.27,1760751900.0,0.716203,0.2631433474036201
ETH,ethereum-above-3900-on-october-21,3900.0,1761062460,1760751000,0.7119237823688916,3.6048611111111106,3874.83,4080.74,5.593484008619317,0.05177655364386828,1,2025-10-21,False,0.42,1760751900.0,0.5629480000000001,0.27333667517160265
ETH,ethereum-above-4000-on-october-21,4000.0,1761062460,1760751000,0.6864935351234497,3.6048611111111106,3874.83,4080.74,5.160163080139567,0.05177655364386828,1,2025-10-21,False,0.27,1760751900.0,0.716203,0.4490275394700452
ETH,ethereum-above-3800-on-october-21,3800.0,1761062460,1760751000,0.7417362230291523,3.6048611111111106,3874.83,4080.74,5.273575611886794,0.05177655364386828,1,2025-10-21,False,0.58,1760751900.0,0.40294800000000003,0.12990042943614794
BTC,bitcoin-above-108k-on-october-21,108000.0,1761062460,1760751000,0.4084462311623908,3.6048611111111106,107283.61,113359.23,9.662848536782851,0.055085914171683424,1,2025-10-21,False,0.4,1760751900.0,0.5831999999999999,0.05091315484880299
ETH,ethereum-above-3800-on-october-23,3800.0,1761235260,1760771700,0.7481385659181004,5.365277777777778,3909.39,3879.04,4.243618292562316,-0.007793651255505073,1,2025-10-23,False,0.57,1760772600.0,0.41284300000000007,0.44591628103371267
ETH,ethereum-above-3800-on-october-22,3800.0,1761148860,1760771700,0.7395242093006456,4.365277777777778,3909.39,3841.05,4.700733463720711,-0.017635584873817743,1,2025-10-22,False,0.58,1760772600.0,0.40294800000000003,0.4858481839686419
ETH,ethereum-above-3900-on-october-23,3900.0,1761235260,1760771700,0.7279588766297549,5.365277777777778,3909.39,3879.04,4.519513192729603,-0.007793651255505073,0,2025-10-23,False,0.44,1760772600.0,-0.457248,-0.4220244903312112
BTC,bitcoin-above-104k-on-october-22,104000.0,1761148860,1760788800,0.4422026506648264,4.167361111111111,107208.6,108407.96,6.969171594885833,0.011125048744350205,1,2025-10-22,False,0.73,1760789700.0,0.256203,0.17867062629915426
ETH,ethereum-above-3900-on-october-23,3900.0,1761235260,1760858100,0.6926575048677612,4.365277777777778,3886.91,3879.04,5.248832191131553,-0.0020267971578755467,0,2025-10-23,False,0.44,1760859000.0,-0.457248,-0.4466096818328489
ETH,ethereum-above-3800-on-october-22,3800.0,1761148860,1760858100,0.7029165181951266,3.3652777777777776,3886.91,3841.05,5.648459707380128,-0.011868730776188245,1,2025-10-22,False,0.58,1760859000.0,0.40294800000000003,0.4699880475670418
ETH,ethereum-above-3800-on-october-23,3800.0,1761235260,1760858100,0.7145994000241105,4.365277777777778,3886.91,3879.04,4.947488094923438,-0.0020267971578755467,1,2025-10-23,False,0.57,1760859000.0,0.41284300000000007,0.422870554809414
ETH,ethereum-above-3400-on-october-23,3400.0,1761235260,1760895900,0.798267921205869,3.927777777777778,3991.0,3879.04,0.8014825553884459,-0.02845412572586834,1,2025-10-23,False,0.92,1760896800.0,0.07484799999999996,0.09765348539811303
BTC,bitcoin-above-106k-on-october-23,106000.0,1761235260,1760899500,0.49593295350285194,3.886111111111111,109329.18,109915.35,6.593969039157435,0.005347192896170424,1,2025-10-23,False,0.71,1760900400.0,0.275587,0.24032777559624968
ETH,ethereum-above-3800-on-october-23,3800.0,1761235260,1760944500,0.7774102090183914,3.3652777777777776,4073.18,3879.04,3.5880011406122714,-0.04883632081823174,1,2025-10-23,False,0.57,1760945400.0,0.41284300000000007,0.5880677747991223
ETH,ethereum-above-3900-on-october-25,3900.0,1761408060,1761136200,0.6912602426915659,3.146527777777778,3845.12,3934.47,6.020201264352199,0.022971372273383542,1,2025-10-25,False,0.35,1761137100.0,0.634075,0.4957827155958714
SOL,solana-above-190-on-october-25,190.0,1761408060,1761136200,0.787883135588016,3.146527777777778,186.13,191.9,5.184843080085148,0.03052904870341248,1,2025-10-25,False,0.31,1761137100.0,0.6750269999999999,0.5167386730885293
BTC,bitcoin-above-108k-on-october-26,108000.0,1761494460,1761137100,0.4809890910511474,4.136111111111111,108194.81,113697.72,7.791214749441826,0.04960994925132241,1,2025-10-26,False,0.48,1761138000.0,0.502528,0.11600623167403634
SOL,solana-above-200-on-october-27,200.0,1761580860,1761225300,0.7689651572403184,4.115277777777778,189.65,200.13,3.8466538936619328,0.05378688725462571,1,2025-10-27,False,0.18,1761226200.0,0.809668,0.6027684607140387
SOL,solana-above-200-on-october-27,200.0,1761580860,1761311700,0.6745080323064405,3.115277777777778,193.74,200.13,5.529094463300546,0.03245010139129484,1,2025-10-27,False,0.18,1761312600.0,0.809668,0.6302483240638505
ETH,ethereum-above-4000-on-october-29,4000.0,1761753660,1761471000,0.619681006862096,3.271527777777778,4003.15,3947.73,6.7992028771983595,-0.013940821029614404,0,2025-10-29,False,0.39,1761471900.0,-0.40665300000000004,-0.3118665295449384
ETH,ethereum-above-3800-on-october-30,3800.0,1761840060,1761484500,0.6964185415767087,4.115277777777778,4070.88,3768.19,3.6170641232931096,-0.07726441222807465,0,2025-10-30,False,0.72,1761485400.0,-0.734112,-0.45464166652250176
ETH,ethereum-above-3700-on-october-30,3700.0,1761840060,1761484500,0.7250330790593379,4.115277777777778,4070.88,3768.19,2.5152888272756826,-0.07726441222807465,1,2025-10-30,False,0.83,1761485400.0,0.16012300000000004,0.35446531282329885
SOL,solana-above-140-on-november-17,140.0,1763398860,1763120700,0.8460934062578493,3.2194444444444446,140.76,135.47,5.01848437590529,-0.03830609886073935,0,2025-11-17,False,0.54,1763121600.0,-0.557388,-0.3651494413654961
XRP,xrp-above-2pt2-on-november-20,2.2,1763658060,1763140500,0.8029824295204508,5.990277777777778,2.3343,2.0078,3.379633054942289,-0.1506724650335678,0,2025-11-20,False,0.65,1763141400.0,-0.665925,-0.15670735670291802
SOL,solana-above-150-on-november-19,150.0,1763571660,1763168400,0.9193702510734845,4.667361111111111,141.11,133.59,3.1274111514209193,-0.05476432006794874,0,2025-11-19,False,0.21,1763169300.0,-0.221613,-0.05034245471951268
ETH,ethereum-above-3000-on-november-19,3000.0,1763571660,1763172000,0.8226885617883194,4.625694444444445,3173.54,2956.28,3.6805921262263435,-0.07091596286681627,0,2025-11-19,False,0.698,1763172900.0,-0.71275572,-0.4517429854486363
BTC,bitcoin-above-94k-on-november-19,94000.0,1763571660,1763172000,0.4877052470450595,4.625694444444445,95650.17,90049.9,6.96801773672494,-0.060333512070624686,0,2025-11-19,False,0.595,1763172900.0,-0.61186825,-0.1914632677729789
BTC,bitcoin-above-98k-on-november-18,98000.0,1763485260,1763172000,0.4516530039427809,3.625694444444444,95650.17,93506.28,7.569253942491504,-0.022668873383280542,0,2025-11-18,False,0.24,1763172900.0,-0.252768,-0.08118154077176304
ETH,ethereum-above-2900-on-november-19,2900.0,1763571660,1763174700,0.8740017423098171,4.594444444444445,3188.41,2956.28,2.669844615742435,-0.07559063873789261,1,2025-11-19,False,0.811,1763175600.0,0.17827046999999996,0.3800857298348941
BTC,bitcoin-above-98k-on-november-20,98000.0,1763658060,1763174700,0.46587528441429793,5.594444444444444,96133.99,87859.19,6.4778139876324365,-0.09000752821717029,0,2025-11-20,False,0.3,1763175600.0,-0.3147,0.26835202527740687
ETH,ethereum-above-3100-on-november-18,3100.0,1763485260,1763215200,0.7393636997580317,3.1256944444444446,3192.78,3153.09,5.389333814796758,-0.01250908623943349,1,2025-11-18,False,0.62,1763216100.0,0.363508,0.4309236414623877
ETH,ethereum-above-3000-on-november-19,3000.0,1763571660,1763258400,0.8113755595062312,3.625694444444444,3150.59,2956.28,4.204998681087499,-0.06365801568793202,0,2025-11-19,False,0.698,1763259300.0,-0.71275572,-0.44507384799159855
ETH,ethereum-above-3200-on-november-20,3200.0,1763658060,1763316900,0.8696215722149783,3.9486111111111115,3117.13,2859.12,4.169552733200091,-0.08639882150774814,0,2025-11-20,False,0.37,1763317800.0,-0.386317,-0.02607255763710198
ETH,ethereum-above-3100-on-november-20,3100.0,1763658060,1763316900,0.8913708816229536,3.9486111111111115,3117.13,2859.12,4.302676653569289,-0.08639882150774814,0,2025-11-20,False,0.53,1763317800.0,-0.5474370000000001,-0.17569080780271196
BTC,bitcoin-above-94k-on-november-22,94000.0,1763830860,1763505000,0.5010813599790741,3.771527777777778,93246.88,84629.38,7.701689361817355,-0.09696911187128518,0,2025-11-22,False,0.41,1763505900.0,-0.426933,0.31989297732395405
SOL,solana-above-130-on-november-26,130.0,1764176460,1763586000,0.9507965413293117,6.834027777777778,133.21,137.14,3.043513677266162,0.029075471492846873,1,2025-11-26,False,0.53,1763586900.0,0.452563,0.36407140483855815
ETH,ethereum-above-2900-on-november-23,2900.0,1763917260,1763586000,0.8232934925072489,3.8340277777777776,2945.29,2800.67,4.680892164224915,-0.05034860997073633,0,2025-11-23,False,0.53,1763586900.0,-0.5474370000000001,-0.311760586108364
SOL,solana-above-130-on-november-24,130.0,1764003660,1763586000,0.9746410013667914,4.834027777777778,133.21,133.98,3.5107615841258766,0.005763704716749913,1,2025-11-24,False,0.54,1763586900.0,0.44261199999999995,0.42237700689818924
BTC,bitcoin-above-90k-on-november-23,90000.0,1763917260,1763586900,0.5283081680315956,3.823611111111111,89694.17,86702.95,7.348081080127803,-0.033917863944155205,0,2025-11-23,False,0.45,1763587800.0,-0.467325,-0.21809378567360416
ETH,ethereum-above-3100-on-november-23,3100.0,1763917260,1763587800,0.7908311247199349,3.813194444444444,2969.82,2800.67,4.192666079337312,-0.05864267064619715,0,2025-11-23,False,0.23,1763588700.0,-0.242397,0.00347213602006069
ETH,ethereum-above-3000-on-november-24,3000.0,1764003660,1763587800,0.7940322037400284,4.813194444444444,2969.82,2864.84,4.321999452941442,-0.03598884273248588,0,2025-11-24,False,0.38,1763588700.0,-0.396492,-0.24094824139820048
SOL,solana-above-130-on-november-23,130.0,1763917260,1763587800,1.0065921877235124,3.813194444444444,134.86,131.73,3.7010029448781654,-0.02348283006470027,1,2025-11-23,False,0.6,1763588700.0,0.38320000000000004,0.47011002322352924
ETH,ethereum-above-3000-on-november-25,3000.0,1764090060,1763587800,0.7906338250024613,5.813194444444444,2969.82,2931.54,3.9528274767426197,-0.012973462696645021,0,2025-11-25,False,0.39,1763588700.0,-0.40665300000000004,-0.3553711401842062
SOL,solana-above-140-on-november-24,140.0,1764003660,1763587800,0.9486849828777777,4.813194444444444,134.86,133.98,3.3833847386441396,-0.006546668226314557,0,2025-11-24,False,0.28,1763588700.0,-0.29411200000000004,-0.27196210263412085
ETH,ethereum-above-2900-on-november-25,2900.0,1764090060,1763587800,0.807299190970174,5.813194444444444,2969.82,2931.54,3.8510265585148393,-0.012973462696645021,1,2025-11-25,False,0.53,1763588700.0,0.452563,0.5025241494006815
BTC,bitcoin-above-90k-on-november-24,90000.0,1764003660,1763587800,0.5240293206509193,4.813194444444444,90118.0,87269.1,6.629323237069758,-0.03212347438597062,0,2025-11-24,False,0.48,1763588700.0,-0.49747199999999997,-0.2845151047976697
ETH,ethereum-above-3100-on-november-24,3100.0,1764003660,1763587800,0.7863271910141251,4.813194444444444,2969.82,2864.84,3.858887808638776,-0.03598884273248588,0,2025-11-24,False,0.25,1763588700.0,-0.263125,-0.12424809353259203
BTC,bitcoin-above-86k-on-november-24,86000.0,1764003660,1763587800,0.5758107405945976,4.813194444444444,90118.0,87269.1,4.806480857079716,-0.03212347438597062,1,2025-11-24,False,0.74,1763588700.0,0.246532,0.4009328646990584
BTC,bitcoin-above-92k-on-november-23,92000.0,1763917260,1763587800,0.5106418012033886,3.813194444444444,90118.0,86702.95,6.992090840510271,-0.038632014103235406,0,2025-11-23,False,0.3,1763588700.0,-0.3147,-0.044581448038304106
ETH,ethereum-above-2900-on-november-24,2900.0,1764003660,1763587800,0.8132091886735656,4.813194444444444,2969.82,2864.84,4.180580817524355,-0.03598884273248588,0,2025-11-24,False,0.54,1763588700.0,-0.557388,-0.4069337344276688
ETH,ethereum-above-2800-on-november-24,2800.0,1764003660,1763587800,0.8451713418917988,4.813194444444444,2969.82,2864.84,3.5175775796274107,-0.03598884273248588,1,2025-11-24,False,0.7,1763588700.0,0.28530000000000005,0.4118935463125293
ETH,ethereum-above-2800-on-november-25,2800.0,1764090060,1763587800,0.8344439432870076,5.813194444444444,2969.82,2931.54,3.332318656421661,-0.012973462696645021,1,2025-11-25,False,0.68,1763588700.0,0.30476799999999993,0.3479997117824206
ETH,ethereum-above-3000-on-november-23,3000.0,1763917260,1763587800,0.7991948168560415,3.813194444444444,2969.82,2800.67,4.8180875466564705,-0.05864267064619715,0,2025-11-23,False,0.37,1763588700.0,-0.386317,-0.10377147885688054
ETH,ethereum-above-3100-on-november-25,3100.0,1764090060,1763587800,0.7833664994353803,5.813194444444444,2969.82,2931.54,3.5904284517971035,-0.012973462696645021,0,2025-11-25,False,0.26,1763588700.0,-0.273468,-0.22688771041563732
BTC,bitcoin-above-92k-on-november-25,92000.0,1764090060,1763588700,0.5123148731298603,5.802777777777778,90510.49,87191.19,5.930145291990931,-0.03736246189010496,0,2025-11-25,False,0.33,1763589600.0,-0.34547700000000003,-0.1239121725252035
BTC,bitcoin-above-94k-on-november-25,94000.0,1764090060,1763588700,0.5078367079413089,5.802777777777778,90510.49,87191.19,5.13200570367276,-0.03736246189010496,0,2025-11-25,False,0.22,1763589600.0,-0.232012,-0.040267632476725185
ETH,ethereum-above-3200-on-november-25,3200.0,1764090060,1763588700,0.7831969598187201,5.802777777777778,2992.37,2931.54,3.097836055503081,-0.020537833347448332,0,2025-11-25,False,0.16,1763589600.0,-0.169408,-0.10578515935436103
ETH,ethereum-above-2700-on-november-23,2700.0,1763917260,1763588700,0.9248968442385332,3.8027777777777776,2992.37,2800.67,2.4558589160629376,-0.06620704129700045,1,2025-11-23,False,0.83,1763589600.0,0.16012300000000004,0.3227181526753857
SOL,solana-above-140-on-november-23,140.0,1763917260,1763588700,0.9661881101190988,3.8027777777777776,135.14,131.73,3.7228385436483054,-0.025556904882292696,0,2025-11-23,False,0.29,1763589600.0,-0.304413,-0.20926876944784717
BTC,bitcoin-above-84k-on-november-24,84000.0,1764003660,1763588700,0.6172169388861397,4.802777777777778,90510.49,87269.1,3.3528651644069534,-0.03646930729109293,1,2025-11-24,False,0.84,1763589600.0,0.15059200000000003,0.272868669986358
BTC,bitcoin-above-86k-on-november-25,86000.0,1764090060,1763588700,0.5657643386116732,5.802777777777778,90510.49,87191.19,4.435285807705786,-0.03736246189010496,1,2025-11-25,False,0.75,1763589600.0,0.236875,0.40258819696213083
BTC,bitcoin-above-92k-on-november-24,92000.0,1764003660,1763588700,0.5116021459089076,4.802777777777778,90510.49,87269.1,6.484068441594753,-0.03646930729109293,0,2025-11-24,False,0.43,1763589600.0,-0.44715699999999997,-0.21068751550700288
BTC,bitcoin-above-88k-on-november-25,88000.0,1764090060,1763588700,0.5407176446905686,5.802777777777778,90510.49,87191.19,5.447032248164202,-0.03736246189010496,0,2025-11-25,False,0.63,1763589600.0,-0.646317,-0.4428024652137923
BTC,bitcoin-above-90k-on-november-25,90000.0,1764090060,1763588700,0.523102276780603,5.802777777777778,90510.49,87191.19,6.040141153146536,-0.03736246189010496,0,2025-11-25,False,0.48,1763589600.0,-0.49747199999999997,-0.27179745635470787
SOL,solana-above-150-on-november-23,150.0,1763917260,1763594100,0.9773680531693602,3.740277777777778,136.88,131.73,2.5077854540342215,-0.038350256342202335,0,2025-11-23,False,0.09,1763595000.0,-0.095733,0.00044121501345865954
ETH,ethereum-above-2700-on-november-24,2700.0,1764003660,1763594100,0.8565406596384743,4.740277777777778,3017.55,2864.84,2.255575812544642,-0.05193274167565866,1,2025-11-24,False,0.82,1763595000.0,0.16966800000000004,0.2868062360027448
ETH,ethereum-above-3200-on-november-24,3200.0,1764003660,1763594100,0.7697110112060795,4.740277777777778,3017.55,2864.84,3.5269451360290307,-0.05193274167565866,0,2025-11-24,False,0.16,1763595000.0,-0.169408,0.013755930653616438
ETH,ethereum-above-2600-on-november-24,2600.0,1764003660,1763596800,0.8470216078134499,4.709027777777778,3025.48,2864.84,1.2919071943153737,-0.05455725439588793,1,2025-11-24,False,0.885,1763597700.0,0.10787574999999999,0.17835865945614165
SOL,solana-above-130-on-november-25,130.0,1764090060,1763601300,1.0048896390506923,5.656944444444444,138.9,136.28,2.8597949894618826,-0.01904265696753234,1,2025-11-25,False,0.66,1763602200.0,0.32429199999999997,0.37875009498179035
SOL,solana-above-140-on-november-26,140.0,1764176460,1763601300,0.9431458746768546,6.656944444444444,138.9,137.14,3.1075183640829462,-0.012751947904079814,0,2025-11-26,False,0.42,1763602200.0,-0.437052,-0.39742508771024293
SOL,solana-above-120-on-november-24,120.0,1764003660,1763601300,1.089867755148901,4.656944444444444,138.9,133.98,1.7180899947026016,-0.036063714680176676,1,2025-11-24,False,0.83,1763602200.0,0.16012300000000004,0.22208370736382094
SOL,solana-above-120-on-november-23,120.0,1763917260,1763601300,1.108641524340795,3.656944444444444,138.9,131.73,1.6201777712029022,-0.05299987651856246,1,2025-11-23,False,0.86,1763602200.0,0.13157200000000002,0.2174412218118736
BTC,bitcoin-above-96k-on-november-23,96000.0,1763917260,1763603100,0.46151045539357044,3.6361111111111115,92568.22,86702.95,6.221892073725456,-0.06545797761994343,0,2025-11-23,False,0.14,1763604000.0,-0.148428,0.25884447211562434
ETH,ethereum-above-3300-on-november-23,3300.0,1763917260,1763604000,0.7511749771059766,3.625694444444444,3047.51,2800.67,2.907870405476596,-0.08446618947490109,0,2025-11-23,False,0.07,1763604900.0,-0.07455700000000001,0.1710597326374436
ETH,ethereum-above-3300-on-november-24,3300.0,1764003660,1763604000,0.7541889095795012,4.625694444444445,3047.51,2864.84,2.9070623188545164,-0.061812361561189855,0,2025-11-24,False,0.1,1763604900.0,-0.1063,0.07339238713394636
ETH,ethereum-above-3300-on-november-25,3300.0,1764090060,1763604000,0.7561215736846023,5.625694444444444,3047.51,2931.54,2.8476297492615146,-0.038796981525349064,0,2025-11-25,False,0.12,1763604900.0,-0.127392,-0.016912561226866643
SOL,solana-above-160-on-november-24,160.0,1764003660,1763604900,0.9544843138707826,4.615277777777777,143.65,133.98,2.1238677293699375,-0.06968925034517723,0,2025-11-24,False,0.085,1763605800.0,-0.09044425,0.05756649989210469
SOL,solana-above-140-on-november-25,140.0,1764090060,1763604900,0.962449406621399,5.615277777777778,143.65,136.28,3.301524262204461,-0.05266819263253282,0,2025-11-25,False,0.49,1763605800.0,-0.507493,-0.33360768417723463
XRP,xrp-above-2-on-november-25,2.0,1764090060,1763670600,0.8510237005974992,4.854861111111111,2.0155,2.1948,4.0629024616033265,0.08522362262759986,1,2025-11-25,False,0.49,1763671500.0,0.49250700000000003,0.14625173383957163
SOL,solana-above-130-on-november-24,130.0,1764003660,1763672400,0.9045348905811734,3.8340277777777776,133.69,133.98,4.1650597574004555,0.002166848085090293,1,2025-11-24,False,0.54,1763673300.0,0.44261199999999995,0.4335869482403901
SOL,solana-above-130-on-november-26,130.0,1764176460,1763672400,0.8797652048328677,5.834027777777778,133.69,137.14,3.5185270179140433,0.025478614861187205,1,2025-11-26,False,0.53,1763673300.0,0.452563,0.36291580523188655
BTC,bitcoin-above-86k-on-november-25,86000.0,1764090060,1763675100,0.5633555189834939,4.802777777777778,87595.92,87191.19,5.980173355697203,-0.004631127814460276,1,2025-11-25,False,0.58,1763676000.0,0.40294800000000003,0.4306429471628636
XRP,xrp-above-2pt1-on-november-25,2.1,1764090060,1763675100,0.8276977041698592,4.802777777777778,2.0303,2.1948,3.874137657839696,0.07790736081662458,1,2025-11-25,False,0.29,1763676000.0,0.695587,0.3937631596374099
ETH,ethereum-above-3100-on-november-24,3100.0,1764003660,1763675100,0.7874292645354892,3.8027777777777776,2888.62,2864.84,3.254261491864202,-0.00826637724536524,0,2025-11-24,False,0.12,1763676000.0,-0.127392,-0.10049104685318543
BTC,bitcoin-above-90k-on-november-25,90000.0,1764090060,1763675100,0.5303229914355037,4.802777777777778,87595.92,87191.19,5.85699300634651,-0.004631127814460276,0,2025-11-25,False,0.28,1763676000.0,-0.29411200000000004,-0.2669875167792094
ETH,ethereum-above-2700-on-november-25,2700.0,1764090060,1763676900,0.8630871383558365,4.781944444444445,2897.76,2931.54,3.234782617674458,0.011589857486646978,1,2025-11-25,False,0.82,1763677800.0,0.16966800000000004,0.1321773304608702
ETH,ethereum-above-2800-on-november-26,2800.0,1764176460,1763676900,0.842257104303907,5.781944444444444,2897.76,2949.03,3.6279268497921806,0.017538277987286265,1,2025-11-26,False,0.58,1763677800.0,0.40294800000000003,0.339320410390805
BTC,bitcoin-above-92k-on-november-24,92000.0,1764003660,1763676900,0.5164481695535179,3.781944444444444,87894.12,87269.1,5.085404175314497,-0.007136459955895619,0,2025-11-24,False,0.14,1763677800.0,-0.148428,-0.11213621674332372
BTC,bitcoin-above-84k-on-november-25,84000.0,1764090060,1763676900,0.5949081970955008,4.781944444444445,87894.12,87191.19,4.79977616216051,-0.008029614554907574,1,2025-11-25,False,0.73,1763677800.0,0.256203,0.29474335253198247
ETH,ethereum-above-3000-on-november-24,3000.0,1764003660,1763676900,0.7837728304346049,3.781944444444444,2897.76,2864.84,4.4680348336940225,-0.011425522549193916,0,2025-11-24,False,0.26,1763677800.0,-0.273468,-0.22241836725704506
BTC,bitcoin-above-90k-on-november-26,90000.0,1764176460,1763676900,0.5367046776893551,5.781944444444444,87894.12,87880.5,5.485515957038089,-0.00015497117874297165,0,2025-11-26,False,0.3,1763677800.0,-0.3147,-0.31384990312612443
BTC,bitcoin-above-88k-on-november-27,88000.0,1764262860,1763676900,0.5466136579597648,6.781944444444444,87894.12,91452.06,5.346621091392021,0.039681992297982006,1,2025-11-27,False,0.44,1763677800.0,0.542752,0.3305874230311537
BTC,bitcoin-above-90k-on-november-27,90000.0,1764262860,1763676900,0.5392625185709383,6.781944444444444,87894.12,91452.06,5.088804010165136,0.039681992297982006,1,2025-11-27,False,0.32,1763677800.0,0.6647679999999999,0.46283411846268707
BTC,bitcoin-above-92k-on-november-26,92000.0,1764176460,1763677800,0.5322194280791654,5.771527777777777,88131.31,87880.5,4.745370002923747,-0.0028499243290320037,0,2025-11-26,False,0.2,1763678700.0,-0.2112,-0.19767605457840895
SOL,solana-above-130-on-november-27,130.0,1764262860,1763677800,0.8902081236799397,6.771527777777778,136.06,142.15,3.130811598270836,0.04378687318009402,1,2025-11-27,False,0.6,1763678700.0,0.38320000000000004,0.2461115495957475
BTC,bitcoin-above-84k-on-november-26,84000.0,1764176460,1763677800,0.5855311071547855,5.771527777777777,88131.31,87880.5,4.483974119146264,-0.0028499243290320037,1,2025-11-26,False,0.72,1763678700.0,0.265888,0.2786669869329048
BTC,bitcoin-above-84k-on-november-27,84000.0,1764262860,1763678700,0.5756628264968958,6.761111111111111,88131.01,91452.06,4.319579325116784,0.03699044316506911,1,2025-11-27,False,0.71,1763679600.0,0.275587,0.11580384647726005
BTC,bitcoin-above-80k-on-november-26,80000.0,1764176460,1763729100,0.7358384528327856,5.177777777777778,83010.37,87880.5,4.238687903580884,0.05701239732560693,1,2025-11-26,False,0.649,1763730000.0,0.33505407,0.09339631110180271
BTC,bitcoin-above-80k-on-november-27,80000.0,1764262860,1763730900,0.7280472892403471,6.156944444444444,83820.0,91452.06,3.8195877225994446,0.08714325805671905,1,2025-11-27,False,0.68,1763731800.0,0.30476799999999993,-0.028083318580759298
BTC,bitcoin-above-86k-on-november-27,86000.0,1764262860,1763730900,0.6743138541023078,6.156944444444444,83820.0,91452.06,4.3038407017435025,0.08714325805671905,1,2025-11-27,False,0.39,1763731800.0,0.593347,0.21829629909295512
ETH,ethereum-above-2700-on-november-24,2700.0,1764003660,1763732700,1.0139562052639493,3.1361111111111106,2759.28,2864.84,4.173336476201537,0.037542726053437295,1,2025-11-24,False,0.54,1763733600.0,0.44261199999999995,0.28593357194514835
ETH,ethereum-above-2800-on-november-24,2800.0,1764003660,1763732700,0.9727837394664814,3.1361111111111106,2759.28,2864.84,4.330024329017286,0.037542726053437295,1,2025-11-24,False,0.37,1763733600.0,0.613683,0.45112208281098537
ETH,ethereum-above-2900-on-november-25,2900.0,1764090060,1763732700,0.9367530837419085,4.136111111111111,2759.28,2931.54,3.441633173387265,0.06055810608927815,1,2025-11-25,False,0.26,1763733600.0,0.726532,0.518113213165635
ETH,ethereum-above-2700-on-november-26,2700.0,1764176460,1763732700,0.9781110591117713,5.136111111111111,2759.28,2949.03,3.4097944925060086,0.06650652658991747,1,2025-11-26,False,0.53,1763733600.0,0.452563,0.22578941191799498
ETH,ethereum-above-2700-on-november-27,2700.0,1764262860,1763732700,0.9672407536103643,6.136111111111111,2759.28,3019.61,3.1617340794280344,0.09015790784330514,1,2025-11-27,False,0.53,1763733600.0,0.452563,0.16750767024189006
ETH,ethereum-above-2600-on-november-24,2600.0,1764003660,1763732700,1.0717439208794366,3.1361111111111106,2759.28,2864.84,3.454296498532521,0.037542726053437295,1,2025-11-24,False,0.784,1763733600.0,0.20414591999999998,0.07446221284824589
ETH,ethereum-above-2600-on-november-26,2600.0,1764176460,1763732700,1.018385102267367,5.136111111111111,2759.28,2949.03,3.0084499075491604,0.06650652658991747,1,2025-11-26,False,0.67,1763733600.0,0.31452299999999994,0.11444144622914695
ETH,ethereum-above-2500-on-november-26,2500.0,1764176460,1763732700,1.071300226870016,5.136111111111111,2759.28,2949.03,2.43471952636962,0.06650652658991747,1,2025-11-26,False,0.762,1763733600.0,0.22530508,0.06338034108050758
BTC,bitcoin-above-86k-on-november-24,86000.0,1764003660,1763736300,0.6896002154022328,3.0944444444444446,84916.47,87269.1,6.116977525561272,0.027328380863798737,1,2025-11-24,False,0.42,1763737200.0,0.5629480000000001,0.39578090844616454
BTC,bitcoin-above-86k-on-november-26,86000.0,1764176460,1763736300,0.6591270541741363,5.094444444444445,84916.47,87880.5,5.019951055826947,0.03430986964095143,1,2025-11-26,False,0.4,1763737200.0,0.5831999999999999,0.41096613367062085
ETH,ethereum-above-2800-on-november-27,2800.0,1764262860,1763744400,0.8948773727645214,6.000694444444445,2762.8,3019.61,3.4247016798408714,0.08888302574208178,1,2025-11-27,False,0.4,1763745300.0,0.5831999999999999,0.27880215243175305
BTC,bitcoin-above-88k-on-november-25,88000.0,1764090060,1763744400,0.6331395655563684,4.000694444444445,84919.59,87191.19,5.114066466340076,0.02639848495083563,0,2025-11-25,False,0.2,1763745300.0,-0.2112,-0.34620360664925165
ETH,ethereum-above-2600-on-november-27,2600.0,1764262860,1763744400,0.9594095131243402,6.000694444444445,2762.8,3019.61,2.9538585612266006,0.08888302574208178,1,2025-11-27,False,0.67,1763745300.0,0.31452299999999994,0.05197511346402739
BTC,bitcoin-above-78k-on-november-27,78000.0,1764262860,1763745300,0.7429183372253717,5.990277777777778,85128.68,91452.06,2.867724547898809,0.07165090647506252,1,2025-11-27,False,0.81,1763746200.0,0.17922699999999994,-0.02624806337773855
BTC,bitcoin-above-82k-on-november-26,82000.0,1764176460,1763761500,0.6437586781801216,4.802777777777778,85260.26,87880.5,4.7887679292115966,0.030269476248844445,1,2025-11-26,False,0.689,1763762400.0,0.29600047000000007,0.15104697290550165
BTC,bitcoin-above-86k-on-november-25,86000.0,1764090060,1763761500,0.5929027661460087,3.8027777777777776,85260.26,87191.19,6.494161201472163,0.022394832872679866,1,2025-11-25,False,0.33,1763762400.0,0.654523,0.509087345244789
ETH,ethereum-above-2700-on-november-25,2700.0,1764090060,1763763300,0.8927316834124237,3.781944444444444,2766.11,2931.54,4.28444881001023,0.05808588114997532,1,2025-11-25,False,0.54,1763764200.0,0.44261199999999995,0.19374601562859253
BTC,bitcoin-above-84k-on-november-25,84000.0,1764090060,1763767800,0.5958046403989807,3.729861111111111,85032.63,87191.19,6.525684235137881,0.025068228521476065,1,2025-11-25,False,0.56,1763768700.0,0.42275199999999996,0.2591646563345698
ETH,ethereum-above-2800-on-november-25,2800.0,1764090060,1763768700,0.8295034246609179,3.7194444444444446,2764.99,2931.54,4.677172931312058,0.058490863889505675,1,2025-11-25,False,0.4,1763769600.0,0.5831999999999999,0.30962811468694607
BTC,bitcoin-above-84k-on-november-26,84000.0,1764176460,1763768700,0.5970364196317737,4.719444444444444,85252.93,87880.5,5.777595751271791,0.03035545200244482,1,2025-11-26,False,0.56,1763769600.0,0.42275199999999996,0.24737046948273997
BTC,bitcoin-above-88k-on-november-27,88000.0,1764262860,1763770500,0.5635824460162621,5.698611111111111,85515.71,91452.06,5.138275936213913,0.06711479879949203,1,2025-11-27,False,0.29,1763771400.0,0.695587,0.35073264436473167
ETH,ethereum-above-2800-on-november-26,2800.0,1764176460,1763770500,0.8332389396482075,4.698611111111111,2777.49,2949.03,4.182936325394555,0.059928660556244254,1,2025-11-26,False,0.47,1763771400.0,0.512563,0.26188522882704607
BTC,bitcoin-above-84k-on-november-27,84000.0,1764262860,1763770500,0.5960924070568827,5.698611111111111,85515.71,91452.06,5.247134735316745,0.06711479879949203,1,2025-11-27,False,0.56,1763771400.0,0.42275199999999996,0.07059160796539071
ETH,ethereum-above-2900-on-november-26,2900.0,1764176460,1763770500,0.8172744217639711,4.698611111111111,2777.49,2949.03,3.774101003523478,0.059928660556244254,1,2025-11-26,False,0.26,1763771400.0,0.726532,0.5003551820548606
ETH,ethereum-above-2400-on-november-27,2400.0,1764262860,1763780400,0.7015900932584125,5.584027777777778,2752.84,3019.61,1.4104440089114056,0.09249457791950613,1,2025-11-27,False,0.87,1763781300.0,0.122083,-0.008375423283356609
BTC,bitcoin-above-88k-on-november-27,88000.0,1764262860,1763961300,0.5673734283538786,3.4902777777777776,87575.93,91452.06,7.143241679404574,0.043308712057453576,1,2025-11-27,False,0.48,1763962200.0,0.502528,0.19316340294986617
ETH,ethereum-above-2800-on-november-27,2800.0,1764262860,1763961300,0.8620541735303746,3.4902777777777776,2879.61,3019.61,4.537077474281008,0.047472815663239215,1,2025-11-27,False,0.59,1763962200.0,0.39306700000000006,0.17767915741362278
ETH,ethereum-above-2900-on-november-27,2900.0,1764262860,1763961300,0.8342430915980399,3.4902777777777776,2879.61,3019.61,4.850829400238986,0.047472815663239215,1,2025-11-27,False,0.4,1763962200.0,0.5831999999999999,0.3529174700686333
BTC,bitcoin-above-88k-on-november-30,88000.0,1764522060,1764110700,0.46334396861293886,4.761111111111111,87339.6,91748.01,7.432092218379283,0.049241829082305594,1,2025-11-30,False,0.41,1764111600.0,0.5730670000000001,0.20709718525863408
ETH,ethereum-above-3000-on-november-30,3000.0,1764522060,1764111600,0.6895688226779807,4.750694444444445,2970.42,3039.99,5.0022761064057315,0.023150868981050465,1,2025-11-30,False,0.37,1764112500.0,0.613683,0.49787596125356165
BTC,bitcoin-above-90k-on-november-29,90000.0,1764435660,1764111600,0.44672124328674606,3.7506944444444446,87642.41,91009.1,7.319396606639141,0.037694488309035705,1,2025-11-29,False,0.23,1764112500.0,0.757603,0.48170209018184534
ETH,ethereum-above-2900-on-november-30,2900.0,1764522060,1764111600,0.7089916313318855,4.750694444444445,2970.42,3039.99,4.772939022971805,0.023150868981050465,1,2025-11-30,False,0.55,1764112500.0,0.432675,0.3221773140246367
BTC,bitcoin-above-88k-on-december-1,88000.0,1764608460,1764111600,0.4714299115619142,5.750694444444444,87642.41,84618.21,6.709293279684951,-0.035115521531595466,0,2025-12-01,False,0.43,1764112500.0,-0.44715699999999997,-0.2115566673754343
BTC,bitcoin-above-86k-on-november-29,86000.0,1764435660,1764111600,0.4748293909032441,3.7506944444444446,87642.41,91009.1,7.742880194971829,0.037694488309035705,1,2025-11-29,False,0.62,1764112500.0,0.363508,0.07164409301237029
BTC,bitcoin-above-86k-on-november-30,86000.0,1764522060,1764112500,0.48263811019389624,4.740277777777778,87828.4,91748.01,6.810339811025199,0.04366088657320363,1,2025-11-30,False,0.62,1764113400.0,0.363508,0.0661625259858557
BTC,bitcoin-above-88k-on-december-2,88000.0,1764694860,1764112500,0.4763212550799353,6.740277777777778,87828.4,90913.0,6.151327911427689,0.034518094506331934,1,2025-12-02,False,0.45,1764113400.0,0.532675,0.3203428818139016
BTC,bitcoin-above-90k-on-november-30,90000.0,1764522060,1764112500,0.45747488599953534,4.740277777777778,87828.4,91748.01,6.771335492132494,0.04366088657320363,1,2025-11-30,False,0.27,1764113400.0,0.716203,0.4205604891288952
BTC,bitcoin-above-84k-on-december-2,84000.0,1764694860,1764121500,0.5117915561388566,6.636111111111112,88079.2,90913.0,4.672100365951168,0.031666595538250394,1,2025-12-02,False,0.74,1764122400.0,0.246532,0.0985824873973127
BTC,bitcoin-above-84k-on-december-1,84000.0,1764608460,1764121500,0.5119858077990934,5.636111111111111,88079.2,84618.21,4.86130257302099,-0.040086918044490376,1,2025-12-01,False,0.76,1764122400.0,0.227232,0.4221066378341626
BTC,bitcoin-above-90k-on-december-1,90000.0,1764608460,1764121500,0.4570884546747981,5.636111111111111,88079.2,84618.21,6.462212131173659,-0.040086918044490376,0,2025-12-01,False,0.29,1764122400.0,-0.304413,-0.045362831911530066
BTC,bitcoin-above-88k-on-november-29,88000.0,1764435660,1764173700,0.3999745863117171,3.031944444444444,87564.07,91009.1,10.813920111287675,0.03858874753073475,1,2025-11-29,False,0.41,1764174600.0,0.5730670000000001,0.155771367007985
BTC,bitcoin-above-86k-on-december-2,86000.0,1764694860,1764176400,0.45056359479637176,6.000694444444445,87820.01,90913.0,6.531776008576495,0.03461362625645004,1,2025-12-02,False,0.62,1764177300.0,0.363508,0.13741954644828616
BTC,bitcoin-above-86k-on-december-1,86000.0,1764608460,1764176400,0.439115280551825,5.000694444444444,87820.01,84618.21,7.216346355643642,-0.03713988732629071,0,2025-12-01,False,0.63,1764177300.0,-0.646317,-0.37830270944390654
ETH,ethereum-above-3000-on-december-2,3000.0,1764694860,1764178200,0.6561338138040035,5.97986111111111,2975.85,3005.59,4.705104304673453,0.009944175674629368,1,2025-12-02,False,0.41,1764179100.0,0.5730670000000001,0.5262786162268724
ETH,ethereum-above-3100-on-november-30,3100.0,1764522060,1764178200,0.5914642975272425,3.979861111111111,2975.85,3039.99,5.0817252208188375,0.021324513464282113,0,2025-11-30,False,0.35,1764179100.0,-0.365925,-0.4742903178931333
BTC,bitcoin-above-92k-on-december-2,92000.0,1764694860,1764178200,0.4188968468387898,5.97986111111111,88663.14,90913.0,5.758779469182572,0.025058760372817773,0,2025-12-02,False,0.17,1764179100.0,-0.179877,-0.32418487475814883
ETH,ethereum-above-2800-on-december-1,2800.0,1764608460,1764178200,0.6833439585089753,4.979861111111111,2975.85,2735.22,3.848000752324865,-0.08431784107897701,0,2025-12-01,False,0.88,1764179100.0,-0.887392,-0.562936884093688
ETH,ethereum-above-2900-on-december-2,2900.0,1764694860,1764178200,0.6719365474181124,5.97986111111111,2975.85,3005.59,4.487642413842479,0.009944175674629368,1,2025-12-02,False,0.55,1764179100.0,0.432675,0.3880490954718326
BTC,bitcoin-above-92k-on-december-1,92000.0,1764608460,1764179100,0.39597616948332737,4.969444444444444,89512.99,84618.21,7.141237271142249,-0.056234262737319976,0,2025-12-01,False,0.17,1764180000.0,-0.179877,0.22170521297495516
BTC,bitcoin-above-94k-on-december-2,94000.0,1764694860,1764179100,0.41163032628972107,5.969444444444445,89512.99,90913.0,4.801194879373567,0.015519250845420881,0,2025-12-02,False,0.21,1764180000.0,-0.221613,-0.2961239476907486
ETH,ethereum-above-3200-on-november-30,3200.0,1764522060,1764179100,0.5994294657779894,3.9694444444444446,3014.2,3039.99,3.9167224747446934,0.008519770935596764,0,2025-11-30,False,0.1,1764180000.0,-0.1063,-0.13966957830312848
BTC,bitcoin-above-94k-on-november-30,94000.0,1764522060,1764179100,0.3688288914470359,3.9694444444444446,89512.99,91748.01,4.508424474452801,0.024662042912292608,0,2025-11-30,False,0.039,1764180000.0,-0.04162353,-0.15281048785578524
ETH,ethereum-above-3200-on-december-2,3200.0,1764694860,1764179100,0.6511431252328028,5.969444444444445,3014.2,3005.59,3.5892250572594353,-0.002860566854055904,0,2025-12-02,False,0.15,1764180000.0,-0.15892499999999998,-0.14865778176945674
ETH,ethereum-above-3200-on-december-1,3200.0,1764608460,1764180000,0.6342790453026829,4.959027777777778,3026.89,2735.22,3.9520827675649715,-0.10132381837333017,0,2025-12-01,False,0.15,1764180900.0,-0.15892499999999998,0.2415151165371212
ETH,ethereum-above-3300-on-december-2,3300.0,1764694860,1764180000,0.6611772381296431,5.959027777777778,3026.89,3005.59,2.6788603685967027,-0.007061801619723819,0,2025-12-02,False,0.09,1764180900.0,-0.095733,-0.07681541951002986
BTC,bitcoin-above-90k-on-december-2,90000.0,1764694860,1764181800,0.42687142034464454,5.938194444444445,90349.26,90913.0,7.320040717446342,0.006220178625377132,1,2025-12-02,False,0.5,1764182700.0,0.4825,0.43696803919245
BTC,bitcoin-above-92k-on-november-30,92000.0,1764522060,1764181800,0.3749584543908997,3.938194444444444,90349.26,91748.01,9.109288468493473,0.015362970692248831,0,2025-11-30,False,0.26,1764182700.0,-0.273468,-0.41341373176870544
BTC,bitcoin-above-88k-on-november-30,88000.0,1764522060,1764197100,0.40485812327477994,3.7611111111111106,90241.84,91748.01,8.149005602165918,0.016552619713368674,1,2025-11-30,False,0.42,1764198000.0,0.5629480000000001,0.4280606092252368
ETH,ethereum-above-3000-on-november-30,3000.0,1764522060,1764198000,0.6050366120649541,3.7506944444444446,3027.88,3039.99,6.457789122952376,0.003991521268017587,1,2025-11-30,False,0.36,1764198900.0,0.623872,0.598095597371363
ETH,ethereum-above-2900-on-november-30,2900.0,1764522060,1764198000,0.6314993355416453,3.7506944444444446,3027.88,3039.99,5.071124953771423,0.003991521268017587,1,2025-11-30,False,0.57,1764198900.0,0.41284300000000007,0.3926014968942467
BTC,bitcoin-above-88k-on-december-1,88000.0,1764608460,1764198000,0.42675668199417277,4.750694444444445,90386.57,84618.21,7.138145186973981,-0.065946202738257,0,2025-12-01,False,0.44,1764198900.0,-0.457248,0.013485569675299625
BTC,bitcoin-above-90k-on-november-30,90000.0,1764522060,1764198900,0.3817824464840633,3.740277777777778,90512.61,91748.01,10.238851647265479,0.013556619310210162,1,2025-11-30,False,0.5,1764199800.0,0.4825,0.3436957860443037
BTC,bitcoin-above-82k-on-november-30,82000.0,1764522060,1764200700,0.5410561438197359,3.7194444444444446,90417.22,91748.01,1.5473533600331808,0.014611061342662875,1,2025-11-30,False,0.93,1764201600.0,0.06544299999999996,0.04283452513777964
BTC,bitcoin-above-88k-on-december-2,88000.0,1764694860,1764206100,0.4424164156010096,5.656944444444444,90688.06,90913.0,6.331365032727856,0.0024772995822634654,1,2025-12-02,False,0.68,1764207000.0,0.30476799999999993,0.2890833120492657
BTC,bitcoin-above-94k-on-december-1,94000.0,1764608460,1764206100,0.39915425999584847,4.656944444444444,90688.06,84618.21,6.331820020762225,-0.0692762140004774,0,2025-12-01,False,0.16,1764207000.0,-0.169408,0.26923651877083116
BTC,bitcoin-above-90k-on-december-1,90000.0,1764608460,1764207900,0.4120309008917844,4.636111111111111,90706.52,84618.21,8.501064255338479,-0.06947974819718523,0,2025-12-01,False,0.66,1764208800.0,-0.675708,-0.08505619613099047
BTC,bitcoin-above-96k-on-december-1,96000.0,1764608460,1764210600,0.41047685731151595,4.604861111111111,91480.0,84618.21,4.886190967443714,-0.07797087747802826,0,2025-12-01,False,0.08,1764211500.0,-0.085152,0.29582859725680216
BTC,bitcoin-above-98k-on-december-2,98000.0,1764694860,1764210600,0.42221310871768464,5.604861111111111,91480.0,90913.0,3.09842971704998,-0.006217363895287417,0,2025-12-02,False,0.124,1764211500.0,-0.13160368,-0.11233961494512784
ETH,ethereum-above-3300-on-november-30,3300.0,1764522060,1764210600,0.6124362452284948,3.6048611111111106,3067.47,3039.99,3.0726286623282557,-0.00899889166496944,0,2025-11-30,False,0.059,1764211500.0,-0.06288632999999999,-0.035236077541028046
SOL,solana-above-140-on-december-1,140.0,1764608460,1764214200,0.7796100964217664,4.563194444444444,143.1,123.69,4.478991580499671,-0.1457652511754868,0,2025-12-01,False,0.39,1764215100.0,-0.40665300000000004,0.24622833274442513
SOL,solana-above-150-on-december-1,150.0,1764608460,1764214200,0.7584176215164798,4.563194444444444,143.1,123.69,3.934887504949988,-0.1457652511754868,0,2025-12-01,False,0.15,1764215100.0,-0.15892499999999998,0.4146448655063195
SOL,solana-above-140-on-november-30,140.0,1764522060,1764214200,0.7846149136386614,3.5631944444444446,143.1,139.24,4.995492993355426,-0.027344623619167015,0,2025-11-30,False,0.38,1764215100.0,-0.396492,-0.2598921243045099
SOL,solana-above-130-on-november-30,130.0,1764522060,1764214200,0.8880322636022395,3.5631944444444446,143.1,139.24,2.619006053474256,-0.027344623619167015,1,2025-11-30,False,0.78,1764215100.0,0.20798799999999998,0.2796037347885735
ETH,ethereum-above-3000-on-december-2,3000.0,1764694860,1764264600,0.5998984433139308,4.979861111111111,3016.56,3005.59,5.68798947850166,-0.0036432211531717317,1,2025-12-02,False,0.41,1764265500.0,0.5730670000000001,0.5937896035870956
ETH,ethereum-above-3200-on-december-2,3200.0,1764694860,1764270000,0.5959924220038988,4.917361111111111,3037.9,3005.59,4.234253470695985,-0.01069259909007842,0,2025-12-02,False,0.15,1764270900.0,-0.15892499999999998,-0.1136498251920747
ETH,ethereum-above-3000-on-december-1,3000.0,1764608460,1764320400,0.506442519909702,3.3340277777777776,3065.24,2735.22,7.545492072846418,-0.11391399835261966,0,2025-12-01,False,0.57,1764321300.0,-0.5871569999999999,0.27238017155593164
ETH,ethereum-above-2900-on-december-3,2900.0,1764781260,1764320400,0.613761123108552,5.334027777777778,3065.24,3091.38,4.1795967327700705,0.008491723406040414,1,2025-12-03,False,0.72,1764321300.0,0.265888,0.23039602059652636
ETH,ethereum-above-3000-on-december-2,3000.0,1764694860,1764351000,0.5642797512106832,3.979861111111111,3017.7,3005.59,6.753868444221447,-0.0040210636768821745,1,2025-12-02,False,0.41,1764351900.0,0.5730670000000001,0.6002247350794997
BTC,bitcoin-above-94k-on-december-6,94000.0,1765040460,1764722700,0.46521281230581896,3.6777777777777776,91473.55,89685.64,7.106619543041053,-0.01973919239120542,0,2025-12-06,False,0.288,1764723600.0,-0.30235392,-0.16207498958881228
ETH,ethereum-above-3300-on-december-7,3300.0,1765126860,1764742500,0.6732600048453061,4.448611111111111,3069.57,3036.73,3.219563736402401,-0.01075620805424182,0,2025-12-07,False,0.175,1764743400.0,-0.18510625,-0.1504759526073636
ETH,ethereum-above-3200-on-december-7,3200.0,1765126860,1764743400,0.6616415273532908,4.438194444444445,3083.66,3036.73,4.715757931099965,-0.015335924602049066,0,2025-12-07,False,0.23,1764744300.0,-0.242397,-0.17007649192713603
ETH,ethereum-above-3000-on-december-10,3000.0,1765386060,1764902700,0.6824809875778495,5.594444444444444,3188.71,3347.24,3.7475858708818057,0.04851967936896129,1,2025-12-10,False,0.73,1764903600.0,0.256203,0.07437133513716523
SOL,solana-above-140-on-december-11,140.0,1765472460,1765164600,0.7378903764053956,3.5631944444444446,134.46,131.39,4.597169761698932,-0.023096757387160025,0,2025-12-11,False,0.23,1765165500.0,-0.242397,-0.1362172853464515
ETH,ethereum-above-3000-on-december-13,3000.0,1765645260,1765310400,0.9024329098234782,3.8756944444444446,3357.88,3105.36,2.1753964047589007,-0.07818017176626971,1,2025-12-13,False,0.68,1765311300.0,0.30476799999999993,0.4748408645837764
SOL,solana-above-130-on-december-18,130.0,1766077260,1765765800,0.7301590568759455,3.6048611111111106,132.76,126.6,5.324379686395696,-0.04751047714169798,0,2025-12-18,False,0.56,1765766700.0,-0.5772480000000001,-0.3242841806157763
SOL,solana-above-140-on-december-18,140.0,1766077260,1765765800,0.7068698208695803,3.6048611111111106,132.76,126.6,4.15342674082611,-0.04751047714169798,0,2025-12-18,False,0.15,1765766700.0,-0.15892499999999998,0.038406286229736075
ETH,ethereum-above-2900-on-december-30,2900.0,1767114060,1766715300,0.5227788993475835,4.615277777777777,2953.42,2984.93,6.523488718773652,0.010612475092557909,1,2025-12-30,False,0.53,1766716200.0,0.452563,0.3833326384554321
BTC,bitcoin-above-86k-on-december-31,86000.0,1767200460,1766715300,0.37708168493818095,5.615277777777778,88195.66,87622.31,7.467929127914152,-0.006522109570763562,1,2025-12-31,False,0.83,1766716200.0,0.16012300000000004,0.20882965203895293
ETH,ethereum-above-2900-on-december-31,2900.0,1767200460,1766715300,0.536261473421273,5.615277777777778,2953.42,2974.3,5.82592372005796,0.007044896303168736,1,2025-12-31,False,0.53,1766716200.0,0.452563,0.41151997152202063
ETH,ethereum-above-2800-on-december-30,2800.0,1767114060,1766715300,0.5482165845414945,4.615277777777777,2953.42,2984.93,4.568586752503616,0.010612475092557909,1,2025-12-30,False,0.76,1766716200.0,0.227232,0.17874798688086535
ETH,ethereum-above-3000-on-december-29,3000.0,1767027660,1766715300,0.47893310994807914,3.615277777777778,2953.42,2937.32,7.866561434439192,-0.005466219893727954,0,2025-12-29,False,0.26,1766716200.0,-0.273468,-0.23046764539183537
ETH,ethereum-above-2900-on-december-29,2900.0,1767027660,1766715300,0.501109773051321,3.615277777777778,2953.42,2937.32,7.5473324403881445,-0.005466219893727954,1,2025-12-29,False,0.53,1766716200.0,0.452563,0.49381837873022805
ETH,ethereum-above-3100-on-december-30,3100.0,1767114060,1766716200,0.5093407472674332,4.604861111111111,2981.02,2984.93,5.4093316072955675,0.0013107721519025558,0,2025-12-30,False,0.13,1766717100.0,-0.137917,-0.14500740123124933
BTC,bitcoin-above-84k-on-december-31,84000.0,1767200460,1766716200,0.4147792101000764,5.604861111111111,89020.13,87622.31,4.221590741356357,-0.015826878050528057,1,2025-12-31,False,0.83,1766717100.0,0.16012300000000004,0.2269376018426854
ETH,ethereum-above-2900-on-january-1,2900.0,1767286860,1766974500,0.5449727295848626,3.615277777777778,3012.43,2981.17,5.8602366079969235,-0.01043122111936399,1,2026-01-01,False,0.67,1766975400.0,0.31452299999999994,0.37565242386980746
SOL,solana-above-130-on-january-6,130.0,1767718860,1767393900,0.5490244324051179,3.7611111111111106,133.01,138.63,6.652407427163933,0.041384200185079954,1,2026-01-06,False,0.59,1767394800.0,0.39306700000000006,0.11776243932153518
BTC,bitcoin-above-92k-on-january-8,92000.0,1767891660,1767485700,0.4345366890943848,4.698611111111111,91399.99,90904.38,7.992225417051485,-0.005437184209844049,0,2026-01-08,False,0.45,1767486600.0,-0.467325,-0.4238697981608934
SOL,solana-above-130-on-january-8,130.0,1767891660,1767485700,0.630333942870219,4.698611111111111,134.55,138.45,5.051833066650486,0.028573372444055948,1,2026-01-08,False,0.62,1767486600.0,0.363508,0.21916009226139835
XRP,xrp-above-2-on-january-8,2.0,1767891660,1767499200,0.6194784002856938,4.542361111111111,2.0581,2.1426,5.371097511928618,0.04023681775004313,1,2026-01-08,False,0.57,1767500100.0,0.41284300000000007,0.19672712829481814
SOL,solana-above-130-on-january-7,130.0,1767805260,1767529800,0.6131435455987712,3.188194444444444,134.76,135.63,5.818858401050623,0.006435171436271494,1,2026-01-07,False,0.67,1767530700.0,0.31452299999999994,0.27707764862585055
BTC,bitcoin-above-94k-on-january-12,94000.0,1768237260,1767735000,0.4414147243564194,5.813194444444444,93520.42,92149.84,7.110372515822234,-0.01476386035687927,0,2026-01-12,False,0.4,1767735900.0,-0.4168,-0.31182345309100823
ETH,ethereum-above-3500-on-january-11,3500.0,1768150860,1767743100,0.6002691006036505,4.719444444444444,3291.49,3130.49,3.7786186079846975,-0.05015080797243523,0,2026-01-11,False,0.11,1767744000.0,-0.116853,0.07264777621011108
ETH,ethereum-above-3200-on-january-13,3200.0,1768323660,1767838500,0.5247016355778807,5.615277777777778,3181.37,3182.88,6.084329829280511,0.0004745256796432828,0,2026-01-13,False,0.41,1767839400.0,-0.426933,-0.42982017074741324
ETH,ethereum-above-3100-on-january-11,3100.0,1768150860,1767858300,0.5081652794569715,3.386111111111111,3130.37,3130.49,8.027358477406544,3.8333391902929725e-05,1,2026-01-11,False,0.54,1767859200.0,0.44261199999999995,0.4423042841215402
ETH,ethereum-above-3200-on-january-11,3200.0,1768150860,1767861000,0.49722258810051284,3.354861111111111,3133.8,3130.49,7.520499508744773,-0.001056783867940002,0,2026-01-11,False,0.27,1767861900.0,-0.283797,-0.2758494574403078
SOL,solana-above-140-on-january-15,140.0,1768496460,1767909600,0.6327669548871009,6.792361111111111,139.61,143.69,4.608560445139564,0.028805380240558513,1,2026-01-15,False,0.41,1767910500.0,0.5730670000000001,0.44031566401615735
ETH,ethereum-above-3200-on-january-12,3200.0,1768237260,1767910500,0.45976796192102803,3.781944444444444,3126.44,3130.55,7.445132198490821,0.0013137309125049468,0,2026-01-12,False,0.24,1767911400.0,-0.252768,-0.2625489003168433
BTC,bitcoin-above-88k-on-january-15,88000.0,1768496460,1767972600,0.40047635085310157,6.063194444444444,91680.59,96820.1,5.754980276642732,0.054543928982172266,1,2026-01-15,False,0.74,1767973500.0,0.246532,-0.06736723550300325
BTC,bitcoin-above-90k-on-january-15,90000.0,1768496460,1767972600,0.3790187373217105,6.063194444444444,91680.59,96820.1,7.6698348884933205,0.054543928982172266,1,2026-01-15,False,0.55,1767973500.0,0.432675,0.01433207053703317
BTC,bitcoin-above-90k-on-january-13,90000.0,1768323660,1767997800,0.3096532456970486,3.771527777777778,90603.52,93371.06,12.431682936583364,0.03008838272292713,1,2026-01-13,False,0.56,1767998700.0,0.42275199999999996,0.048702765913997026
BTC,bitcoin-above-90k-on-january-14,90000.0,1768410060,1768000500,0.3329854025170881,4.740277777777778,90708.05,97283.07,10.329813561488333,0.06997886879087421,1,2026-01-14,False,0.56,1768001400.0,0.42275199999999996,-0.3001166678535851
ETH,ethereum-above-3100-on-january-15,3100.0,1768496460,1768042800,0.45907412890700955,5.250694444444445,3102.96,3335.31,7.245072335863807,0.07220913393864378,1,2026-01-15,False,0.46,1768043700.0,0.5226120000000001,-0.0005483986955523434
ETH,ethereum-above-3100-on-january-15,3100.0,1768496460,1768129200,0.5058283052952236,4.250694444444444,3107.76,3335.31,7.307167285837285,0.07066341912435693,1,2026-01-15,False,0.46,1768130100.0,0.5226120000000001,0.00626257546909037
SOL,solana-above-140-on-january-15,140.0,1768496460,1768177800,0.56461672590398,3.6881944444444446,140.7,143.69,7.016606860046208,0.021028237120771866,1,2026-01-15,False,0.47,1768178700.0,0.512563,0.3650161271637138
BTC,bitcoin-above-90k-on-january-15,90000.0,1768496460,1768186800,0.41475665369162795,3.584027777777778,92203.56,96820.1,8.260747711402432,0.04885587582466753,1,2026-01-15,False,0.69,1768187700.0,0.29502700000000004,-0.10855906440718366
BTC,bitcoin-above-92k-on-january-15,92000.0,1768496460,1768231800,0.39536668551588067,3.0631944444444446,91320.0,96820.1,10.744262876056377,0.05848479569387374,1,2026-01-15,False,0.37,1768232700.0,0.613683,-0.01469301918742949
BTC,bitcoin-above-94k-on-january-15,94000.0,1768496460,1768232700,0.39161179960626313,3.0527777777777776,91529.71,96820.1,8.335553232202383,0.05619099832390044,1,2026-01-15,False,0.16,1768233600.0,0.830592,0.362208942300533
XRP,xrp-above-1pt9-on-january-15,1.9,1768496460,1768233600,0.7025690750654985,3.042361111111111,2.0941,2.0934,2.0667980190916233,-0.00033432836132314475,1,2026-01-15,False,0.88,1768234500.0,0.112608,0.11329898919490883
BTC,bitcoin-above-88k-on-january-15,88000.0,1768496460,1768234500,0.4417524364481919,3.031944444444444,91793.7,96820.1,5.840622175860586,0.05331094953497554,1,2026-01-15,False,0.82,1768235400.0,0.16966800000000004,-0.14170111407016273
ETH,ethereum-above-3200-on-january-15,3200.0,1768496460,1768235400,0.513202790042727,3.0215277777777776,3143.22,3335.31,7.865488978836017,0.059317876386820394,1,2026-01-15,False,0.28,1768236300.0,0.705888,0.23932389703150697
ETH,ethereum-above-3100-on-january-18,3100.0,1768755660,1768342500,0.5491820806779869,4.781944444444445,3321.26,3334.02,3.598241864458219,0.003834554108930627,1,2026-01-18,False,0.79,1768343400.0,0.19838699999999995,0.18458934687371548
XRP,xrp-above-2pt3-on-january-18,2.3,1768755660,1768342500,0.6083604686828037,4.781944444444445,2.161,2.0512,3.7175970712940307,-0.05214608978053499,0,2026-01-18,False,0.12,1768343400.0,-0.127392,0.06646615064755246
ETH,ethereum-above-3300-on-january-18,3300.0,1768755660,1768342500,0.5085663407971336,4.781944444444445,3321.26,3334.02,6.830844379592594,0.003834554108930627,1,2026-01-18,False,0.31,1768343400.0,0.6750269999999999,0.6488337576167674
ETH,ethereum-above-3400-on-january-19,3400.0,1768842060,1768342500,0.50376225393932,5.781944444444444,3321.26,3221.91,5.805394745990348,-0.030369877598162485,0,2026-01-19,False,0.19,1768343400.0,-0.200773,-0.024463872155257527
BTC,bitcoin-above-100k-on-january-19,100000.0,1768842060,1768344300,0.3936304908655644,5.761111111111111,95583.98,93294.63,5.1958230607013105,-0.024242682866861168,0,2026-01-19,False,0.119,1768345200.0,-0.12633872999999998,-0.0003780393070941801
BTC,bitcoin-above-96k-on-january-20,96000.0,1768928460,1768493700,0.35797561097816033,5.031944444444444,96377.92,90148.01,9.466621435268054,-0.06682425465327894,0,2026-01-20,False,0.58,1768494600.0,-0.5970519999999999,0.035547921496541623
ETH,ethereum-above-3300-on-january-19,3300.0,1768842060,1768519800,0.43250216062042063,3.729861111111111,3312.98,3221.91,9.103741663585492,-0.0278737350711505,0,2026-01-19,False,0.49,1768520700.0,-0.507493,-0.2537377167130231
SOL,solana-above-140-on-january-21,140.0,1769014860,1768589100,0.5042774002927839,4.927777777777777,143.75,126.14,6.229044965898419,-0.1306832784419547,0,2026-01-21,False,0.61,1768590000.0,-0.626653,0.18737901770595933
SOL,solana-above-150-on-january-22,150.0,1769101260,1768592700,0.5132396858826257,5.886111111111111,144.14,127.87,4.97461766959175,-0.11977092667321795,0,2026-01-22,False,0.19,1768593600.0,-0.200773,0.3950415681319679
XRP,xrp-above-2pt2-on-january-21,2.2,1769014860,1768596300,0.5367356085190517,4.844444444444444,2.0713,1.8856,3.8905296098457915,-0.09393035683955588,0,2026-01-21,False,0.1,1768597200.0,-0.1063,0.2591388345476733
XRP,xrp-above-2-on-january-20,2.0,1768928460,1768596300,0.5306227779964352,3.8444444444444446,2.0713,1.909,6.059717113014073,-0.08159688473572957,0,2026-01-20,False,0.69,1768597200.0,-0.704973,-0.2105189611982627
BTC,bitcoin-above-96k-on-january-22,96000.0,1769101260,1768597200,0.3211751607812354,5.834027777777778,95553.6,89026.0,9.735710797494232,-0.07075888468511231,0,2026-01-22,False,0.4,1768598100.0,-0.4168,0.27208803764749717
XRP,xrp-above-2-on-january-21,2.0,1769014860,1768597200,0.54436496391152,4.834027777777778,2.0791,1.8856,5.3576926829582785,-0.0976890351274214,0,2026-01-21,False,0.69,1768598100.0,-0.704973,-0.18158517129256013
XRP,xrp-above-2-on-january-22,2.0,1769101260,1768597200,0.5524177447954767,5.834027777777778,2.0791,1.922,4.988659352795972,-0.07856879721910491,0,2026-01-22,False,0.67,1768598100.0,-0.685477,-0.29352403491498213
ETH,ethereum-above-3400-on-january-22,3400.0,1769101260,1768761000,0.4793939600865388,3.938194444444444,3362.23,2942.02,7.76652628968415,-0.13350802405350756,0,2026-01-22,False,0.35,1768761900.0,-0.365925,0.6709685786953503
ETH,ethereum-above-3300-on-january-22,3300.0,1769101260,1768761000,0.49237332376557275,3.938194444444444,3362.23,2942.02,7.362990977113499,-0.13350802405350756,0,2026-01-22,False,0.57,1768761900.0,-0.5871569999999999,0.3958613764782283
BTC,bitcoin-above-90k-on-january-25,90000.0,1769360460,1769004900,0.4000042526283079,4.115277777777778,89578.8,88049.67,9.311656730599962,-0.01721759777747783,0,2026-01-25,False,0.53,1769005800.0,-0.5474370000000001,-0.3871126397705857
ETH,ethereum-above-3000-on-january-25,3000.0,1769360460,1769004900,0.5447094893330385,4.115277777777778,2974.01,2897.46,6.787449768033767,-0.026076719374925988,0,2026-01-25,False,0.38,1769005800.0,-0.396492,-0.21949757712757698
ETH,ethereum-above-2900-on-january-25,2900.0,1769360460,1769005800,0.5791298390382353,4.104861111111111,2975.87,2897.46,6.020564570591389,-0.026701942088859638,0,2026-01-25,False,0.728,1769006700.0,-0.7418611199999999,-0.5811003534938286
ETH,ethereum-above-2900-on-january-27,2900.0,1769533260,1769022000,0.5429326719698381,5.917361111111111,2927.4,2986.15,5.741306925378458,0.01987027521491005,1,2026-01-27,False,0.52,1769022900.0,0.462528,0.348446651299461
ETH,ethereum-above-2900-on-january-28,2900.0,1769619660,1769024700,0.5569151489703716,6.886111111111111,3034.01,2999.17,4.477546375041024,-0.011549593177654308,1,2026-01-28,False,0.66,1769025600.0,0.32429199999999997,0.37600583906580454
BTC,bitcoin-above-86k-on-february-5,86000.0,1770310860,1769784300,0.41819540041263686,6.094444444444444,83650.86,68102.04,6.382607495221253,-0.20564453965850846,0,2026-02-05,False,0.26,1769785200.0,-0.273468,1.0390803801757202
BTC,bitcoin-above-82k-on-february-3,82000.0,1770138060,1769784300,0.4537890445410064,4.094444444444444,83650.86,76464.84,7.690595865089907,-0.08982068097514669,0,2026-02-03,False,0.606,1769785200.0,-0.62271348,0.06806107770702274
ETH,ethereum-above-2700-on-february-3,2700.0,1770138060,1769784300,0.5733041087114193,4.094444444444444,2759.5,2241.65,6.224771946562433,-0.20783730204950307,0,2026-02-03,False,0.606,1769785200.0,-0.62271348,0.6710263272469696
BTC,bitcoin-above-84k-on-february-4,84000.0,1770224460,1769784300,0.4283896842066128,5.094444444444445,83650.86,73800.99,7.837091161467807,-0.12527956216184347,0,2026-02-04,False,0.4,1769785200.0,-0.4168,0.5650273493311402
BTC,bitcoin-above-84k-on-february-3,84000.0,1770138060,1769796900,0.3826880143818208,3.9486111111111115,82871.83,76464.84,9.395241453369353,-0.08046417006009382,0,2026-02-03,False,0.34,1769797800.0,-0.355708,0.40027230605955466
BTC,bitcoin-above-78k-on-february-3,78000.0,1770138060,1769878800,0.5855350738919195,3.000694444444444,80365.04,76464.84,6.5085924320737965,-0.049748228412796774,0,2026-02-03,False,0.613,1769879700.0,-0.62960617,-0.30581522704339226
BTC,bitcoin-above-70k-on-february-9,70000.0,1770656460,1770227100,0.6641575067852379,4.969444444444444,72769.18,70270.91,4.6270591227391416,-0.0349345987456163,1,2026-02-09,False,0.684,1770228000.0,0.30086991999999996,0.46251437382513527
BTC,bitcoin-above-68k-on-february-8,68000.0,1770570060,1770228000,0.7421941219091877,3.9590277777777776,72576.08,70545.46,3.7360150315197034,-0.02837806625296071,1,2026-02-08,False,0.834,1770228900.0,0.15630892000000005,0.2623298020865233
ETH,ethereum-above-1900-on-february-9,1900.0,1770656460,1770291000,1.0510931759304636,4.229861111111111,2069.0,2096.93,2.766370936779274,0.013408971578712672,1,2026-02-09,False,0.818,1770291900.0,0.17157868000000004,0.13448449073255
BTC,bitcoin-above-68k-on-february-9,68000.0,1770656460,1770292800,0.6850002795821676,4.209027777777778,70318.35,70270.91,4.967708466694313,-0.0006748737677482313,1,2026-02-09,False,0.659,1770293700.0,0.32526966999999996,0.32862224612999275
ETH,ethereum-above-1900-on-february-8,1900.0,1770570060,1770293700,1.159732229424712,3.198611111111111,2071.63,2085.63,2.78975902341115,0.006735230860639212,1,2026-02-08,False,0.819,1770294600.0,0.17062327000000005,0.15183359893177456
ETH,ethereum-above-2000-on-february-9,2000.0,1770656460,1770293700,0.9474021992253205,4.198611111111111,2071.63,2096.93,3.7584415669036857,0.012138633319229241,1,2026-02-09,False,0.66,1770294600.0,0.32429199999999997,0.27866965596760673
ETH,ethereum-above-2000-on-february-8,2000.0,1770570060,1770295500,1.0200953836766486,3.1777777777777776,2057.9,2085.63,4.060108748589675,0.01338492251716248,1,2026-02-08,False,0.64,1770296400.0,0.34387199999999996,0.2895277589888736
BTC,bitcoin-above-64k-on-february-11,64000.0,1770829260,1770306300,0.8304695023751261,6.052777777777777,67519.99,66080.42,3.3754687220782524,-0.021551217058698193,1,2026-02-11,False,0.695,1770307200.0,0.29016175000000005,0.3629072091043551
BTC,bitcoin-above-66k-on-february-11,66000.0,1770829260,1770306300,0.7826849286043518,6.052777777777777,67519.99,66080.42,3.8976535776931738,-0.021551217058698193,1,2026-02-11,False,0.59,1770307200.0,0.39306700000000006,0.4770661782724772
ETH,ethereum-above-1800-on-february-8,1800.0,1770570060,1770306300,1.3332830980082375,3.0527777777777776,1964.83,2085.63,2.6356038068826626,0.059665240299766574,1,2026-02-08,False,0.777,1770307200.0,0.21087103,0.05361709552736635
ETH,ethereum-above-1800-on-february-10,1800.0,1770742860,1770306300,1.1940908131796952,5.052777777777778,1964.83,2023.6,2.43641352170627,0.029472375851881904,1,2026-02-10,False,0.736,1770307200.0,0.25039872,0.1785918249576656
SOL,solana-above-80-on-february-8,80.0,1770570060,1770306300,1.13551067963464,3.0527777777777776,85.45,86.49,3.24178736956665,0.012097390756820613,1,2026-02-08,False,0.67,1770307200.0,0.31452299999999994,0.27530583143982656
SOL,solana-above-80-on-february-10,80.0,1770742860,1770307200,1.0545393921535078,5.042361111111111,84.61,84.34,2.9829169384542995,-0.0031962146179956978,1,2026-02-10,False,0.636,1770308100.0,0.34779472,0.3573287627229546
SOL,solana-above-80-on-february-9,80.0,1770656460,1770317100,1.1010146904983271,3.927777777777778,81.47,86.38,3.4746956784489824,0.058521313210004706,1,2026-02-09,False,0.612,1770318000.0,0.37137808,0.1680343258920373
BTC,bitcoin-above-58k-on-february-12,58000.0,1770915660,1770326100,1.1133710324481259,6.823611111111111,63432.34,65712.79,2.2987021627946462,0.0353197532728702,1,2026-02-12,False,0.79,1770327000.0,0.19838699999999995,0.11719740676227994
SOL,solana-above-70-on-february-12,70.0,1770915660,1770329700,1.298326720814214,6.781944444444444,79.36,78.11,1.8593058358153185,-0.015876373354411416,1,2026-02-12,False,0.78,1770330600.0,0.20798799999999998,0.23750703362943995
XRP,xrp-above-1pt2-on-february-10,1.2,1770742860,1770331500,1.3828449161573007,4.761111111111111,1.2059,1.4155,2.523076134326051,0.16025664944240747,1,2026-02-10,False,0.553,1770332400.0,0.42969662999999997,0.025356902424805428
SOL,solana-above-70-on-february-11,70.0,1770829260,1770336900,1.24361513722411,5.698611111111111,72.34,78.69,2.544438225839624,0.08413885602294012,1,2026-02-11,False,0.5,1770337800.0,0.4825,0.26841387845681464
BTC,bitcoin-above-72k-on-february-9,72000.0,1770656460,1770396300,0.7035260491659825,3.0111111111111115,69802.0,70270.91,5.461855361222777,0.0066952525171052315,0,2026-02-09,False,0.3,1770397200.0,-0.3147,-0.3512685008552915
BTC,bitcoin-above-66k-on-february-10,66000.0,1770742860,1770448500,0.7348675202925466,3.4069444444444446,67951.49,69432.0,5.23769905334556,0.021553788097050334,1,2026-02-10,False,0.675,1770449400.0,0.30964374999999994,0.1967514944880686
SOL,solana-above-80-on-february-10,80.0,1770742860,1770450300,1.1407994936071832,3.386111111111111,85.98,84.34,3.0306009944034527,-0.019258462749721667,1,2026-02-10,False,0.725,1770451200.0,0.26104375,0.3194084663599884
XRP,xrp-above-1pt4-on-february-11,1.4,1770829260,1770466500,1.0340542870921985,4.198611111111111,1.4151,1.3474,3.594101371202694,-0.049023390431766296,0,2026-02-11,False,0.56,1770467400.0,-0.5772480000000001,-0.4010529652281838
XRP,xrp-above-1pt4-on-february-12,1.4,1770915660,1770466500,1.0340542870921985,5.198611111111111,1.4151,1.3507,3.2317018856387425,-0.046577223391607254,0,2026-02-12,False,0.58,1770467400.0,-0.5970519999999999,-0.4465282993375258
SOL,solana-above-70-on-february-11,70.0,1770829260,1770485400,0.9826800596122699,3.979861111111111,87.31,78.69,0.42671918648139223,-0.10394892127582435,1,2026-02-11,False,0.93,1770486300.0,0.06544299999999996,0.10979999912243801
SOL,solana-above-70-on-february-12,70.0,1770915660,1770485400,0.9826800596122699,4.979861111111111,87.31,78.11,0.6074831942680818,-0.11134691420051043,1,2026-02-12,False,0.9,1770486300.0,0.09369999999999998,0.1613413791104201
BTC,bitcoin-above-66k-on-february-16,66000.0,1771261260,1770811200,0.5989150921013454,5.209027777777778,67053.03,67900.0,5.480797885473622,0.012552235701407703,1,2026-02-16,False,0.63,1770812100.0,0.35368299999999997,0.2848867331097581
BTC,bitcoin-above-66k-on-february-14,66000.0,1771088460,1770822000,0.6110342720687729,3.0840277777777776,66584.6,69718.67,7.044050957702433,0.045994824587594935,1,2026-02-14,False,0.51,1770822900.0,0.472507,0.14851711181439647
BTC,bitcoin-above-68k-on-february-14,68000.0,1771088460,1770822000,0.5618093737649732,3.0840277777777776,66584.6,69718.67,7.033483823695813,0.045994824587594935,1,2026-02-14,False,0.31,1770822900.0,0.6750269999999999,0.3515231452894245
SOL,solana-above-100-on-february-26,100.0,1772125260,1771689600,1.630366509999662,5.042361111111111,86.58,84.79,1.4533665112277259,-0.020891230697922772,0,2026-02-26,False,0.04,1771690500.0,-0.042688000000000004,-0.012325384925306417
SOL,solana-above-100-on-february-25,100.0,1772038860,1771689600,1.5438305464828876,4.042361111111111,86.58,87.47,1.5367072632825094,0.010227035417929107,0,2026-02-25,False,0.037,1771690500.0,-0.039494169999999995,-0.05521012960857913
SOL,solana-above-100-on-february-24,100.0,1771952460,1771689600,1.3885815885759962,3.042361111111111,86.58,78.15,1.5316286865996225,-0.10243878514634876,0,2026-02-24,False,0.039,1771690500.0,-0.04162353,0.11527465195056308
SOL,solana-above-110-on-february-26,110.0,1772125260,1771689600,1.630366509999662,5.042361111111111,86.58,84.79,0.8424137661831205,-0.020891230697922772,0,2026-02-26,False,0.032,1771690500.0,-0.03416832,-0.01656925966756246
ETH,ethereum-above-1900-on-february-26,1900.0,1772125260,1771811100,0.7327740832486724,3.6361111111111115,1872.82,1989.24,5.307877682896484,0.06030733990817171,1,2026-02-26,False,0.39,1771812000.0,0.593347,0.27324301638656284
SOL,solana-above-90-on-february-28,90.0,1772298060,1772034300,0.8362317121505028,3.0527777777777776,86.11,81.06,4.315072895018283,-0.06043592750791128,0,2026-02-28,False,0.179,1772035200.0,-0.18928713,0.07149830267467785
XRP,xrp-above-1pt4-on-march-3,1.4,1772557260,1772044200,0.7479852122384416,5.938194444444445,1.4734,1.3673,3.7123003740026586,-0.07473466293367735,0,2026-03-03,False,0.65,1772045100.0,-0.665925,-0.38848748284034695
ETH,ethereum-above-2000-on-march-1,2000.0,1772384460,1772124300,0.609141791148598,3.0111111111111115,2011.75,1973.13,7.18863372296418,-0.019383875665882254,0,2026-03-01,False,0.45,1772125200.0,-0.467325,-0.327981417706494
SOL,solana-above-80-on-march-3,80.0,1772557260,1772199000,0.795742714790658,4.146527777777777,82.94,85.2,4.370874116761266,0.026883979017034897,1,2026-03-03,False,0.67,1772199900.0,0.31452299999999994,0.19701651195888914
BTC,bitcoin-above-62k-on-march-3,62000.0,1772557260,1772261100,0.5331869037607325,3.427777777777778,64052.07,68079.21,6.432190457775024,0.060975533880809576,1,2026-03-03,False,0.64,1772262000.0,0.34387199999999996,-0.048334247185881085
BTC,bitcoin-above-60k-on-march-3,60000.0,1772557260,1772262000,0.6405568672016141,3.417361111111111,63216.01,68079.21,4.6310996930580215,0.07411428834566922,1,2026-03-03,False,0.851,1772262900.0,0.14012407000000002,-0.20310658800884238
BTC,bitcoin-above-62k-on-march-4,62000.0,1772643660,1772269200,0.6557933957504303,4.334027777777778,63473.28,73257.96,5.348272218014358,0.14336788099390513,1,2026-03-04,False,0.68,1772270100.0,0.30476799999999993,-0.46200245487529157
ETH,ethereum-above-1800-on-march-3,1800.0,1772557260,1772270100,0.8139860200080895,3.3236111111111115,1855.77,1980.46,4.824171942758368,0.06502943668470508,1,2026-03-03,False,0.667,1772271000.0,0.31745222999999995,0.0037390460922639424
BTC,bitcoin-above-64k-on-march-3,64000.0,1772557260,1772276400,0.6241818054607393,3.2506944444444446,64010.39,68079.21,6.7702164570287025,0.0616264662691409,1,2026-03-03,False,0.51,1772277300.0,0.472507,0.055282483876138044
ETH,ethereum-above-1900-on-march-3,1900.0,1772557260,1772297100,0.7659667472389269,3.0111111111111115,1908.88,1980.46,5.73135787424062,0.03681245832427159,1,2026-03-03,False,0.54,1772298000.0,0.44261199999999995,0.2316266271130313
SOL,solana-above-90-on-march-5,90.0,1772730060,1772331300,0.7727894227267602,4.615277777777777,88.14,88.93,4.409720262874332,0.008923083997707868,0,2026-03-05,False,0.25,1772332200.0,-0.263125,-0.3024733043120221
BTC,bitcoin-above-66k-on-march-12,66000.0,1773331260,1772762400,0.6176489045792424,6.584027777777778,71257.2,70296.55,3.258265067547674,-0.01357314445366334,1,2026-03-12,False,0.84,1772763300.0,0.15059200000000003,0.19481690243014976
SOL,solana-above-70-on-march-12,70.0,1773331260,1773065700,0.8928230688927428,3.073611111111111,84.8,86.46,0.3456996228334746,0.019386336441628262,1,2026-03-12,False,0.989,1773066600.0,0.01023847000000001,0.0035366208040062755
ETH,ethereum-above-1900-on-march-17,1900.0,1773763260,1773360000,0.7263578086325672,4.667361111111111,2073.52,2317.13,2.8783987404916695,0.11108170472658942,1,2026-03-17,False,0.83,1773360900.0,0.16012300000000004,-0.15961443897668245
ETH,ethereum-above-2200-on-march-22,2200.0,1774195260,1773927900,0.7319598254396387,3.0944444444444446,2138.1,2081.71,5.332052615909157,-0.026727912847707126,0,2026-03-22,False,0.29,1773928800.0,-0.304413,-0.16189836238259125
BTC,bitcoin-above-70k-on-march-22,70000.0,1774195260,1773927900,0.5415063368791876,3.0944444444444446,69717.19,68835.4,7.956389121600504,-0.012728768270817497,0,2026-03-22,False,0.44,1773928800.0,-0.457248,-0.355972966598694
BTC,bitcoin-above-68k-on-march-24,68000.0,1774368060,1773927900,0.585093644853314,5.094444444444445,69717.19,69838.04,5.472335980792042,0.0017319312247676961,1,2026-03-24,False,0.63,1773928800.0,0.35368299999999997,0.34420529044244647
BTC,bitcoin-above-68k-on-march-25,68000.0,1774454460,1773928800,0.5918988184438383,6.084027777777777,69905.65,70850.63,4.954420356658464,0.013427382392550308,1,2026-03-25,False,0.62,1773929700.0,0.363508,0.29698310333771133
BTC,bitcoin-above-66k-on-march-23,66000.0,1774281660,1773928800,0.6341016362797953,4.084027777777778,69905.65,70183.08,4.2370134331566955,0.0039607806093806324,1,2026-03-23,False,0.829,1773929700.0,0.16107687000000004,0.14429498935226773
ETH,ethereum-above-2100-on-march-23,2100.0,1774281660,1773971100,0.6945608916792204,3.5944444444444446,2159.07,2130.82,5.409070703960097,-0.013170691262155258,1,2026-03-23,False,0.63,1773972000.0,0.35368299999999997,0.4249242002570272
BTC,bitcoin-above-70k-on-march-23,70000.0,1774281660,1773971100,0.5073273334008381,3.5944444444444446,70574.0,70183.08,7.850085689680678,-0.005554548376360581,1,2026-03-23,False,0.54,1773972000.0,0.44261199999999995,0.4862156807219072
ETH,ethereum-above-2200-on-march-24,2200.0,1774368060,1774042200,0.6256136706842814,3.771527777777778,2151.93,2134.13,5.838066109130817,-0.00830604440236622,0,2026-03-24,False,0.31,1774043100.0,-0.324973,-0.27648176367361005
ETH,ethereum-above-2300-on-march-26,2300.0,1774540860,1774062000,0.7860046465187208,5.542361111111111,2154.9,2069.24,3.1756311413680303,-0.040562928663879304,0,2026-03-26,False,0.18,1774062900.0,-0.190332,-0.061519100549894984
XRP,xrp-above-1pt4-on-march-30,1.4,1774886460,1774431000,0.6685787982113276,5.271527777777778,1.4176,1.3439,4.932285538345685,-0.05338946629779797,0,2026-03-30,False,0.51,1774431900.0,-0.527493,-0.26416090747937676
SOL,solana-above-90-on-march-31,90.0,1774972860,1774542600,0.6975582801216215,4.979861111111111,87.46,80.99,4.5340162013033565,-0.07685585572387604,0,2026-03-31,False,0.37,1774543500.0,-0.386317,-0.037851304982912726
BTC,bitcoin-above-64k-on-april-2,64000.0,1775145660,1774824300,0.5925350433322827,3.7194444444444446,65684.25,66813.75,6.146056773253944,0.017049726959861827,1,2026-04-02,False,0.74,1774825200.0,0.246532,0.14174341013621083
BTC,bitcoin-above-66k-on-april-2,66000.0,1775145660,1774824300,0.5476997802623703,3.7194444444444446,65684.25,66813.75,7.1685931296965615,0.017049726959861827,1,2026-04-02,False,0.53,1774825200.0,0.452563,0.33034044445233224
SOL,solana-above-80-on-april-4,80.0,1775318460,1774996200,0.7028115809889308,3.729861111111111,82.66,81.16,5.130652647506378,-0.018313294125972275,1,2026-04-04,False,0.74,1774997100.0,0.246532,0.3404911509919827
SOL,solana-above-80-on-april-7,80.0,1775577660,1774997100,0.6948403115735692,6.719444444444444,82.77,78.87,4.028157867411502,-0.048264749487404814,0,2026-04-07,False,0.68,1774998000.0,-0.6952320000000001,-0.5008139696336651
SOL,solana-above-80-on-april-6,80.0,1775491260,1774997100,0.6961484803275287,5.719444444444444,82.77,82.19,4.310475607205815,-0.007032036736895744,1,2026-04-06,False,0.7,1774998000.0,0.28530000000000005,0.31561142282336435
SOL,solana-above-80-on-april-5,80.0,1775404860,1774999800,0.6740170239967203,4.688194444444444,83.0,79.63,4.732884371403753,-0.04144970152724456,0,2026-04-05,False,0.74,1775000700.0,-0.753468,-0.557291355442354
BTC,bitcoin-above-70k-on-april-8,70000.0,1775664060,1775076300,0.48942835432304993,6.802777777777778,68179.01,71329.98,5.4483552201014005,0.04517996968584854,1,2026-04-08,False,0.31,1775077200.0,0.6750269999999999,0.42887047631808406
BTC,bitcoin-above-68k-on-april-6,68000.0,1775491260,1775142000,0.4351283543180476,4.042361111111111,66868.18,69938.59,8.075867656317984,0.04489435258743878,1,2026-04-06,False,0.36,1775142900.0,0.623872,0.2613111499877676
BTC,bitcoin-above-68k-on-april-7,68000.0,1775577660,1775142000,0.4553242303197568,5.042361111111111,66868.18,68187.74,7.034921211434461,0.019541564586474505,1,2026-04-07,False,0.38,1775142900.0,0.603508,0.46603463278599405
SOL,solana-above-80-on-april-9,80.0,1775750460,1775158200,0.6801731966273638,6.854861111111111,79.02,83.98,4.212041124061531,0.06087769027280258,1,2026-04-09,False,0.46,1775159100.0,0.5226120000000001,0.266192665033075
SOL,solana-above-80-on-april-9,80.0,1775750460,1775252700,0.5204673302373497,5.761111111111111,80.51,83.98,6.088450328865048,0.04219727494415792,1,2026-04-09,False,0.56,1775253600.0,0.42275199999999996,0.16583598748903283
BTC,bitcoin-above-74k-on-april-14,74000.0,1776182460,1775599200,0.4586287939947694,6.750694444444444,69927.64,75356.48,4.116947898017861,0.07476892693514073,1,2026-04-14,False,0.23,1775600100.0,0.757603,0.4497832234173214
BTC,bitcoin-above-74k-on-april-12,74000.0,1776009660,1775604600,0.4770193412844384,4.688194444444444,72753.27,70860.0,6.961772239096391,-0.026367754057732735,0,2026-04-12,False,0.29,1775605500.0,-0.304413,-0.120846701793555
BTC,bitcoin-above-72k-on-april-13,72000.0,1776096060,1775604600,0.48975376894865674,5.688194444444445,72753.27,71902.91,6.461836869091188,-0.011757116708063883,0,2026-04-13,False,0.53,1775605500.0,-0.5474370000000001,-0.47146442978162484
XRP,xrp-above-1pt3-on-april-12,1.3,1776009660,1775614500,0.617912921389672,4.573611111111111,1.3749,1.3234,4.270555859032557,-0.03817681860522909,1,2026-04-12,False,0.77,1775615400.0,0.217603,0.3806392363737842
BTC,bitcoin-above-74k-on-april-18,74000.0,1776528060,1776267000,0.4128900563829331,3.0215277777777776,74026.71,76032.8,10.619168001588308,0.026738852105493763,1,2026-04-18,False,0.5,1776267900.0,0.4825,0.19855563732213843
SOL,solana-above-80-on-april-19,80.0,1776614460,1776336300,1.2677299560220208,3.2194444444444446,85.08,86.28,3.0177088816679496,0.014005831188919168,1,2026-04-19,False,0.93,1776337200.0,0.06544299999999996,0.023177478826056606
SOL,solana-above-80-on-april-21,80.0,1776787260,1776336300,0.8689183360515423,5.219444444444445,85.08,86.15,3.3175383261796507,0.012497972641902331,1,2026-04-21,False,0.85,1776337200.0,0.141075,0.09961249676094427
SOL,solana-above-80-on-april-20,80.0,1776700860,1776337200,1.0282612951189913,4.209027777777778,85.04,85.67,3.1914635392921187,0.007380971942259979,1,2026-04-20,False,0.9,1776338100.0,0.09369999999999998,0.07014389716173912
BTC,bitcoin-above-78k-on-april-21,78000.0,1776787260,1776489300,0.3247056555074618,3.4486111111111106,77206.58,75913.19,11.931192488533727,-0.016894235964675382,0,2026-04-21,False,0.39,1776490200.0,-0.40665300000000004,-0.20508461875874878
ETH,ethereum-above-2300-on-april-23,2300.0,1776960060,1776699000,0.6655218487625407,3.0215277777777776,2317.8,2332.46,6.557465326393557,0.006305044692383513,1,2026-04-23,False,0.49,1776699900.0,0.49250700000000003,0.4511618880483334
BTC,bitcoin-above-74k-on-april-23,74000.0,1776960060,1776700800,0.45543296946935047,3.000694444444444,75716.77,78380.54,8.373881117140066,0.03457601398705424,1,2026-04-23,False,0.66,1776701700.0,0.32429199999999997,0.034756569367835666
BTC,bitcoin-above-76k-on-april-23,76000.0,1776960060,1776700800,0.4399660726812512,3.000694444444444,75716.77,78380.54,9.936354168761522,0.03457601398705424,1,2026-04-23,False,0.39,1776701700.0,0.593347,0.24978747928057687
BTC,bitcoin-above-78k-on-april-27,78000.0,1777305660,1776947400,0.3718137534139048,4.146527777777777,77766.2,76734.45,10.020875038299346,-0.013356129407230235,0,2026-04-27,False,0.46,1776948300.0,-0.47738800000000003,-0.34354789621479076
XRP,xrp-above-1pt4-on-may-4,1.4,1777910460,1777446000,0.47026932818811046,5.375694444444445,1.3922,1.3996,6.934601463458575,0.0053012517589666715,0,2026-05-04,False,0.38,1777446900.0,-0.396492,-0.43325406820589263
SOL,solana-above-80-on-may-6,80.0,1778083260,1777482000,0.5668697521613807,6.959027777777777,83.13,88.96,4.603565466144669,0.06778118295927543,1,2026-05-06,False,0.74,1777482900.0,0.246532,-0.06550311312575394
BTC,bitcoin-above-76k-on-may-3,76000.0,1777824060,1777516200,0.32681097226542205,3.5631944444444446,76122.64,78677.42,12.34787399652905,0.033010478023391805,1,2026-05-03,False,0.45,1777517100.0,0.532675,0.12506577680196668
BTC,bitcoin-above-78k-on-may-5,78000.0,1777996860,1777660200,0.296414924005851,3.896527777777778,78586.48,81526.36,12.68827497437879,0.036726729074030066,1,2026-05-05,False,0.59,1777661100.0,0.39306700000000006,-0.07293183740080555
BTC,bitcoin-above-82k-on-may-10,82000.0,1778428860,1778094900,0.33092559830504337,3.8652777777777776,81249.3,81444.05,11.24184646129692,0.0023940756400804924,0,2026-05-10,False,0.39,1778095800.0,-0.40665300000000004,-0.43356683076251606
BTC,bitcoin-above-82k-on-may-11,82000.0,1778515260,1778112000,0.33424448978128346,4.667361111111111,81447.01,81408.98,10.350228143174618,-0.00046703840234891186,0,2026-05-11,False,0.42,1778112900.0,-0.437052,-0.432218045984065
BTC,bitcoin-above-82k-on-may-12,82000.0,1778601660,1778112000,0.3442862324948747,5.667361111111111,81447.01,80300.24,9.151134316780915,-0.014180014996144684,0,2026-05-12,False,0.43,1778112900.0,-0.44715699999999997,-0.31739377815631237
BTC,bitcoin-above-80k-on-may-10,80000.0,1778428860,1778155200,0.28505388180347496,3.1673611111111115,80866.65,81444.05,13.91004784332246,0.007114779686957871,1,2026-05-10,False,0.71,1778156100.0,0.275587,0.17662007415971726
BTC,bitcoin-above-80k-on-may-11,80000.0,1778515260,1778209200,0.2970454988415698,3.542361111111111,79488.46,81408.98,13.2651802964344,0.02387373244282413,1,2026-05-11,False,0.43,1778210100.0,0.5528430000000001,0.23615363479710277
SOL,solana-above-90-on-may-13,90.0,1778688060,1778262300,0.43482416277500663,4.927777777777777,91.51,90.77,7.539475679350492,-0.008119421388750997,1,2026-05-13,False,0.47,1778263200.0,0.512563,0.5737791800908864
