asset,slug,K,T_pm,ts,sigma,tte_d,S_bin,S_T,delta,ret_T,label,event,is_test,entry,entry_ts,ev_raw,ev_hedged,fund_sum,fund_pnl,hold_h,ev_hf,P0,P1,ev_policy_fill,ev_policy_sig
XRP,xrp-above-1pt6-on-may-21,1.6,1779379260,1778784300,0.5357050171048995,6.886111111111111,1.5308,1.3639,4.424330106374389,-0.1154422316187177,0,2026-05-21,True,0.15,1778785200.0,-0.1589249999999999,0.3518295408977383,-3.514869740151873e-05,-0.0001555094401133,165.01666666666668,0.3516740314576249,1.5337,1.3641,0.35630194507397084,0.34857700038316286
XRP,xrp-above-1pt5-on-may-20,1.5,1779292860,1778784300,0.544134348216069,5.886111111111111,1.5308,1.3755,5.582161622080816,-0.1069731731869179,0,2026-05-20,True,0.46,1778785200.0,-0.477388,0.119753541956218,-3.5465634308907035e-05,-0.0001979749027419,141.01666666666668,0.119555567053476,1.5337,1.3752,0.12743070428016914,0.11564805391801926
XRP,xrp-above-1pt5-on-may-18,1.5,1779120060,1778784300,0.5555056839106448,3.886111111111111,1.5308,1.3756,6.599959652765776,-0.106900474993436,0,2026-05-18,True,0.45,1778785200.0,-0.467325,0.2382138218181748,3.7911347357699526e-05,0.0002502133629428,93.01666666666668,0.2384640351811176,1.5337,1.3747,0.2506549274821847,0.23384406342418107
SOL,solana-above-90-on-may-18,90.0,1779120060,1778788800,0.7784277365796073,3.8340277777777776,92.9,84.12,4.69071225350438,-0.0992792949852938,0,2026-05-18,True,0.71,1778789700.0,-0.724413,-0.2587223944932063,0.0008993198450729,0.0042184506171031,91.76666666666668,-0.2545039438761031,92.818,84.181,-0.2653298782072948,-0.25778744245355645
SOL,solana-above-90-on-may-19,90.0,1779206460,1778789700,0.7055683608596693,4.823611111111111,92.66,84.34,4.675161846608077,-0.0940806316700884,0,2026-05-19,True,0.69,1778790600.0,-0.704973,-0.2651308203112147,0.000911229304021,0.0042601444756702,115.51666666666668,-0.2608706758355444,92.616,84.399,-0.2696332005797717,-0.26414328912817064
BTC,bitcoin-above-80k-on-may-18,80000.0,1779120060,1778839200,0.2978111498174959,3.250694444444445,80489.8,76324.55,13.90489746927453,-0.0531358255584335,0,2026-05-18,True,0.62,1778840100.0,-0.636492,0.1023562063352749,-4.532041625393384e-05,-0.0006301757412757,77.76666666666667,0.1017260305939991,80568.5,76309.0,0.10841486934693012,0.09199260236550699
BTC,bitcoin-above-80k-on-may-19,80000.0,1779206460,1778839200,0.3130432093151654,4.250694444444444,80489.8,76528.0,11.651900248008165,-0.0504737813838962,0,2026-05-19,True,0.6,1778840100.0,-0.6168,-0.0286845341750691,-4.536881213638641e-05,-0.0005286328733837,101.76666666666668,-0.0292131670484528,80568.5,76513.5,-0.023774327669543918,-0.037369497222059414
BTC,bitcoin-above-82k-on-may-18,82000.0,1779120060,1778842800,0.2782065350882927,3.2090277777777776,80716.23,76324.55,12.635209271424351,-0.0559450275331758,0,2026-05-18,True,0.27,1778843700.0,-0.283797,0.423080130577274,-4.532041625393384e-05,-0.0005726329436365,76.76666666666667,0.4225074976336375,80686.5,76309.0,0.41158259951539294,0.41366285114363993
BTC,bitcoin-above-78k-on-may-20,78000.0,1779292860,1778857200,0.3594112775485136,5.042361111111111,79150.37,77481.22,8.956691131980397,-0.0213138765706504,0,2026-05-20,True,0.67,1778858100.0,-0.685477,-0.4945751907315305,-1.0998328899810075e-05,-9.850863492353264e-05,120.76666666666668,-0.494673699366454,79192.0,77470.5,-0.49499445358938005,-0.5009433831588406
BTC,bitcoin-above-78k-on-may-19,78000.0,1779206460,1778930100,0.3722777590948982,3.198611111111111,78084.01,76528.0,11.446410654226524,-0.0201286114301076,0,2026-05-19,True,0.53,1778931000.0,-0.5474370000000001,-0.3170366476716303,-4.479971001801475e-05,-0.0005127958780564,76.51666666666667,-0.3175494435496868,78083.0,76513.5,-0.32354099605411657,-0.32556193100764563
ETH,ethereum-above-1700-on-may-26-2026,1700.0,1779811260,1779220800,0.6311708330543877,6.834027777777778,2113.15,2087.37,0.2155564658829317,-0.0122748248747387,1,2026-05-26,True,0.82,1779221700.0,0.169668,0.1723139178693306,0.0001911209195103,4.119734996594471e-05,163.76666666666668,0.1723551152192965,2114.2,2084.95,0.1725613577769387,0.17220422569317848
BTC,bitcoin-above-80k-on-may-24-2026,80000.0,1779638460,1779334200,0.2864941492602172,3.5215277777777776,78034.9,76388.0,9.473734008388528,-0.0213305467442674,0,2026-05-24,True,0.17,1779335100.0,-0.179877,0.022202926108688,4.918642912635218e-05,0.0004659791463655,84.26666666666667,0.0226689052550535,77983.0,76289.0,0.022020402911910167,0.01603729144918077
BTC,bitcoin-above-78k-on-may-25-2026,78000.0,1779724860,1779359400,0.3006557128772649,4.229861111111111,77383.3,77614.07,11.911930543005722,0.0029777301449361,0,2026-05-25,True,0.42,1779360300.0,-0.437052,-0.4725225146622941,2.8541286900156396e-05,0.0003399818271626,101.26666666666668,-0.4721825328351314,77239.0,77531.5,-0.49007502001361075,-0.4805208842152346
BTC,bitcoin-above-78k-on-may-24-2026,78000.0,1779638460,1779362100,0.3002951104463041,3.198611111111111,77310.69,76388.0,13.44020582177964,-0.0120066226261005,0,2026-05-24,True,0.38,1779363000.0,-0.396492,-0.2351205206807727,1.874917678914255e-05,0.000251992795035,76.51666666666667,-0.2348685278857376,77320.5,76289.0,-0.2251413376926583,-0.2442766719609837
BTC,bitcoin-above-78k-on-may-28-2026,78000.0,1779984060,1779384600,0.3221666698871583,6.938194444444445,77980.54,72890.01,8.978101628577633,-0.0675077157958581,0,2026-05-28,True,0.43,1779385500.0,-0.4471569999999999,0.1589341331283497,0.0001268704668468,0.0011390559450161,166.26666666666668,0.1600731890733658,77796.5,72748.5,0.1500216651442574,0.15378851793336146
BTC,bitcoin-above-78k-on-may-26-2026,78000.0,1779811260,1779462000,0.2523056897833247,4.042361111111111,76774.23,76478.64,12.475440646776866,-0.0038575508119189,0,2026-05-26,True,0.3,1779462900.0,-0.3147,-0.2665753538039794,-1.7416511479883753e-05,-0.0002172786552411,96.76666666666668,-0.2667926324592206,76759.5,76364.5,-0.2592864343036616,-0.2755254409119648
ETH,ethereum-above-2100-on-may-26-2026,2100.0,1779811260,1779475500,0.3126075438227028,3.886111111111111,2108.05,2087.37,12.303216606977564,-0.009858449208331,0,2026-05-26,True,0.52,1779476400.0,-0.5374720000000001,-0.4161813639810162,1.9678550038408453e-05,0.0002421094636337,93.01666666666668,-0.4159392545173824,2097.7,2084.95,-0.47083395471210565,-0.4245515061422679
BTC,bitcoin-above-76k-on-may-28-2026,76000.0,1779984060,1779475500,0.3029388422765767,5.886111111111111,76589.0,72890.01,10.200898408528255,-0.0495018707143265,0,2026-05-28,True,0.61,1779476400.0,-0.626653,-0.1216894458110552,0.0001147537572618,0.001170591419825,141.01666666666668,-0.1205188543912301,76454.5,72748.5,-0.1257658430977895,-0.12765948327720023
BTC,bitcoin-above-76k-on-may-26-2026,76000.0,1779811260,1779475500,0.2534664160904364,3.886111111111111,76589.0,76478.64,14.65874988948384,-0.0014419771432108,1,2026-05-26,True,0.63,1779476400.0,0.3536829999999999,0.3748205822886802,-1.8687904628623617e-05,-0.0002739413199095,93.01666666666668,0.3745466409687706,76454.5,76364.5,0.3604139496662216,0.36428551604613124
BTC,bitcoin-above-74k-on-may-26-2026,74000.0,1779811260,1779478200,0.2920744320522634,3.854861111111111,76259.51,76478.64,8.165978407921882,0.002869357136318,1,2026-05-26,True,0.81,1779479100.0,0.1792269999999999,0.15579589158021,-2.015525000532981e-05,-0.0001645873363497,92.26666666666668,0.1556313042438602,75683.5,76364.5,0.10019737371668695,0.14991511935831553
BTC,bitcoin-above-76k-on-may-27-2026,76000.0,1779897660,1779478200,0.2884491675012141,4.854861111111111,76259.51,75358.0,11.948102762008654,-0.011892038384137,0,2026-05-27,True,0.48,1779479100.0,-0.4974719999999999,-0.3553847033365788,1.13219164530505e-05,0.0001352754212439,116.26666666666668,-0.3552494279153348,75683.5,75261.0,-0.4388137381670926,-0.3636130998487418
BTC,bitcoin-above-74k-on-may-27-2026,74000.0,1779897660,1779478200,0.3153809216176299,4.854861111111111,76259.51,75358.0,7.908815398213492,-0.011892038384137,1,2026-05-27,True,0.77,1779479100.0,0.217603,0.3116549362886092,1.13219164530505e-05,8.954294718117249e-05,116.26666666666668,0.3117444792357903,75683.5,75261.0,0.25643070123903283,0.30620830845704033
BTC,bitcoin-above-78k-on-may-28-2026,78000.0,1779984060,1779675300,0.3246652771733499,3.573611111111111,77403.24,72890.01,12.020765132644144,-0.0600770475975303,0,2026-05-28,True,0.36,1779676200.0,-0.3761279999999999,0.3460440790325949,0.0001364249428826,0.0016399321966269,85.51666666666667,0.3476840112292218,77044.5,72748.5,0.30678747039861703,0.33926947563637094
BTC,bitcoin-above-76k-on-june-1-2026,76000.0,1780329660,1779894000,0.3272299499474425,5.042361111111111,75031.92,71161.39,9.747597571888813,-0.052963226941704,0,2026-06-01,True,0.39,1779894900.0,-0.406653,0.1096112223363506,0.0003528240681453,0.0034391870299573,120.76666666666668,0.1130504093663079,75020.0,71017.0,0.12447686209740587,0.1062270910659852
BTC,bitcoin-above-76k-on-may-31-2026,76000.0,1780243260,1779897600,0.3199746698328994,4.000694444444445,75326.01,73644.92,11.442576138181158,-0.0225703278407971,0,2026-05-31,True,0.4,1779898500.0,-0.4168,-0.158537305217969,0.0003396715345213,0.003886717395733,95.76666666666668,-0.1546505878222359,75192.5,73584.5,-0.17356793106244203,-0.1626603911189631
BTC,bitcoin-above-76k-on-june-2-2026,76000.0,1780416060,1779900300,0.3265538705024533,5.969444444444445,75151.26,67298.23,9.160048872142324,-0.110368946369255,0,2026-06-02,True,0.43,1779901200.0,-0.4471569999999999,0.563827942709231,0.0003338011318328,0.003057634681165,143.01666666666668,0.566885577390396,75208.5,67131.0,0.5902379843536382,0.5604735431798965
BTC,bitcoin-above-74k-on-may-31-2026,74000.0,1780243260,1779905700,0.3291438733416791,3.906944444444445,74738.01,73644.92,11.282438879655226,-0.0147336324187647,0,2026-05-31,True,0.66,1779906600.0,-0.675708,-0.5094766927599795,0.0003346186607425,0.0037753145878195,93.51666666666668,-0.50570137817216,74783.5,73584.5,-0.4974738371675052,-0.5135990853879195
BTC,bitcoin-above-74k-on-june-1-2026,74000.0,1780329660,1779907500,0.3364018766895612,4.886111111111111,74985.79,71161.39,9.73655225151397,-0.0523482328659521,0,2026-06-01,True,0.67,1779908400.0,-0.685477,-0.1757856954262358,0.0003391025350762,0.0033016895513909,117.01666666666668,-0.1724840058748449,74903.0,71017.0,-0.17027940450968693,-0.17929959245090532
BTC,bitcoin-above-74k-on-june-2-2026,74000.0,1780416060,1779957000,0.3385069620038272,5.313194444444444,73263.27,67298.23,9.430062446178262,-0.0849254557429289,0,2026-06-02,True,0.39,1779957900.0,-0.406653,0.3941993509259682,0.0002503016906317,0.0023603605730412,127.26666666666668,0.3965597114990094,73169.0,67131.0,0.4012789291703875,0.38995866778668414
BTC,bitcoin-above-72k-on-june-1-2026,72000.0,1780329660,1779959700,0.3364025238425097,4.281944444444445,73311.19,71161.39,9.771267346012088,-0.0297628614887293,0,2026-06-01,True,0.728,1779960600.0,-0.7418611199999999,-0.4510402434112985,0.0002612382044684,0.0025526283368534,102.51666666666668,-0.448487615074445,73275.0,71017.0,-0.44030574102388254,-0.45532750221665363
BTC,bitcoin-above-72k-on-june-2-2026,72000.0,1780416060,1779961500,0.3483800685449222,5.261111111111111,73491.3,67298.23,8.543829420043489,-0.0880330957096463,0,2026-06-02,True,0.69,1779962400.0,-0.704973,0.0471667530615803,0.0002502230381962,0.0021378629553138,126.01666666666668,0.0493046160168941,73421.5,67131.0,0.05646245040438801,0.04332393542286371
ETH,ethereum-above-2100-on-june-2-2026,2100.0,1780416060,1780073100,0.3947039826242356,3.969444444444445,2042.21,1912.25,7.593961268861057,-0.0657519955875243,0,2026-06-02,True,0.23,1780074000.0,-0.242397,0.2569211078419833,0.0005140380263186,0.0039035848625859,95.01666666666668,0.2608246927045692,2038.1,1907.55,0.25889817740444254,0.2555089198163658
BTC,bitcoin-above-74k-on-june-2-2026,74000.0,1780416060,1780081200,0.2936990377847179,3.875694444444445,73374.52,67298.23,12.618397905572715,-0.0864428002329756,0,2026-06-02,True,0.41,1780082100.0,-0.426933,0.6638366494116203,6.124984893125102e-05,0.0007728749654707,92.76666666666668,0.6646095243770911,73324.0,67131.0,0.678480201301106,0.6557766458431897
BTC,bitcoin-above-74k-on-june-3-2026,74000.0,1780502460,1780178400,0.300710310667007,3.750694444444445,73981.99,66104.0,13.08383899560885,-0.1125924258055844,0,2026-06-03,True,0.49,1780179300.0,-0.507493,0.9656481713653025,-1.2483280002122815e-05,-0.0001633292256848,89.76666666666667,0.9654848421396176,73832.5,65852.0,0.9798350460282347,0.9563261548426906
BTC,bitcoin-above-76k-on-june-3-2026,76000.0,1780502460,1780189200,0.3012437956571189,3.625694444444444,74038.2,66104.0,8.973489091378257,-0.1133519168277476,0,2026-06-03,True,0.2,1780190100.0,-0.2112,0.8059621891406088,-1.2686763952714925e-05,-0.0001138445379345,86.76666666666667,0.8058483446026742,74070.0,65852.0,0.8376941393959991,0.7995669022387093
BTC,bitcoin-above-74k-on-june-4-2026-965,74000.0,1780588860,1780231500,0.3238693795499898,4.136111111111111,73974.89,63876.0,11.567279947248949,-0.1467820073176995,0,2026-06-04,True,0.5,1780232400.0,-0.5175,1.1803685698629738,-0.0003590443127383,-0.0041531660789124,99.01666666666668,1.1762154037840613,73832.0,63758.0,1.16714166252788,1.1681183078209871
BTC,bitcoin-above-76k-on-june-4-2026-893,76000.0,1780588860,1780231500,0.3045088554543372,4.136111111111111,73974.89,63876.0,8.580230592841227,-0.1467820073176995,0,2026-06-04,True,0.2,1780232400.0,-0.2112,1.04822346966597,-0.0003590443127383,-0.0030806829963434,99.01666666666668,1.0451427866696266,73832.0,63758.0,1.0384121816637082,1.0391366252546377
BTC,bitcoin-above-68k-on-june-9-2026,68000.0,1781020860,1780430400,0.4365608502092638,6.834027777777778,67315.14,61201.47,6.547058476236782,-0.0952139653655739,0,2026-06-09,True,0.42,1780431300.0,-0.437052,0.1863193990027966,-0.0005092016889876,-0.0033337732340009,163.76666666666668,0.1829856257687956,67199.5,61144.0,0.17329665827882085,0.17840268483542937
BTC,bitcoin-above-66k-on-june-9-2026-493,66000.0,1781020860,1780434000,0.4669750141410536,6.792361111111111,67587.77,61201.47,5.908187412623409,-0.0992558406840142,0,2026-06-09,True,0.65,1780434900.0,-0.665925,-0.0795028914413523,-0.000509142968006,-0.003008112074799,162.76666666666668,-0.0825110035161513,67483.0,61144.0,-0.09026174376664309,-0.08664673470498818
BTC,bitcoin-above-70k-on-june-9-2026,70000.0,1781020860,1780434000,0.4254445336743298,6.792361111111111,67587.77,61201.47,5.625027957705889,-0.0992558406840142,0,2026-06-09,True,0.23,1780434900.0,-0.242397,0.3159198788131819,-0.000509142968006,-0.0028639434295033,162.76666666666668,0.3130559353836785,67483.0,61144.0,0.30567666191838866,0.3091184158132841
BTC,bitcoin-above-68k-on-june-6-2026-331-336-128,68000.0,1780761660,1780435800,0.4770414875756184,3.771527777777778,67887.99,60787.86,8.213061666499144,-0.1104690431759494,0,2026-06-06,True,0.479,1780436700.0,-0.49646913,0.410819933843229,-0.0005135900825919,-0.0042181470196299,90.26666666666668,0.406601786823599,67605.5,60784.0,0.3671273572813565,0.40085264365704953
BTC,bitcoin-above-70k-on-june-6-2026-134-422,70000.0,1780761660,1780437600,0.449889194447126,3.750694444444445,67566.01,60787.86,6.358177765900709,-0.1057149479637949,0,2026-06-06,True,0.19,1780438500.0,-0.200773,0.4713814316667511,-0.000512420753002,-0.0032580622385236,89.76666666666667,0.4681233694282274,67080.0,60784.0,0.41817602077620103,0.463672644992097
BTC,bitcoin-above-68k-on-june-7-2026-634,68000.0,1780848060,1780439400,0.4572145027346549,4.729861111111111,67294.0,62078.25,7.470809487631132,-0.0806753935856065,0,2026-06-07,True,0.415,1780440300.0,-0.4319942499999999,0.1707162458177251,-0.000510875386784,-0.0038166526865836,113.26666666666668,0.1668995931311415,66697.0,62051.5,0.09831678059994729,0.16167002648979953
BTC,bitcoin-above-66k-on-june-6-2026-133-165-898-474,66000.0,1780761660,1780439400,0.5082556002904101,3.729861111111111,67294.0,60787.86,7.297754515428718,-0.1016809816476794,0,2026-06-06,True,0.617,1780440300.0,-0.63354177,0.1085010729525772,-0.0005100858002141,-0.0037224809517687,89.26666666666667,0.1047785920008084,66697.0,60784.0,0.03510252403041712,0.09967016384000812
BTC,bitcoin-above-66k-on-june-7-2026-855,66000.0,1780848060,1780440300,0.4872386463674553,4.719444444444444,66956.01,62078.25,7.009629918515851,-0.0756401505475313,0,2026-06-07,True,0.543,1780441200.0,-0.56037057,-0.0301611076809812,-0.0005097079103901,-0.0035728638183747,113.01666666666668,-0.0337339714993559,66206.5,62051.5,-0.11452830145033381,-0.03864071244231725
ETH,ethereum-above-1900-on-june-7-2026,1900.0,1780848060,1780485300,0.5130904695439547,4.198611111111111,1888.0,1628.3,7.176142750676591,-0.1479815419352715,0,2026-06-07,True,0.45,1780486200.0,-0.467325,0.5946116693927426,2.978094439770422e-05,0.0002137123082478,100.51666666666668,0.5948253817009904,1883.45,1627.65,0.5753522207312564,0.5898020817755166
BTC,bitcoin-above-70k-on-june-7-2026-544,70000.0,1780848060,1780492500,0.4171475008626216,4.115277777777778,67122.01,62078.25,5.62679037390505,-0.078116322030643,0,2026-06-07,True,0.15,1780493400.0,-0.1589249999999999,0.2806191688468892,-0.0004925218690695,-0.002771317311818,98.51666666666668,0.2778478515350712,66849.5,62051.5,0.2534434299898426,0.27390909827333754
BTC,bitcoin-above-68k-on-june-8-2026-717,68000.0,1780934460,1780498800,0.4229089835858191,5.042361111111111,66864.95,63700.01,7.512793196576902,-0.0484901939851352,0,2026-06-08,True,0.34,1780499700.0,-0.355708,0.0085887994722186,-0.0004967335823888,-0.0037318566782823,120.76666666666668,0.0048569427939362,66426.0,63699.0,-0.04976490839844166,-0.00040201244366821955
SOL,solana-above-30-on-june-7-2026,30.0,1780848060,1780500600,0.7349870513901691,4.021527777777778,74.22,64.93,9.414432959340053e-30,-0.133723889112056,1,2026-06-07,True,0.7,1780501500.0,0.2853,0.2853,0.0002016577987011,1.898493826600113e-33,96.26666666666668,0.2853,73.526,64.922,0.2853,0.2853
BTC,bitcoin-above-62k-on-june-9-2026,62000.0,1781020860,1780533900,0.5368369418015202,5.636111111111111,63595.33,61201.47,5.629947819712917,-0.0383688311395195,0,2026-06-09,True,0.643,1780534800.0,-0.65906857,-0.4430540527811286,-0.0003583445162336,-0.0020174609278758,135.01666666666668,-0.4450715137090044,63230.0,61144.0,-0.4761583797492087,-0.4490124771828039
ETH,ethereum-above-1700-on-june-7-2026,1700.0,1780848060,1780538400,0.7167993855060687,3.584027777777778,1759.77,1628.3,5.073531765487829,-0.0776465929042283,0,2026-06-07,True,0.676,1780539300.0,-0.69133168,-0.2973892244184956,-5.5591327699135856e-05,-0.0002820443669672,85.76666666666667,-0.2976712687854628,1738.7,1627.65,-0.3603098129354461,-0.30122274102130453
BTC,bitcoin-above-60k-on-june-10-2026,60000.0,1781107260,1780539300,0.6178138350850509,6.573611111111111,62402.13,62574.0,4.38300340120496,0.002750446958937,1,2026-06-10,True,0.75,1780540200.0,0.236875,0.2248197816241449,-0.0002302976960181,-0.0010093955849374,157.51666666666668,0.2238103860392075,62957.0,62491.5,0.26532555055947693,0.2207422836583644
BTC,bitcoin-above-58k-on-june-10-2026,58000.0,1781107260,1780539300,0.6893300791585512,6.573611111111111,62402.13,62574.0,3.268514397839568,0.002750446958937,1,2026-06-10,True,0.849,1780540200.0,0.14202607,0.1330361945142201,-0.0002302976960181,-0.0007527313352247,157.51666666666668,0.1322834631789953,62957.0,62491.5,0.16324235153529346,0.12999550310050798
BTC,bitcoin-above-62k-on-june-10-2026,62000.0,1781107260,1780539300,0.5652386078805649,6.573611111111111,62402.13,62574.0,5.253356190951688,0.002750446958937,1,2026-06-10,True,0.6,1780540200.0,0.3832,0.3687509224403837,-0.0002302976960181,-0.001209835827139,157.51666666666668,0.3675410866132446,62957.0,62491.5,0.41730010493638287,0.3638637372795788
BTC,bitcoin-above-58k-on-june-9-2026,58000.0,1781020860,1780539300,0.7116644130341755,5.573611111111111,62402.13,61201.47,3.3259171199694384,-0.0194282005705363,1,2026-06-09,True,0.862,1780540200.0,0.12967308,0.1942896648877469,-0.0002425805379174,-0.0008068027640308,133.51666666666668,0.193482862123716,62957.0,61144.0,0.2237221510047726,0.19115472013973728
BTC,bitcoin-above-60k-on-june-9-2026,60000.0,1781020860,1780539300,0.6340301622088406,5.573611111111111,62402.13,61201.47,4.576768580292655,-0.0194282005705363,1,2026-06-09,True,0.742,1780540200.0,0.24459948,0.3335178579428547,-0.0002425805379174,-0.0011102349841308,133.51666666666668,0.3324076229587238,62957.0,61144.0,0.3740196722819746,0.3292038849525187
BTC,bitcoin-above-62k-on-june-8-2026-644,62000.0,1780934460,1780541100,0.6393074098048224,4.552777777777778,63410.0,63700.01,5.373731930792475,0.0045631418520364,1,2026-06-08,True,0.644,1780542000.0,0.33995152,0.3154304189249761,-0.0002348910942666,-0.0012622417735192,109.01666666666668,0.3141681771514568,63197.5,63699.0,0.29245304137753997,0.31040656479990253
ETH,ethereum-above-1900-on-june-10-2026,1900.0,1781107260,1780570800,0.632891198698375,6.209027777777778,1736.86,1656.82,2.555661208279329,-0.0471787827878278,0,2026-06-10,True,0.15,1780571700.0,-0.1589249999999999,-0.0383520149753118,-0.0004031017000237,-0.0010301913777421,148.76666666666668,-0.0393822063530539,1735.25,1653.2,-0.037951269167317676,-0.04117116919884952
BTC,bitcoin-above-64k-on-june-11-2026,64000.0,1781193660,1780597800,0.4798289866437683,6.896527777777778,63896.27,62795.24,6.038582998821575,-0.0173817127996533,0,2026-06-11,True,0.44,1780598700.0,-0.457248,-0.3522870845976139,-0.0001464872218747,-0.0008845752475575,165.26666666666668,-0.3531716598451714,63805.0,62710.5,-0.3578760381407652,-0.35739866794434677
BTC,bitcoin-above-64k-on-june-8-2026-139,64000.0,1780934460,1780601400,0.4648678408474903,3.854861111111111,64128.0,63700.01,8.349352063922993,-0.0066963664583683,0,2026-06-08,True,0.503,1780602300.0,-0.52049937,-0.4645890488900379,-0.0001749971863622,-0.0014611131191341,92.26666666666668,-0.466050162009172,63640.0,63699.0,-0.5355420434719821,-0.4718947084539181
BTC,bitcoin-above-62k-on-june-9-2026,62000.0,1781020860,1780626600,0.4698534515725771,4.563194444444444,62705.48,61201.47,7.459239338869662,-0.0242776353010116,0,2026-06-09,True,0.609,1780627500.0,-0.62566833,-0.4445756377079635,-0.0001653439874956,-0.0012333403759727,109.26666666666668,-0.4458089780839362,62772.0,61144.0,-0.4361138993721422,-0.45103044562114497
BTC,bitcoin-above-64k-on-june-9-2026-453-432,64000.0,1781020860,1780633800,0.4593643880819966,4.479861111111111,63240.32,61201.47,7.578414005850244,-0.0327708635793632,0,2026-06-09,True,0.41,1780634700.0,-0.426933,-0.1785818284663459,-0.0001591489562631,-0.001206096679161,107.26666666666668,-0.1797879251455069,62979.5,61144.0,-0.20929315314886532,-0.18509281494960242
BTC,bitcoin-above-64k-on-june-10-2026,64000.0,1781107260,1780633800,0.4636236242920571,5.479861111111111,63240.32,62574.0,6.825640011435551,-0.0105922160498898,0,2026-06-10,True,0.42,1780634700.0,-0.437052,-0.3647533463201021,-0.0001468661143639,-0.0010024552265265,131.26666666666668,-0.3657558015466286,62979.5,62491.5,-0.3897375985177792,-0.37053374955463375
ETH,ethereum-above-1600-on-june-8-2026,1600.0,1780934460,1780641900,0.73945906710265,3.386111111111111,1664.95,1688.75,4.885146751368914,0.0141935173408047,1,2026-06-08,True,0.743,1780642800.0,0.24363343,0.1742960148720692,-0.0003013566207953,-0.0014721713170818,81.01666666666667,0.1728238435549874,1653.35,1688.7,0.13539408289015648,0.16940424082902955
XRP,xrp-above-1pt1-on-june-10-2026,1.1,1781107260,1780644600,0.6518223889872018,5.354861111111111,1.1229,1.1274,4.930592786985844,0.0039994720689815,1,2026-06-10,True,0.57,1780645500.0,0.412843,0.3931232318649284,0.0014183154762892,0.0069931360570622,128.26666666666668,0.4001163679219907,1.1376,1.1266,0.4642929866008663,0.3966649529711006
SOL,solana-above-60-on-june-10-2026,60.0,1781107260,1780650900,0.8519379131759711,5.281944444444444,66.32,65.35,2.535559820373138,-0.0147340707568085,1,2026-06-10,True,0.806,1780651800.0,0.1830545199999999,0.2204136378014984,-0.0001822524954363,-0.000462112104591,126.51666666666668,0.2199515256969073,66.243,65.227,0.22000790262130324,0.21817663382264618
BTC,bitcoin-above-60k-on-june-9-2026,60000.0,1781020860,1780650900,0.5929864477168791,4.281944444444445,63099.64,61201.47,4.681093504936586,-0.0305438554634411,1,2026-06-09,True,0.787,1780651800.0,0.2012658299999999,0.3442444734256362,-8.455781487451235e-05,-0.0003958230380007,102.51666666666668,0.3438486503876354,62979.0,61144.0,0.3360113019042768,0.3405718849341796
BTC,bitcoin-above-62k-on-june-8-2026-644,62000.0,1780934460,1780655400,0.50988048816338,3.229861111111111,62586.01,63700.01,8.195220788181889,0.0176429488619578,1,2026-06-08,True,0.593,1780656300.0,0.39010543,0.2455175687216528,-8.718687598370523e-05,-0.0007145156985182,77.26666666666667,0.2448030530231345,62554.0,63699.0,0.23500377104414905,0.23906639847140793
BTC,bitcoin-above-62k-on-june-10-2026,62000.0,1781107260,1780655400,0.5114973468642655,5.229861111111111,62586.01,62574.0,6.466673996034046,-0.000191914334888,1,2026-06-10,True,0.6,1780656300.0,0.3832,0.3844410474388865,-6.528323691159035e-05,-0.0004221654105131,125.26666666666668,0.3840188820283734,62554.0,62491.5,0.38471548431376096,0.3794922102311495
BTC,bitcoin-above-60k-on-june-10-2026,60000.0,1781107260,1780666200,0.5717179027125215,5.104861111111111,62116.0,62574.0,5.261390697041248,0.0073462516601881,1,2026-06-10,True,0.7,1780667100.0,0.2853,0.246648499856962,-5.402726517058504e-05,-0.000284258550355,122.26666666666668,0.2463642413066069,61698.5,62491.5,0.21413992586982455,0.24268126781867863
BTC,bitcoin-above-58k-on-june-9-2026,58000.0,1781020860,1780668000,0.6103287180131877,4.084027777777778,60732.36,61201.47,4.90134091375691,0.0076945391530086,1,2026-06-09,True,0.785,1780668900.0,0.2031857499999999,0.1654721904368544,-5.799390104582226e-05,-0.0002842478799442,97.76666666666668,0.1651879425569101,60897.5,61144.0,0.1796710333498708,0.16175700391728037
BTC,bitcoin-above-60k-on-june-11-2026,60000.0,1781193660,1780668900,0.5666804116120943,6.073611111111111,60865.45,62795.24,5.388650794745928,0.0312135841772563,1,2026-06-11,True,0.54,1780669800.0,0.4426119999999999,0.2744128948163584,-3.428635081808955e-05,-0.0001847571715848,145.51666666666668,0.2742281376447735,60394.0,62710.5,0.23583102998089414,0.2704560820884519
ETH,ethereum-above-1600-on-june-10-2026,1600.0,1781107260,1780669800,0.7256533235916947,5.063194444444445,1603.42,1656.82,4.667094463495414,0.0327612544466927,1,2026-06-10,True,0.575,1780670700.0,0.40789375,0.254993880754676,-0.000446382290555,-0.0020833083168518,121.26666666666668,0.2529105724378241,1615.1,1653.2,0.29372583057686796,0.24964360631337743
ETH,ethereum-above-1600-on-june-9-2026,1600.0,1781020860,1780669800,0.7232415566091482,4.063194444444444,1603.42,1638.95,5.227774576594155,0.021916944847271,1,2026-06-09,True,0.49,1780670700.0,0.492507,0.3779301529308201,-0.0004442663548914,-0.0023225243553375,97.26666666666668,0.3756076285754826,1615.1,1636.85,0.41659419653453256,0.371948186371867
ETH,ethereum-above-1500-on-june-10-2026,1500.0,1781107260,1780669800,0.8314379388128134,5.063194444444445,1603.42,1656.82,3.336631003547376,0.0327612544466927,1,2026-06-10,True,0.821,1780670700.0,0.16871287,0.0594006526980608,-0.000446382290555,-0.0014894129901004,121.26666666666668,0.0579112397079603,1615.1,1653.2,0.08709116241784416,0.05557559800547723
BTC,bitcoin-above-58k-on-june-10-2026,58000.0,1781107260,1780669800,0.6208812794221187,5.063194444444445,60394.6,62574.0,4.773824546371517,0.0354501593966449,1,2026-06-10,True,0.786,1780670700.0,0.2022257199999999,0.0329928788995135,-3.607429332025576e-05,-0.0001722123469452,121.26666666666668,0.0328206665525682,61027.5,62491.5,0.08554371172805185,0.029478989370108316
BTC,bitcoin-above-56k-on-june-10-2026,56000.0,1781107260,1780685100,0.6976841037670943,4.886111111111111,59952.0,62574.0,3.576043453596988,0.0428056143157992,1,2026-06-10,True,0.813,1780686000.0,0.17635783,0.0232830931487885,9.30528201508428e-06,3.327609283391593e-05,117.01666666666668,0.0233163692416224,59206.5,62491.5,-0.019215661241527408,0.02081313882410479
BTC,bitcoin-above-60k-on-june-9-2026,60000.0,1781020860,1780741800,0.6047468954874042,3.229861111111111,60527.28,61201.47,6.957903271451702,0.0110770363389076,1,2026-06-09,True,0.56,1780742700.0,0.4227519999999999,0.3456790526195252,4.171292011453942e-06,2.902344633267573e-05,77.26666666666667,0.3457080760658578,60343.0,61144.0,0.3261581014799271,0.3408375437758418
BTC,bitcoin-above-66k-on-june-11-2026,66000.0,1781193660,1780820100,0.7392970198756179,4.323611111111111,62383.58,62795.24,3.768909751304733,0.006577174701067,0,2026-06-11,True,0.18,1780821000.0,-0.190332,-0.2151207778668865,2.4120924242183525e-05,9.090958658684822e-05,103.51666666666668,-0.2150298682802996,62509.5,62710.5,-0.20497885623860784,-0.2176681051062127
BTC,bitcoin-above-68k-on-june-11-2026,68000.0,1781193660,1780820100,0.7392980583911851,4.323611111111111,62383.58,62795.24,2.6729719930261435,0.006577174701067,0,2026-06-11,True,0.076,1780821000.0,-0.08091568,-0.0984962837691924,2.4120924242183525e-05,6.447455494526192e-05,103.51666666666668,-0.0984318092142471,62509.5,62710.5,-0.09130346827169465,-0.10030288960936523
BTC,bitcoin-above-58k-on-june-16-2026,58000.0,1781625660,1781072100,0.5494586135048225,6.406944444444444,61393.44,65912.0,4.153159325538612,0.0710175299589127,1,2026-06-16,True,0.83,1781073000.0,0.160123,-0.1348241168255761,5.4077206883456144e-05,0.0002245912560671,153.51666666666668,-0.134599525569509,61292.0,65882.5,-0.1425154210726343,-0.13750673709738595
BTC,bitcoin-above-64k-on-june-14-2026,64000.0,1781452860,1781099100,0.4706781673455188,4.094444444444444,62380.01,64058.03,6.919861280932926,0.0265445198011047,1,2026-06-14,True,0.25,1781100000.0,0.736875,0.5531906052073781,4.51223317449994e-05,0.0003122402763476,98.01666666666668,0.5535028454837257,62056.5,64023.5,0.5164094600689966,0.5486589425870727
BTC,bitcoin-above-64k-on-june-13-2026,64000.0,1781366460,1781099100,0.5026974398265521,3.094444444444445,62380.01,64256.01,7.297120806204494,0.0296303887692518,1,2026-06-13,True,0.23,1781100000.0,0.757603,0.5413864736159645,4.5000012500405126e-05,0.0003283705274961,74.01666666666667,0.5417148441434606,62056.5,64237.0,0.5008238259252675,0.5366068595791177
BTC,bitcoin-above-60k-on-june-17-2026,60000.0,1781712060,1781130600,0.4784545583549119,6.729861111111111,61253.99,65804.8,5.894728834523854,0.0716637938386636,1,2026-06-17,True,0.58,1781131500.0,0.402948,-0.0194906319321437,7.497303772081333e-05,0.0004419457272647,161.26666666666668,-0.0190486862048789,61421.5,65756.5,-0.002748552096463505,-0.023174996389045285
BTC,bitcoin-above-64k-on-june-15-2026,64000.0,1781539260,1781154000,0.428598748686723,4.459027777777777,62726.86,67178.0,7.617869529681572,0.0685560679147366,1,2026-06-15,True,0.32,1781154900.0,0.6647679999999999,0.1425168191575467,3.836432050898127e-05,0.0002922543882323,106.76666666666668,0.142809073545779,62589.5,67122.5,0.12707278054587717,0.13747656487500265
BTC,bitcoin-above-58k-on-june-18-2026,58000.0,1781798460,1781195400,0.51383247916016,6.979861111111111,62639.78,62544.81,3.243625062151175,-0.0015172796942419,1,2026-06-18,True,0.93,1781196300.0,0.0654429999999999,0.0703644864425361,7.557574192831873e-05,0.0002451393706093,167.26666666666668,0.0706096258131454,62582.0,62480.5,0.0686826175767362,0.06833908826963947
BTC,bitcoin-above-60k-on-june-18-2026,60000.0,1781798460,1781195400,0.4755978671803383,6.979861111111111,62639.78,62544.81,4.999684953075107,-0.0015172796942419,1,2026-06-18,True,0.8,1781196300.0,0.1887999999999999,0.1963859204569077,7.557574192831873e-05,0.0003778548997365,167.26666666666668,0.1967637753566442,62582.0,62480.5,0.1937935078628922,0.19326399588949145
BTC,bitcoin-above-62k-on-june-18-2026,62000.0,1781798460,1781199900,0.4437686148924551,6.927777777777777,63331.99,62544.81,6.205358368429088,-0.0125073128917985,1,2026-06-18,True,0.71,1781200800.0,0.275587,0.3531993587196831,7.080595771818098e-05,0.0004393763422611,166.01666666666668,0.3536387350619442,63609.5,62480.5,0.3828101825144041,0.34929498420404365
BTC,bitcoin-above-64k-on-june-17-2026,64000.0,1781712060,1781350200,0.3401872502024655,4.188194444444444,63952.18,65804.8,10.939545677577328,0.0285571674229741,1,2026-06-17,True,0.49,1781351100.0,0.492507,0.1801045625541515,3.64544238203833e-05,0.0003987948345328,100.26666666666668,0.1805033573886843,63865.0,65756.5,0.16595510097167535,0.1728456754143802
BTC,bitcoin-above-66k-on-june-20-2026,66000.0,1781971260,1781643600,0.3456056758016176,3.792361111111112,65854.0,64016.99,11.2879323084786,-0.0282916535807766,0,2026-06-20,True,0.5,1781644500.0,-0.5175,-0.1981457294852673,-2.8860567438688395e-06,-3.2577613163219624e-05,90.76666666666668,-0.1981783070984305,65852.0,63967.0,-0.1976046450590707,-0.20607985971436574
BTC,bitcoin-above-68k-on-june-21-2026,68000.0,1782057660,1781643600,0.3266822713150699,4.792361111111111,65854.0,64198.02,7.265363187948697,-0.0254678013610318,0,2026-06-21,True,0.2,1781644500.0,-0.2112,-0.0261671735135693,1.1881840979333091e-05,8.632589005630693e-05,114.76666666666668,-0.0260808476235129,65852.0,64153.0,-0.026290503751627628,-0.031166601855077622
BTC,bitcoin-above-66k-on-june-21-2026,66000.0,1782057660,1781643600,0.3486405920744641,4.792361111111111,65854.0,64198.02,9.95792736360901,-0.0254678013610318,0,2026-06-21,True,0.49,1781644500.0,-0.507493,-0.253886483936022,1.1881840979333091e-05,0.0001183185094181,114.76666666666668,-0.2537681654266038,65852.0,64153.0,-0.25405552070962173,-0.26073871458113085
BTC,bitcoin-above-66k-on-june-22-2026,66000.0,1782144060,1781643600,0.3503114011663819,5.792361111111111,65854.0,64774.51,9.016561693540677,-0.0165280086871476,0,2026-06-22,True,0.5,1781644500.0,-0.5175,-0.3684741900009568,1.7165181210841013e-05,0.0001547709153683,138.76666666666668,-0.3683194190855884,65852.0,64700.0,-0.3645271470837079,-0.37463101227106754
BTC,bitcoin-above-68k-on-june-22-2026,68000.0,1782144060,1781644500,0.3334852590869077,5.781944444444444,65918.0,64774.51,7.11060493629859,-0.0174993835624227,0,2026-06-22,True,0.21,1781645400.0,-0.221613,-0.0971817968588545,1.7141868155379214e-05,0.000121889052323,138.51666666666668,-0.0970599078065314,65679.5,64700.0,-0.11962706665188834,-0.10203733126194077
ETH,ethereum-above-1900-on-june-20-2026,1900.0,1781971260,1781655300,0.6547661169203348,3.656944444444444,1794.08,1736.83,4.030710314156546,-0.0324307431516518,0,2026-06-20,True,0.113,1781656200.0,-0.12001617,0.010702760917125,1.6975086017397e-05,6.842165429401666e-05,87.51666666666667,0.010771182571419,1792.05,1734.85,0.007984020826809112,0.007949685351509122
ETH,ethereum-above-1800-on-june-21-2026,1800.0,1782057660,1781713800,0.4704884003402658,3.979861111111111,1784.74,1728.87,7.962921290512235,-0.0318047304546305,0,2026-06-21,True,0.4,1781714700.0,-0.4168,-0.1635414347238196,7.018426394791999e-06,5.588717696498224e-05,95.26666666666668,-0.1634855475468546,1774.45,1727.15,-0.20717702892440823,-0.16905959245021346
BTC,bitcoin-above-64k-on-june-23-2026,64000.0,1782230460,1781719200,0.3751055076605606,5.917361111111111,66104.08,62516.0,6.74733324813259,-0.0558079456324117,0,2026-06-23,True,0.73,1781720100.0,-0.7437969999999999,-0.3672421929244525,2.1293239315985785e-06,1.4367258159719494e-05,141.76666666666668,-0.3672278256662927,65390.0,62407.0,-0.4334600039430586,-0.3719509589399856
BTC,bitcoin-above-66k-on-june-23-2026,66000.0,1782230460,1781719200,0.3519863244243372,5.917361111111111,66104.08,62516.0,8.900847657982712,-0.0558079456324117,0,2026-06-23,True,0.45,1781720100.0,-0.467325,0.0294130221790782,2.1293239315985785e-06,1.895278792965575e-05,141.76666666666668,0.0294319749670078,65390.0,62407.0,-0.05793921409661254,0.023201381606419963
BTC,bitcoin-above-64k-on-june-22-2026,64000.0,1782144060,1781719200,0.3713929636014934,4.917361111111111,66104.08,64774.51,7.095913183355608,-0.0203183078396517,1,2026-06-22,True,0.73,1781720100.0,0.256203,0.4003799484628626,6.250965246720405e-06,4.4356306702901066e-05,117.76666666666668,0.4004243047695655,65390.0,64700.0,0.32655465802590533,0.3954571655412161
BTC,bitcoin-above-62k-on-june-22-2026,62000.0,1782144060,1781799300,0.406229776423554,3.9902777777777776,62639.99,64774.51,9.166872715181617,0.0335082697325733,1,2026-06-22,True,0.62,1781800200.0,0.363508,0.0563419564555273,-1.42247936278303e-06,-1.3039687258604693e-05,95.51666666666668,0.0563289167682687,62527.0,64700.0,0.04391267810902857,0.049912105867642075
BTC,bitcoin-above-60k-on-june-25-2026,60000.0,1782403260,1781802000,0.4682401109207324,6.959027777777777,62688.0,59622.0,5.009909280907277,-0.0501454082848489,0,2026-06-25,True,0.74,1781802900.0,-0.753468,-0.5022440536388505,-6.502789242764963e-05,-0.0003257838417911,166.76666666666668,-0.5025698374806417,62452.0,59461.0,-0.5114262652448485,-0.506076773977277
BTC,bitcoin-above-62k-on-june-25-2026,62000.0,1782403260,1781807400,0.4393466159961373,6.896527777777778,62847.62,59622.0,6.481965253920426,-0.052688432902428,0,2026-06-25,True,0.57,1781808300.0,-0.5871569999999999,-0.2456324086429433,-6.502789242764963e-05,-0.0004215085392517,165.26666666666668,-0.246053917182195,62724.5,59461.0,-0.2457748520002477,-0.2505912928599399
BTC,bitcoin-above-68k-on-june-22-2026,68000.0,1782144060,1781813700,0.543810339930559,3.823611111111111,63172.0,64774.51,2.8776444456297,0.025050996764899,0,2026-06-22,True,0.036,1781814600.0,-0.0384292799999999,-0.1105171416979992,-1.42247936278303e-06,-4.093389837335461e-06,91.51666666666668,-0.1105212350878365,63046.5,64700.0,-0.11494606052450335,-0.11253558619977722
BTC,bitcoin-above-62k-on-june-24-2026,62000.0,1782316860,1781849700,0.400373807386542,5.406944444444444,62849.99,60321.87,7.924796556545866,-0.0410560513818246,0,2026-06-24,True,0.61,1781850600.0,-0.626653,-0.3012921453839459,2.9002415566446037e-06,2.2983824301248373e-05,129.51666666666668,-0.3012691615596446,62815.5,60201.0,-0.2952713311727927,-0.3068165191492271
BTC,bitcoin-above-64k-on-june-22-2026,64000.0,1782144060,1781849700,0.3518278408555488,3.406944444444445,62849.99,64774.51,10.08677396996938,0.030161385845453,1,2026-06-22,True,0.29,1781850600.0,0.695587,0.3913559183558814,-1.248758510331502e-05,-0.0001259594483678,81.51666666666667,0.3912299589075135,62815.5,64700.0,0.3902418852139102,0.3841692171285353
BTC,bitcoin-above-64k-on-june-23-2026,64000.0,1782230460,1781850600,0.369759184229013,4.396527777777778,62839.38,62516.0,8.797443419177679,-0.0051594230316205,0,2026-06-23,True,0.32,1781851500.0,-0.335232,-0.2898422678037163,-1.6609226418436845e-05,-0.0001461187296525,105.26666666666668,-0.2899883865333688,62724.5,62407.0,-0.296892186283934,-0.29614659692679335
ETH,ethereum-above-1700-on-june-23-2026,1700.0,1782230460,1781887500,0.4752483963196209,3.969444444444445,1705.44,1660.68,8.043202718195161,-0.0265959849149875,0,2026-06-23,True,0.52,1781888400.0,-0.5374720000000001,-0.3235551018386948,-4.271588137552077e-05,-0.0003435724931896,95.01666666666668,-0.3238986743318844,1695.05,1657.6,-0.3637488756280999,-0.3295289162346213
BTC,bitcoin-above-64k-on-june-23-2026,64000.0,1782230460,1781947800,0.321814180447633,3.271527777777778,63570.42,62516.0,12.733641917688972,-0.0167257438365873,0,2026-06-23,True,0.45,1781948700.0,-0.467325,-0.2543453671779039,1.5893303798204805e-05,0.0002023796394553,78.26666666666667,-0.2541429875384485,63622.0,62407.0,-0.23050769181690745,-0.2630565368808309
BTC,bitcoin-above-64k-on-june-24-2026,64000.0,1782316860,1782021600,0.3465256677761992,3.417361111111111,64256.55,60321.87,11.835649703476255,-0.0631889395590997,0,2026-06-24,True,0.57,1782022500.0,-0.5871569999999999,0.1607251537556379,3.5377366421946235e-05,0.0004187141164016,81.76666666666667,0.1611438678720395,64149.0,60201.0,0.15677177229116315,0.15285891307960567
BTC,bitcoin-above-64k-on-june-25-2026,64000.0,1782403260,1782079200,0.3956751607414982,3.750694444444445,63808.01,59622.0,9.901564721377529,-0.0678540975822401,0,2026-06-25,True,0.47,1782080100.0,-0.4874369999999999,0.1844247388212169,-5.82791105520411e-05,-0.0005770543850353,89.76666666666667,0.1838476844361815,63617.0,59461.0,0.1740055012476528,0.17691658913121744
SOL,solana-above-70-on-june-25-2026,70.0,1782403260,1782120600,0.8345692417912514,3.271527777777778,73.7,66.47,4.185846832826463,-0.1032520811418004,0,2026-06-25,True,0.84,1782121500.0,-0.8494079999999999,-0.4172106031698536,-5.4121709335677726e-05,-0.0002265451856099,78.26666666666667,-0.4174371483554634,73.71,66.24,-0.40529030647853515,-0.4203672411384422
BTC,bitcoin-above-62k-on-june-28-2026,62000.0,1782662460,1782244800,0.4127052778850793,4.834027777777778,62388.49,59895.23,8.35102694958846,-0.0407839340038891,0,2026-06-28,True,0.6,1782245700.0,-0.6168,-0.2762122680232844,8.443024300160834e-05,0.0007050792346667,115.76666666666668,-0.2755071887886177,62394.5,59851.5,-0.2744490960146671,-0.2813529076533302
BTC,bitcoin-above-62k-on-june-27-2026,62000.0,1782576060,1782244800,0.4165008290030624,3.8340277777777776,62388.49,60814.99,9.273011536116991,-0.0255444985959681,0,2026-06-27,True,0.6,1782245700.0,-0.6168,-0.3799255698352632,6.66633868710697e-05,0.000618170355492,91.76666666666668,-0.3793073994797711,62394.5,60733.0,-0.37239507226791685,-0.38579850755505346
BTC,bitcoin-above-64k-on-june-27-2026,64000.0,1782576060,1782244800,0.3644828619371374,3.8340277777777776,62388.49,60814.99,8.350927411310971,-0.0255444985959681,0,2026-06-27,True,0.27,1782245700.0,-0.283797,-0.0704767464667351,6.66633868710697e-05,0.0005567011047524,91.76666666666668,-0.0699200453619826,62394.5,60733.0,-0.06369506197178655,-0.07576569454990066
BTC,bitcoin-above-64k-on-june-28-2026,64000.0,1782662460,1782244800,0.3696154095116102,4.834027777777778,62388.49,59895.23,7.735025493725718,-0.0407839340038891,0,2026-06-28,True,0.29,1782245700.0,-0.304413,0.0110517692545098,8.443024300160834e-05,0.0006530700820588,115.76666666666668,0.0117048393365686,62394.5,59851.5,0.012684883423438592,0.006290321490960199
BTC,bitcoin-above-62k-on-june-29-2026,62000.0,1782748860,1782245700,0.4100266890135737,5.823611111111111,62438.64,59807.99,7.656141980090152,-0.0430450504289244,0,2026-06-29,True,0.59,1782246600.0,-0.606933,-0.2773739823760141,0.0001436118537706,0.0010995127424922,139.51666666666668,-0.2762744696335218,62407.5,59736.0,-0.2762319298253694,-0.28163376901958515
BTC,bitcoin-above-64k-on-june-29-2026,64000.0,1782748860,1782245700,0.3738624290906905,5.823611111111111,62438.64,59807.99,7.275532677490977,-0.0430450504289244,0,2026-06-29,True,0.31,1782246600.0,-0.324973,-0.0117973290001133,0.0001436118537706,0.0010448527349836,139.51666666666668,-0.0107524762651296,62407.5,59736.0,-0.010712051235772676,-0.015845349139373625
BTC,bitcoin-above-62k-on-june-30-2026,62000.0,1782835260,1782247500,0.4075865379657461,6.802777777777778,62476.85,58441.4,7.126433601078717,-0.0667715453373908,0,2026-06-30,True,0.58,1782248400.0,-0.5970519999999999,-0.1212090157116669,0.0002652362994012,0.0018901888762788,163.01666666666668,-0.119318826835388,62417.0,58352.0,-0.12022748442510628,-0.1243073303561435
BTC,bitcoin-above-64k-on-june-30-2026,64000.0,1782835260,1782247500,0.3764048951267048,6.802777777777778,62476.85,58441.4,6.870267332957836,-0.0667715453373908,0,2026-06-30,True,0.34,1782248400.0,-0.355708,0.1030303667025893,0.0002652362994012,0.001822244283291,163.01666666666668,0.1048526109858803,62417.0,58352.0,0.10397661593633126,0.1000434238528096
ETH,ethereum-above-1700-on-june-27-2026,1700.0,1782576060,1782260100,0.4682920682245519,3.656944444444444,1671.17,1604.83,7.892840882501704,-0.0405061479572347,0,2026-06-27,True,0.37,1782261000.0,-0.386317,-0.0666084194104749,-0.0002923970587485,-0.0023078434592134,87.51666666666667,-0.0689162628696883,1667.15,1601.35,-0.07631650935786835,-0.07444125148743966
ETH,ethereum-above-1700-on-june-30-2026,1700.0,1782835260,1782285300,0.5046615154610574,6.365277777777777,1678.0,1566.76,5.831534076851364,-0.0685928153035143,0,2026-06-30,True,0.39,1782286200.0,-0.406653,-0.0066516601303847,-0.0005115426750963,-0.0029830785415883,152.51666666666668,-0.009634738671973,1671.3,1563.95,-0.02657954907964833,-0.013716812525768906
BTC,bitcoin-above-60k-on-june-29-2026,60000.0,1782748860,1782307800,0.4012754134829416,5.104861111111111,61855.71,59807.99,6.944692179227232,-0.0336651506351749,0,2026-06-29,True,0.72,1782308700.0,-0.734112,-0.5003178916713935,0.0001232142693402,0.000855685172656,122.26666666666668,-0.4994622064987374,61328.0,59736.0,-0.5554607022347137,-0.5043234910241973
BTC,bitcoin-above-60k-on-june-28-2026,60000.0,1782662460,1782307800,0.3924822633942242,4.104861111111111,61855.71,59895.23,7.444089768754102,-0.032207545477253,0,2026-06-28,True,0.744,1782308700.0,-0.75733248,-0.5175766202360984,6.403265857112678e-05,0.0004766648585354,98.26666666666668,-0.5170999553775629,61328.0,59851.5,-0.5806541039268139,-0.522310818215691
SOL,solana-above-70-on-june-29-2026,70.0,1782748860,1782308700,0.5497413718580649,5.094444444444445,68.78,73.83,5.866629326692527,0.0708521480669539,1,2026-06-29,True,0.43,1782309600.0,0.5528430000000001,0.1371797102912466,5.614058556518281e-06,3.293560056943926e-05,122.01666666666668,0.137212645891816,68.742,73.754,0.13590604880082285,0.13310600536313177
BTC,bitcoin-above-60k-on-june-27-2026,60000.0,1782576060,1782309600,0.4182196608864434,3.0840277777777776,61338.01,60814.99,8.898753957718789,-0.0085634113967231,1,2026-06-27,True,0.72,1782310500.0,0.265888,0.342091691058164,4.6266098727515415e-05,0.0004117106291596,73.76666666666667,0.3425034016873237,61093.0,60733.0,0.3126629810256615,0.3362742739169204
XRP,xrp-above-1pt1-on-june-29-2026,1.1,1782748860,1782325800,0.5684141422826752,4.896527777777778,1.0677,1.0491,5.385679126227486,-0.017574148446817,0,2026-06-29,True,0.32,1782326700.0,-0.335232,-0.2405832755487544,2.6877911536452023e-05,0.0001447558071184,117.26666666666668,-0.2404385197416359,1.063,1.0483,-0.2638600496010382,-0.24420849512999532
XRP,xrp-above-1pt1-on-july-1-2026,1.1,1782921660,1782325800,0.5610898070669583,6.896527777777778,1.0677,1.06,4.725948814009247,-0.0072378940781438,0,2026-07-01,True,0.36,1782326700.0,-0.3761279999999999,-0.3419220830654712,0.0002615967096389,0.001236292659667,165.26666666666668,-0.3406857904058042,1.063,1.0593,-0.36172149585390784,-0.3439939545756111
BTC,bitcoin-above-62k-on-june-28-2026,62000.0,1782662460,1782331200,0.4248767061952974,3.8340277777777776,59958.3,59895.23,6.701790283864058,-0.0010524513682933,0,2026-06-28,True,0.29,1782332100.0,-0.304413,-0.2973596916457323,8.023802640721826e-05,0.0005377384257723,91.76666666666668,-0.2968219532199599,60524.0,59851.5,-0.23368415323429026,-0.301513206418665
BTC,bitcoin-above-60k-on-june-30-2026,60000.0,1782835260,1782331200,0.4645493998078198,5.834027777777778,59958.3,58441.4,6.786903818538257,-0.0256247778077004,0,2026-06-30,True,0.6,1782332100.0,-0.6168,-0.4428870976477236,0.0002610440828068,0.0017716810824087,139.76666666666668,-0.4411154165653149,60524.0,58352.0,-0.37174261281999765,-0.4458662492382918
BTC,bitcoin-above-62k-on-june-29-2026,62000.0,1782748860,1782332100,0.4306631936157295,4.823611111111111,60684.01,59807.99,7.255430765281083,-0.0145409726024891,0,2026-06-29,True,0.35,1782333000.0,-0.365925,-0.2604239800227909,0.0001396085323238,0.0010129200405178,115.51666666666668,-0.259411059982273,60671.5,59736.0,-0.2572472059051054,-0.26448986151797016
BTC,bitcoin-above-62k-on-july-1-2026,62000.0,1782921660,1782333000,0.4343078241015162,6.813194444444444,60773.99,60114.03,6.287147339494623,-0.010918642831795,0,2026-07-01,True,0.47,1782333900.0,-0.4874369999999999,-0.4187898837691874,0.0002948291979336,0.0018536346073935,163.26666666666668,-0.4169362491617938,60844.5,60056.5,-0.4080273580982807,-0.42133725229944063
BTC,bitcoin-above-58k-on-june-28-2026,58000.0,1782662460,1782396900,0.5260340023791361,3.073611111111111,59268.19,59895.23,7.554225532189019,0.0105241321108507,1,2026-06-28,True,0.746,1782397800.0,0.24073612,0.1612344525040806,0.0001353716540482,0.0010226280053462,73.51666666666667,0.1622570805094268,59210.5,59851.5,0.15512988621976187,0.1569691226368952
ETH,ethereum-above-1500-on-july-1-2026,1500.0,1782921660,1782403200,0.6684598637130327,6.000694444444445,1570.01,1618.57,4.1293065472871495,0.0304610546049954,1,2026-07-01,True,0.78,1782404100.0,0.2079879999999999,0.082204967782321,-0.0003843795789419,-0.0015872211119686,143.76666666666668,0.0806177466703523,1573.75,1615.5,0.095391805504173,0.07772723208725142
BTC,bitcoin-above-60k-on-july-1-2026,60000.0,1782921660,1782412200,0.4626422412450913,5.896527777777778,59718.02,60114.03,6.743863955593635,0.0066094411575344,1,2026-07-01,True,0.46,1782413100.0,0.5226120000000001,0.4780388280110861,0.0003583210434971,0.002416468369771,141.26666666666668,0.4804552963808571,59322.5,60056.5,0.43737762477986636,0.4757345916119422
ETH,ethereum-above-1600-on-june-29-2026,1600.0,1782748860,1782418500,0.5545015477704173,3.823611111111111,1567.01,1580.32,6.500615699809488,0.0084580132032269,0,2026-06-29,True,0.38,1782419400.0,-0.396492,-0.4514742934180933,-0.0004698899007313,-0.0030545736658762,91.51666666666668,-0.4545288670839696,1563.1,1577.85,-0.4651516450773833,-0.4590792980738356
BTC,bitcoin-above-58k-on-july-2-2026,58000.0,1783008060,1782462600,0.5118603655263844,6.313194444444445,60314.5,61644.03,5.101098191570674,0.0218038487672165,1,2026-07-02,True,0.74,1782463500.0,0.246532,0.1353084264842713,0.0004342197910203,0.002214997790718,151.26666666666668,0.1375234242749893,60155.0,61572.0,0.12640910820073462,0.13395265554088995
BTC,bitcoin-above-56k-on-july-2-2026,56000.0,1783008060,1782472500,0.5625631648314353,6.198611111111111,59486.0,61644.03,3.992237579635861,0.0356353971904483,1,2026-07-02,True,0.81,1782473400.0,0.1792269999999999,0.0369620281710419,0.0004006270825792,0.0015993984944927,148.51666666666668,0.0385614266655346,59389.5,61572.0,0.033952861496745194,0.03576686035978959
BTC,bitcoin-above-58k-on-july-1-2026,58000.0,1782921660,1782482400,0.5843215413155591,5.084027777777777,60175.43,60114.03,5.106608281501802,-0.0010208709114243,1,2026-07-01,True,0.74,1782483300.0,0.246532,0.251745187850624,0.0003407854054289,0.0017402575735784,121.76666666666668,0.2534854454242025,59852.5,60056.5,0.22732197032488385,0.24991081962715073
BTC,bitcoin-above-62k-on-june-30-2026,62000.0,1782835260,1782483300,0.4675864604853477,4.073611111111111,59989.99,58441.4,6.357106947106258,-0.0261531721805976,0,2026-06-30,True,0.26,1782484200.0,-0.273468,-0.1072094874418565,0.0003072350842348,0.0019531262883841,97.51666666666668,-0.1052563611534723,59890.0,58352.0,-0.1105789123287966,-0.10970633601644714
BTC,bitcoin-above-60k-on-june-30-2026,60000.0,1782835260,1782483300,0.5189822643838898,4.073611111111111,59989.99,58441.4,7.272986302125841,-0.0261531721805976,0,2026-06-30,True,0.54,1782484200.0,-0.557388,-0.3671763369733747,0.0003072350842348,0.0022345165591725,97.51666666666668,-0.3649418204142021,59890.0,58352.0,-0.3710312007113384,-0.3700329108256906
ETH,ethereum-above-1600-on-june-30-2026,1600.0,1782835260,1782511200,0.5477771436772467,3.750694444444445,1575.18,1566.76,6.848900305667965,-0.0053597587202672,0,2026-06-30,True,0.4,1782512100.0,-0.4168,-0.3800915468624553,-0.0003150246393188,-0.0021575723485235,89.76666666666667,-0.3822491192109788,1573.4,1563.95,-0.3824925846716656,-0.3870433494249465
ETH,ethereum-above-1600-on-july-1-2026,1600.0,1782921660,1782512100,0.5540655054492404,4.740277777777778,1575.31,1618.57,6.0789359357245925,0.0270909650648344,1,2026-07-01,True,0.42,1782513000.0,0.5629480000000001,0.3982637589339186,-0.0002552322891097,-0.0015515407342267,113.51666666666668,0.3967122181996919,1570.55,1615.5,0.38560196137448866,0.3924569630446848
BTC,bitcoin-above-60k-on-july-1-2026,60000.0,1782921660,1782659700,0.5085765805521727,3.031944444444444,60082.09,60114.03,8.606584683360857,0.0005314647552983,1,2026-07-01,True,0.52,1782660600.0,0.462528,0.4579539035773032,0.0002142133812313,0.0018436456058767,72.51666666666667,0.4597975491831799,59958.5,60056.5,0.4442913685121178,0.45377293990482764
BTC,bitcoin-above-60k-on-july-2-2026,60000.0,1783008060,1782666900,0.5259781687755015,3.948611111111112,59641.17,61644.03,7.22421964399573,0.033030280528031,1,2026-07-02,True,0.47,1782667800.0,0.512563,0.2739449985627081,0.0002735037397326,0.0019758510892828,94.51666666666668,0.275920849651991,59530.5,61572.0,0.26589251329735436,0.27086389590119453
SOL,solana-above-70-on-july-2-2026,70.0,1783008060,1782722700,0.6918436930969692,3.302777777777778,72.74,80.89,5.209512327529055,0.1061987674710183,1,2026-07-02,True,0.71,1782723600.0,0.275587,-0.2776567883086618,0.0009343437368687,0.0048674752153673,79.01666666666667,-0.2727893130932944,72.711,80.745,-0.26916658371407265,-0.2764359717225644
ETH,ethereum-above-1600-on-july-5-2026,1600.0,1783267260,1782912600,0.5234194805294503,4.104861111111111,1578.44,1774.16,6.92584265994717,0.1168900539538728,1,2026-07-05,True,0.42,1782913500.0,0.5629480000000001,-0.2466141221972584,8.725985428775524e-05,0.0006043480213269,98.26666666666668,-0.2460097741759314,1582.85,1774.0,-0.23091012345052409,-0.25085786403789456
ETH,ethereum-above-1600-on-july-4-2026,1600.0,1783180860,1782914400,0.5284078370347247,3.0840277777777776,1597.22,1788.64,8.19868234432691,0.1131909364979996,1,2026-07-04,True,0.6,1782915300.0,0.3832,-0.5448165326039778,8.580675316581087e-05,0.0007035023122045,73.76666666666667,-0.5441130302917733,1609.9,1786.15,-0.47359996538769894,-0.5498521079328021
XRP,xrp-above-1pt1-on-july-5-2026,1.1,1783267260,1782915300,0.5417658695297607,4.073611111111111,1.056,1.1369,5.293535213087769,0.0738170748688541,1,2026-07-05,True,0.24,1782916200.0,0.747232,0.3564787148545843,4.0494263913982975e-05,0.0002143578119567,97.51666666666668,0.356693072666541,1.0531,1.1363,0.3412248351748777,0.35298759801737994
XRP,xrp-above-1pt1-on-july-7-2026,1.1,1783440060,1782915300,0.5424489298306725,6.073611111111111,1.056,1.1295,4.709116701325989,0.0672868716418511,1,2026-07-07,True,0.29,1782916200.0,0.695587,0.3787252689713806,4.718404902620283e-05,0.0002221951933054,145.51666666666668,0.378947464164686,1.0531,1.13,0.36061691811948526,0.37565108247375806
ETH,ethereum-above-1600-on-july-6-2026,1600.0,1783353660,1782916200,0.5312092909173327,5.063194444444445,1605.55,1782.96,6.374597808408956,0.1048085275209007,1,2026-07-06,True,0.51,1782917100.0,0.472507,-0.1956052098373037,0.0001548183579452,0.0009869047652589,121.26666666666668,-0.1946183050720447,1594.45,1785.25,-0.25148663231883606,-0.1990805235379307
BTC,bitcoin-above-62k-on-july-6-2026,62000.0,1783353660,1782922500,0.3754066373388976,4.990277777777778,60132.01,63427.99,7.018960556025536,0.0533629346018516,1,2026-07-06,True,0.26,1782923400.0,0.726532,0.3519796668758331,0.0004562118629829,0.0032021330714681,119.51666666666668,0.3551817999473012,60092.5,63508.0,0.3368068218871942,0.35026852755808363
BTC,bitcoin-above-60k-on-july-5-2026,60000.0,1783267260,1782923400,0.395408338187794,3.979861111111111,60144.01,62736.0,9.655454122043318,0.0421935924605429,1,2026-07-05,True,0.54,1782924300.0,0.4426119999999999,0.0352137037530343,0.0001848676272254,0.0017849808933264,95.26666666666668,0.0369986846463607,60004.5,62709.0,0.011973426283696673,0.030239866760931194
BTC,bitcoin-above-62k-on-july-5-2026,62000.0,1783267260,1782923400,0.3650553766276193,3.979861111111111,60144.01,62736.0,7.499775219720956,0.0421935924605429,1,2026-07-05,True,0.2,1782924300.0,0.7888000000000001,0.4723575408334148,0.0001848676272254,0.0013864656495941,95.26666666666668,0.4737440064830089,60004.5,62709.0,0.4543058930433788,0.4684941638292049
BTC,bitcoin-above-60k-on-july-6-2026,60000.0,1783353660,1782940500,0.3881128231952375,4.781944444444445,60447.21,63427.99,8.88656598637409,0.0481348245187043,1,2026-07-06,True,0.6,1782941400.0,0.3832,-0.0445532943280038,0.0004485982697262,0.0039864981252956,114.51666666666668,-0.0405667962027081,60552.5,63508.0,-0.04252450987281729,-0.046787392393169466
XRP,xrp-above-0pt9-on-july-5-2026,0.9,1783267260,1783005300,0.6102356526120997,3.031944444444444,1.0895,1.1369,0.0215756777877048,0.0425863847503864,1,2026-07-05,True,0.94,1783006200.0,0.056052,0.0551331698844824,3.3410841113870604e-05,7.208615424890723e-07,72.51666666666667,0.0551338907460248,1.0917,1.1363,0.055173700657236105,0.05511878777157353
BTC,bitcoin-above-62k-on-july-6-2026,62000.0,1783353660,1783019700,0.3155306476607962,3.8652777777777776,61663.99,63427.99,12.08106128566302,0.0282051166054627,1,2026-07-06,True,0.43,1783020600.0,0.5528430000000001,0.2120952577201325,0.0003953550333739,0.0047763083877864,92.51666666666668,0.2168715661079189,61573.5,63508.0,0.1754434029406339,0.20841482320795576
BTC,bitcoin-above-64k-on-july-7-2026,64000.0,1783440060,1783148400,0.3287201081607739,3.375694444444445,62500.01,63917.45,9.410843168863002,0.0224256903028833,0,2026-07-07,True,0.23,1783149300.0,-0.242397,-0.4534416543939266,0.0004638773098541,0.0043654766126311,80.76666666666667,-0.4490761777812954,62486.0,63874.5,-0.45144769850654726,-0.4556637679994996
BTC,bitcoin-above-64k-on-july-11-2026,64000.0,1783785660,1783461600,0.3672388952106615,3.750694444444445,63423.94,64157.3,10.356278394324848,0.0114964876855619,1,2026-07-11,True,0.42,1783462500.0,0.5629480000000001,0.443887172971393,0.0006660925496384,0.0068982398804417,89.76666666666667,0.4507854128518347,63445.5,64155.0,0.4474271513681707,0.44353601797580805
BTC,bitcoin-above-64k-on-july-12-2026,64000.0,1783872060,1783461600,0.3637935980099551,4.750694444444445,63423.94,64173.58,9.342438857427531,0.0117502068229563,1,2026-07-12,True,0.42,1783462500.0,0.5629480000000001,0.4531724111944029,0.0007649564157851,0.0071465585430696,113.76666666666668,0.4603189697374725,63445.5,64150.5,0.4603151507251872,0.45377926253727346
BTC,bitcoin-above-64k-on-july-13-2026,64000.0,1783958460,1783461600,0.3613350864636133,5.750694444444444,63423.94,62565.02,8.581856824412252,-0.0136350567084353,0,2026-07-13,True,0.44,1783462500.0,-0.457248,-0.3402338955354656,0.0009349817058052,0.0080238791326649,137.76666666666668,-0.3322100164028006,63445.5,62530.0,-0.3304956070919144,-0.33821731617989015
ETH,ethereum-above-1800-on-july-11-2026,1800.0,1783785660,1783473300,0.5014767295710508,3.615277777777778,1779.75,1813.79,7.744334357080617,0.0189456737272648,1,2026-07-11,True,0.39,1783474200.0,0.593347,0.4466253680359036,0.0001829955086755,0.0014171784050275,86.51666666666667,0.4480425464409311,1772.05,1814.8,0.4047321506169429,0.44262151239097464
BTC,bitcoin-above-64k-on-july-14-2026,64000.0,1784044860,1783473300,0.3699749475018528,6.615277777777777,63634.98,64783.23,7.931765041671522,0.0178834544168804,1,2026-07-14,True,0.44,1783474200.0,0.542752,0.4009046414318618,0.0010110925383062,0.008019748449232,158.51666666666668,0.4089243898810938,63392.5,64622.5,0.39279407465627564,0.4033721543519238
BTC,bitcoin-above-62k-on-july-12-2026,62000.0,1783872060,1783519200,0.386888752935758,4.084027777777778,61945.49,64173.58,9.739660578652993,0.0353367947365307,1,2026-07-12,True,0.53,1783520100.0,0.452563,0.1083946133286588,0.0006940173003988,0.0067594929415975,97.76666666666668,0.1151541062702563,61947.0,64150.5,0.11207725229254924,0.10833634386519976
BTC,bitcoin-above-62k-on-july-13-2026,62000.0,1783958460,1783520100,0.3930216374971188,5.073611111111111,62045.62,62565.02,8.609340680327676,0.0083364150606574,1,2026-07-13,True,0.51,1783521000.0,0.472507,0.4007359626901859,0.0008611273925723,0.0074137390918175,121.51666666666668,0.4081497017820034,61907.0,62530.0,0.3876872997980086,0.4021231633057741
BTC,bitcoin-above-62k-on-july-11-2026,62000.0,1783785660,1783521900,0.401357417827026,3.0527777777777776,61908.99,64157.3,10.850198617172458,0.0356724769846439,1,2026-07-11,True,0.5,1783522800.0,0.4825,0.0954465395500994,0.0005864078407125,0.006362641542398,73.01666666666667,0.1018091810924974,61877.0,64155.0,0.08899499058922118,0.09421404206047769
BTC,bitcoin-above-60k-on-july-12-2026,60000.0,1783872060,1783521900,0.424685645218703,4.052777777777778,61908.99,64173.58,7.086525429020782,0.0359261961220383,1,2026-07-12,True,0.8,1783522800.0,0.1887999999999999,-0.0657919023868123,0.0006852717068591,0.004856195376446,97.01666666666668,-0.0609357070103662,61877.0,64150.5,-0.06700989069513216,-0.06589627481068086
BTC,bitcoin-above-62k-on-july-14-2026,62000.0,1784044860,1783521900,0.3912913158094026,6.052777777777777,61908.99,64783.23,7.905649392972923,0.0453813701745262,1,2026-07-14,True,0.51,1783522800.0,0.472507,0.1137377984274773,0.0009406464250066,0.0074364208388558,145.01666666666668,0.1211742192663331,61877.0,64622.5,0.1311927832113254,0.1156402646912522
BTC,bitcoin-above-62k-on-july-12-2026,62000.0,1783872060,1783606500,0.3272820691980858,3.073611111111111,62932.01,64173.58,11.827852419630762,0.0195366622360687,1,2026-07-12,True,0.71,1783607400.0,0.275587,0.0445102422996057,0.0005583016918121,0.0066035100163844,73.51666666666667,0.0511137523159901,62775.5,64150.5,0.017636754011013,0.042834255622248796
BTC,bitcoin-above-64k-on-july-12-2026,64000.0,1783872060,1783606500,0.3003716050757854,3.073611111111111,62932.01,64173.58,11.910764116874438,0.0195366622360687,1,2026-07-12,True,0.26,1783607400.0,0.726532,0.4938354244751368,0.0005583016918121,0.0066497997572266,73.51666666666667,0.5004852242323634,62775.5,64150.5,0.4667735565512718,0.4921476893505514
BTC,bitcoin-above-64k-on-july-13-2026,64000.0,1783958460,1783672200,0.3078131854724296,3.313194444444444,64331.99,62565.02,13.426532239348838,-0.0278506832052399,0,2026-07-13,True,0.56,1783673100.0,-0.5772480000000001,-0.2033099040569549,0.000521562097771,0.0070027703205452,79.26666666666667,-0.1963071337364096,64146.5,62530.0,-0.23695723342453218,-0.20570570630395435
BTC,bitcoin-above-64k-on-july-14-2026,64000.0,1784044860,1783710000,0.2822558297827399,3.875694444444445,63810.0,64783.23,13.6231705265878,0.0151368556881369,1,2026-07-14,True,0.48,1783710900.0,0.502528,0.2963160337241602,0.0005405251392457,0.0073636661458518,92.76666666666668,0.3036796998700121,63876.0,64622.5,0.3420685997432552,0.2941434805014008
BTC,bitcoin-above-64k-on-july-15-2026,64000.0,1784131260,1783710900,0.3003026955630126,4.865277777777778,63882.05,65400.0,11.477913105487543,0.0234838442098448,1,2026-07-15,True,0.48,1783711800.0,0.502528,0.2329824767765941,0.0007448879089121,0.0085497586918219,116.51666666666668,0.241532235468416,63839.5,65304.5,0.24262285095452096,0.23349769629457517
ETH,ethereum-above-1900-on-july-15-2026,1900.0,1784131260,1783800900,0.5930356751809968,3.823611111111111,1824.95,1930.76,5.1648427524012135,0.0563611183894098,1,2026-07-15,True,0.19,1783801800.0,0.799227,0.5081306861692299,0.0002265974174675,0.0011703400293202,91.51666666666668,0.5093010261985501,1825.25,1926.5,0.5179428269370621,0.5056856362718694
