hour_of_week,BTC,ETH,SOL,XRP
0,1.9401278169085343,2.021236945917761,2.100428373613356,2.0622436841448795
1,1.631264848060409,1.6543849855870525,1.6881980711545777,1.5455980443674995
2,1.1290893826272117,1.1578939374295445,1.165064235615768,1.150798100426532
3,1.0947569743024916,1.102625065527567,1.0435576402261448,1.0447883646849243
4,0.8223938447929128,0.7319102934223168,0.779363096534675,0.7737240958243227
5,0.7966252945656228,0.8190389047052223,0.7686872641193649,0.8421275179324633
6,0.9081673764339053,0.9456462669209982,1.117073147379814,1.1373933882329743
7,0.7756991696692052,0.8148403421093718,0.8458954058508305,0.8466231394316059
8,0.8316218013814836,0.7744560458309048,0.9007409762927706,0.879150853185715
9,0.8033030646911845,0.9310152338364349,0.822415085105511,0.9356025484977709
10,0.6802071385561698,0.6139455435778047,0.6470712393621962,0.6902324757982377
11,0.8839484270243981,0.8900327239044352,0.8996754191056503,0.9526273338383108
12,0.8130301057501683,0.8268653134840914,0.7749290156187141,0.861253587931871
13,1.4082573036644728,1.4107505186596876,1.3135207703446468,1.3607640267845313
14,2.544118773838362,2.438608366806001,2.256706798937156,2.2462980653575353
15,2.5094290160739634,2.3581936829116716,2.2096409067077727,2.1962140131480496
16,1.6706640577586371,1.6381623502556466,1.706185511983321,1.6023256176487854
17,1.2331603980862615,1.2890296811637787,1.3139813633211843,1.2063249595676828
18,0.9941869222462645,1.0096187908436984,1.0569392989001456,0.9716506803678645
19,0.9697612621124321,1.0287233926076809,0.9706882758002107,1.0557296364725723
20,0.9206987699685605,1.0577664690487552,0.9285599314141211,1.3025080622314107
21,0.7421561146653777,0.9344590707148439,0.7524335264158909,0.9705630106044333
22,0.692328597398571,0.75516205222774,0.7075208450386187,0.6788811053741565
23,0.5691951902431293,0.6451058549319313,0.592405555936038,0.5649922334623974
24,0.7810068010431445,0.8533375832482413,0.8971641117251696,0.8969617478039951
25,1.1529653252978562,1.0783827179791199,1.051687976565735,1.0392441711846463
26,0.885130497370941,0.8967219727658096,0.9249498240803338,0.910127459994957
27,0.8157869026911412,0.880138185208672,0.844475610962504,0.8709441692642668
28,0.6723923045926844,0.672007571373989,0.6980580728713479,0.6409483671972747
29,0.7507294247845,0.7658196324706872,0.8526825235868322,0.7991717157115097
30,0.6637438980379614,0.8258511554622995,0.8482117893578223,0.8824980189979549
31,0.6275040243733222,0.7166216647160837,0.7940600760582368,0.8462441345586051
32,0.7139426102672017,0.8072632217539387,0.8011605144636157,0.8421050942339579
33,0.6068636406232648,0.6135406707770631,0.6360170402105211,0.604028919504667
34,0.5808245531382786,0.5691660445000739,0.6508429497303171,0.5488956738192352
35,0.48888519266562924,0.47207819337221985,0.526719922496285,0.4550541730781052
36,0.6879565739550754,0.704443877717501,0.6762725502506748,0.671882585376837
37,1.4270633572648967,1.3644194645649361,1.4098405466014616,1.2212037414132446
38,2.905074308649121,2.751932446711848,2.4208122046346414,2.145352036724305
39,2.599553042890285,2.473063266646143,2.2616402609080763,2.053669796724981
40,1.9987954009493416,1.987257536838568,2.0000053920059466,1.747044633215513
41,1.590268827126836,1.5654366996088018,1.4906953648038168,1.4086156597136759
42,1.4573912945998477,1.5606143282472473,1.2734437819471778,1.220072773449039
43,1.289891409831486,1.2374326807827623,1.0988718458901874,1.0207204156785257
44,1.2285058964183542,1.4696298104304133,1.3260705038596854,1.4878230041818998
45,1.0768953934508625,1.3603740203915173,1.2503276312878284,1.2609284355482473
46,1.2829086821970386,1.3480964273228462,1.1487599263359216,1.0581647470913917
47,0.7923403588787982,0.7790669200280644,0.7924698881628718,0.6004872410973492
48,0.8547061692050744,0.8021322086820408,0.9400241761303445,0.7728925621796581
49,1.1339796404142375,1.0372192757213636,1.2156871933190057,1.0984976926247774
50,0.8180432389788131,0.7787154195185154,0.837047409443429,0.7359030494142796
51,0.582003889840687,0.5874237856049422,0.7244944747023702,0.54319930436096
52,0.5574573926219412,0.5982921896958145,0.7081834671759837,0.5334261429557297
53,0.6256923594293079,0.5929678442022893,0.6018814192484988,0.5380832576995719
54,0.5234953655542114,0.48092863533028374,0.5878059165381437,0.4612398032437363
55,0.5268284315657752,0.44362797418118366,0.5107721222111483,0.45278966131169734
56,0.7098105369495868,0.7949199938887033,0.745046539293958,0.5889151583063331
57,0.6862645544582037,0.6360974751400237,0.7518051308078393,0.6337782031890175
58,0.49669968539217074,0.5433833472182396,0.5477249874914848,0.4203298025180704
59,0.6685508549212998,0.6818885047247426,0.7817801329089421,0.5405678074650956
60,0.8717431106382103,0.8546030231786692,0.8467196600890978,0.7003389852404666
61,1.3849073290882634,1.2999603508542286,1.2943245836155381,1.0030217095730483
62,2.7040194011832237,2.6814666767406945,2.448808388092315,2.0476307901910453
63,2.4965445198595226,2.4153937756028867,2.0825871258933244,1.857141821311221
64,1.8354251587579398,1.8086216298456383,1.6044603611939212,1.4378308626358571
65,1.6237692222296956,1.6036896013126607,1.495320078131592,1.262635798214091
66,1.7842066348679524,1.923632605274511,1.7461518166901473,1.4894945043711623
67,1.460150757120408,1.632824325913623,1.3774231302638948,1.3662054133843637
68,1.1350800426121215,1.2099796775903964,1.1426480440118343,1.1903548312725463
69,0.9543713164061566,1.0375280947161232,1.0784543308008199,0.9761461165624044
70,0.9641230386697915,1.0049432666166256,1.0457754552672955,0.9205698085773556
71,0.7112630993903556,0.7978475621413426,0.7242776790464496,0.7296187959666144
72,0.8151338087840692,0.8384339880650958,0.8433831851071911,0.7850783822635858
73,1.0993737511475725,1.0462187771167346,1.0116666022811223,0.9107752152099097
74,0.9672212537525351,0.9529348722637033,1.0494621342700465,0.8490398200898017
75,0.7722787161090465,0.8249514673050292,0.8178206314024804,0.7411391506054611
76,0.8146100041422829,0.8684198176818574,0.8371681144439503,0.8603663883366708
77,0.6548610097184863,0.6839241586296083,0.7293619959027081,0.6343392421410701
78,0.5924484206464093,0.6797893772641954,0.612584426399012,0.5906992159581472
79,0.6043123951397303,0.6005587341604782,0.6155789752760318,0.5538746904782724
80,0.581920226059268,0.5695584625903378,0.5782549278524824,0.5770196414621593
81,0.7294694133423375,0.7449775326614588,0.7783030818284615,0.730939365778318
82,0.49305483468468353,0.5166237912873767,0.5458921079902308,0.6032060052328369
83,0.5512010120369621,0.5254560109366511,0.5521397803753105,0.6398368137444076
84,0.8076038899694049,0.9529029773010036,0.9718162854366231,0.8484200475805849
85,1.4026283562286685,1.4476134261088551,1.399921915320294,1.2015142633908473
86,2.470405451602795,2.2628665673310433,2.088644484549097,1.9744683014423752
87,2.9487156575745503,2.684071025099016,2.4511247115444568,2.395037340727875
88,2.0858920624227193,2.019953096000661,1.926625638665432,1.937175772434736
89,2.0908896186153325,1.983058093324925,1.904497149069077,1.9110668089066165
90,1.5872467659879157,1.5493684699678003,1.502296012181301,1.6177171947584694
91,1.5508056379046822,1.4321639589461093,1.5105144339415406,1.6407335920174264
92,1.4408432611027358,1.3429152439174081,1.3393324948556273,1.6853473640497192
93,1.1983527484119822,1.0051988067699307,1.0427443103259808,1.1998675611813296
94,1.0112977735524447,0.9036780573823722,0.9490508574349221,0.9911601778816458
95,0.9048632727154278,0.8525916292893109,0.8159903544858075,0.9460370189246443
96,1.716882094076974,1.6109441626751353,1.862385486426171,1.6232967862873444
97,1.2911418565598392,1.335014297187219,1.279541992761828,1.462885298122324
98,1.18625633955243,1.057775098591997,1.1622515720702429,1.1110609248344936
99,0.8942004548222141,0.8856714780346016,0.9227325880848122,0.8589515994745487
100,0.8805851107486616,0.8622954687814884,0.8802527359190617,0.7884746504237804
101,0.7352404290604707,0.6324136817332051,0.7622980533916499,0.7743049248728583
102,0.7245337567372188,0.7239482238938549,0.8352129936986484,0.8823264497494441
103,1.0265518889425043,1.026368452495232,1.1072416267251377,1.0654112421323978
104,1.051538801628364,0.949629431274725,0.9563853675301504,1.006531527243437
105,0.9217625984261171,0.7808430076083099,0.8954576263637214,0.8596775501406573
106,0.8487410591709501,0.781171543867788,0.8739421493044403,0.9476016667644535
107,0.8134232338988503,0.7885454242084166,0.9103233518830758,0.8800960541329413
108,1.2759891262111884,1.238135277022807,1.2452667733006655,1.2514833438247055
109,1.8181810777526766,1.7233268896305056,1.6849766145402196,1.613780091376187
110,3.0186328552566137,2.6248382195414766,2.421445067116471,2.2244091707897464
111,3.1463683566470695,2.8653096536906904,2.6421777208886303,2.6905942457081853
112,2.0136912313400437,1.8477487488265347,1.8444130525707862,1.9283668634649467
113,1.7794513841687307,1.4893378822117183,1.6008466737131868,1.5639304564456156
114,1.4361872852670339,1.297309391745607,1.1737727071745199,1.242420889684338
115,1.0310535223558912,0.9934508614501112,0.9829759071412824,1.0355234375259537
116,1.1258647068260905,1.1358134334168115,1.0013560404985258,1.1192206233504902
117,1.4327838372599433,1.4312284723516149,1.5739042398865153,1.969749809179604
118,0.9119527407476703,0.9520924866004108,1.125416760990807,1.5253934598437013
119,0.5868660887943626,0.6311832220169806,0.7098853782922532,0.9181370074974862
120,0.5935127906579921,0.5282738251236727,0.7031496496237666,1.1657900030471242
121,0.4189516353112474,0.45007371192455714,0.5350009842108644,0.7297511305072899
122,0.3820550904951006,0.38750640928858704,0.4911237930223653,0.6291321067178678
123,0.3506472208201489,0.3735387912920406,0.4364306732626619,0.5625911253708453
124,0.3815968624889891,0.39998885598009093,0.418847646153199,0.56644279869848
125,0.2825622375794376,0.2595421863507698,0.3933374667252749,0.49489148784516573
126,0.5839875252322777,0.5040907702722138,0.6036002762924367,0.678050710980451
127,0.6631754588316022,0.5744812925137152,0.5873660146241348,0.7545396005724975
128,0.529915332212475,0.5608980761257017,0.5625527174287475,0.7761121755262802
129,0.3581180894633931,0.3477980634387303,0.4534891175128769,0.5954840400085865
130,0.2762399939981348,0.27397004041524287,0.37662301893224837,0.4693332286168967
131,0.32705134389058416,0.3256492932444241,0.37321042006187655,0.5172626205471865
132,0.494884717478424,0.4432080413892208,0.4742516424262629,0.6420412460702043
133,0.5184821959081041,0.5118472421108947,0.613705488756156,0.8085409297955387
134,0.7115260472335587,0.7267509961084582,0.8808802394254922,0.9317033594465424
135,0.5238521122692027,0.5929257965993171,0.6707116803708347,0.6836110241225245
136,0.6788383192397043,0.7901343344564045,0.7719675750414202,0.8019269914165772
137,0.5789434470731866,0.7083758831685908,0.7300618896286115,0.7337743335736245
138,0.6422624769975108,0.7839578717424199,0.6754734281959655,0.7322774248129805
139,0.47906742615080394,0.5315778012619773,0.5137118828202808,0.554697312810738
140,0.451954798806694,0.5292082002397223,0.5739711688325329,0.5815814465704217
141,0.4818166234060986,0.5300900903034083,0.562927883575538,0.5982986146154675
142,0.4325663271453608,0.42021078505879295,0.5398924463509812,0.5063998621038704
143,0.4659486850883309,0.4791048794876121,0.504914024346172,0.5071229379340765
144,0.49013690352613043,0.47471199108173184,0.5711253770404633,0.67538200200718
145,0.6454502675322631,0.6462165729709755,0.6609416210932916,0.7496164120919684
146,0.6609870661345616,0.6576376707051044,0.7074981719778242,0.8094887789444483
147,0.39747640831410397,0.4120502632210774,0.48460339344557407,0.6271007243748136
148,0.42008715527216506,0.40125696685341755,0.45213900186516287,0.5355876972424138
149,0.27949313791851604,0.2810552491856692,0.3538372747003825,0.4326423891801053
150,0.24877533561765483,0.255165046781855,0.3322637596367505,0.3673078465934081
151,0.3242513476944081,0.339908999098229,0.384823051136308,0.48287461546238203
152,0.49514187718686176,0.5395633368513318,0.5270838683325012,0.8378861252036941
153,0.49112179603270284,0.44460770292076274,0.5135031199178406,0.6222929822216147
154,0.3963837624380878,0.43341612626687237,0.461813697348308,0.5436035773120087
155,0.44651784410211076,0.4709541682608121,0.46175957032219933,0.5242000494712005
156,0.5128307427737699,0.560692614545329,0.542561418717155,0.5908999347802868
157,0.6819697750480838,0.7298506161855896,0.785150107518605,0.8566903684481468
158,0.8351730475273712,1.1417851154487755,1.045118974788003,1.2033932144961534
159,0.8871612215263898,1.0334936761115985,1.0303154527390712,1.0475221972230395
160,0.8282443811620114,0.9871382779094285,1.0949851538687492,1.0100520036198821
161,0.7200296723989742,0.9331679827408874,0.8260475469047204,0.796120564279664
162,0.6454135651707678,0.8717831973616669,0.6878356765633697,0.7280725524899186
163,0.5551367117947391,0.6334637305598563,0.6716643185485724,0.6165369281352113
164,0.6296341798729251,0.7805102670939551,0.7606909625929968,0.7311965076699722
165,0.7636093574655225,0.7279178757621864,0.7702436037682555,0.6880858372791154
166,1.8620654204822316,1.7065623423271037,1.6318248715836563,1.4352348084627211
167,1.7818959652527815,1.7010086525616934,1.590206100814686,1.4871527803830533
