asset,event,ts,n_sig,n_fill,ev_best1,best1_filled,ev_gapw,ev_eqw,ev_raw_gapw,hit_gapw
BTC,2025-11-11,1762398000,2,0,,False,,,,
BTC,2025-11-11,1762549200,1,1,-0.4240755380846443,True,-0.4240755380846443,-0.4240755380846443,-0.46,0.0
BTC,2025-11-16,1762982100,1,0,,False,,,,
BTC,2025-11-17,1762891200,1,0,,False,,,,
BTC,2025-11-17,1763074800,1,1,0.014737996971067147,True,0.014737996971067147,0.014737996971067147,-0.47000000000000003,0.0
BTC,2025-11-18,1762935300,1,0,,False,,,,
BTC,2025-11-18,1763024400,1,1,0.4137988991294892,True,0.4137988991294892,0.4137988991294892,-0.15000000000000002,0.0
BTC,2025-11-18,1763138700,1,0,,False,,,,
BTC,2025-11-19,1762977600,1,0,,False,,,,
BTC,2025-11-20,1763075700,2,0,,False,,,,
BTC,2025-11-20,1763175600,1,0,,False,,,,
BTC,2025-11-20,1763305200,2,2,-0.040030429037248405,True,0.048681638985494644,0.05584755813986089,-0.5259791986589197,0.0
BTC,2025-11-21,1763460900,1,1,-0.3361161154654516,True,-0.3361161154654516,-0.3361161154654516,-0.74,0.0
BTC,2025-11-22,1763504100,2,0,,False,,,,
BTC,2025-11-23,1763504100,1,0,,False,,,,
BTC,2025-11-23,1763658000,1,1,0.24873834396432948,True,0.24873834396432948,0.24873834396432948,0.17600000000000005,1.0
BTC,2025-11-24,1763504100,3,2,,False,-0.11686770187601847,-0.12679182637810252,-0.46554984295517254,0.0
BTC,2025-11-24,1763647200,1,1,-0.5067478399159289,True,-0.5067478399159289,-0.5067478399159289,-0.78,0.0
BTC,2025-11-24,1763733600,2,2,-0.3856743499829157,True,0.0036259532206493472,0.02761231424049848,0.1950436292012569,0.47098096418750807
BTC,2025-11-25,1763504100,1,0,,False,,,,
BTC,2025-11-25,1763595900,1,0,,False,,,,
BTC,2025-11-25,1763698500,1,1,0.2874444186474584,True,0.2874444186474584,0.2874444186474584,0.39,1.0
BTC,2025-11-25,1763788500,1,0,,False,,,,
BTC,2025-11-26,1763658000,1,1,0.249868978929494,True,0.249868978929494,0.249868978929494,0.25,1.0
BTC,2025-11-26,1763746200,1,1,-0.46321024425269863,True,-0.46321024425269863,-0.46321024425269863,-0.31,0.0
BTC,2025-11-26,1763838000,2,1,,False,0.35192597275908793,0.35192597275908793,0.61,1.0
BTC,2025-11-27,1763660700,4,0,,False,,,,
BTC,2025-11-27,1763766000,1,0,,False,,,,
BTC,2025-11-27,1763860500,1,0,,False,,,,
BTC,2025-11-27,1763949600,1,0,,False,,,,
BTC,2025-11-28,1764081000,3,1,0.24033272846639392,True,0.24033272846639392,0.24033272846639392,0.61,1.0
BTC,2025-11-29,1764108000,1,0,,False,,,,
BTC,2025-11-30,1764101700,1,1,-0.3493231589023488,True,-0.3493231589023488,-0.3493231589023488,-0.12,0.0
BTC,2025-11-30,1764188100,2,0,,False,,,,
BTC,2025-12-01,1764192600,1,0,,False,,,,
BTC,2025-12-01,1764320400,1,1,0.5243891573231516,True,0.5243891573231516,0.5243891573231516,-0.44,0.0
BTC,2025-12-02,1764109800,2,0,,False,,,,
BTC,2025-12-02,1764196200,4,0,,False,,,,
BTC,2025-12-02,1764328500,3,0,,False,,,,
BTC,2025-12-02,1764418500,1,1,0.16680802999907576,True,0.16680802999907576,0.16680802999907576,0.18999999999999995,1.0
BTC,2025-12-03,1764179100,1,0,,False,,,,
BTC,2025-12-03,1764320400,1,0,,False,,,,
BTC,2025-12-03,1764406800,1,0,,False,,,,
BTC,2025-12-03,1764514800,2,0,,False,,,,
BTC,2025-12-04,1764281700,1,1,0.49114669559859075,True,0.49114669559859075,0.49114669559859075,0.5700000000000001,1.0
BTC,2025-12-04,1764460800,1,0,,False,,,,
BTC,2025-12-04,1764549000,1,1,-0.017922120386132445,True,-0.017922120386132445,-0.017922120386132445,0.30000000000000004,1.0
BTC,2025-12-05,1764663300,1,0,,False,,,,
BTC,2025-12-06,1764705600,1,1,-0.13018771168165827,True,-0.13018771168165827,-0.13018771168165827,-0.301,0.0
BTC,2025-12-07,1764707400,1,0,,False,,,,
BTC,2025-12-07,1764793800,2,0,,False,,,,
BTC,2025-12-08,1764705600,1,1,-0.3439535960549479,True,-0.3439535960549479,-0.3439535960549479,-0.48,0.0
BTC,2025-12-08,1764792900,1,0,,False,,,,
BTC,2025-12-08,1764892800,1,0,,False,,,,
BTC,2025-12-09,1764705600,1,0,,False,,,,
BTC,2025-12-09,1764792000,3,2,,False,0.04428229961542528,0.0500988256176097,0.10358432975601264,0.4831166572526648
BTC,2025-12-09,1764892800,6,0,,False,,,,
BTC,2025-12-10,1764788400,1,0,,False,,,,
BTC,2025-12-10,1764892800,4,0,,False,,,,
BTC,2025-12-10,1764979200,2,0,,False,,,,
BTC,2025-12-10,1765117800,1,0,,False,,,,
BTC,2025-12-11,1764892800,4,0,,False,,,,
BTC,2025-12-11,1765123200,1,1,-0.3122633583176288,True,-0.3122633583176288,-0.3122633583176288,-0.3,0.0
BTC,2025-12-13,1765311300,2,2,0.04096098567347059,True,0.003616709467023964,0.002927278773748501,-0.22873112161650394,0.0
BTC,2025-12-15,1765310400,1,1,0.17453996306087366,True,0.17453996306087366,0.17453996306087366,-0.11199999999999999,0.0
BTC,2025-12-15,1765396800,1,1,0.2061598960612189,True,0.2061598960612189,0.2061598960612189,-0.23,0.0
BTC,2025-12-15,1765530000,1,1,0.20272072475857128,True,0.20272072475857128,0.20272072475857128,-0.55,0.0
BTC,2025-12-16,1765310400,2,0,,False,,,,
BTC,2025-12-16,1765396800,1,1,-0.1757234863316693,True,-0.1757234863316693,-0.1757234863316693,-0.56,0.0
BTC,2025-12-16,1765497600,1,1,-0.08392788283547292,True,-0.08392788283547292,-0.08392788283547292,-0.54,0.0
BTC,2025-12-16,1765607400,1,1,-0.004823311784276807,True,-0.004823311784276807,-0.004823311784276807,-0.29000000000000004,0.0
BTC,2025-12-17,1765389600,1,1,-0.3135662713715808,True,-0.3135662713715808,-0.3135662713715808,-0.64,0.0
BTC,2025-12-17,1765487700,1,0,,False,,,,
BTC,2025-12-17,1765613700,1,0,,False,,,,
BTC,2025-12-17,1765712700,1,0,,False,,,,
BTC,2025-12-18,1765482300,1,0,,False,,,,
BTC,2025-12-18,1765592100,1,0,,False,,,,
BTC,2025-12-18,1765733400,1,1,-0.4852931088246503,True,-0.4852931088246503,-0.4852931088246503,-0.56,0.0
BTC,2025-12-19,1765881900,1,1,0.16328066248324796,True,0.16328066248324796,0.16328066248324796,0.21999999999999997,1.0
BTC,2025-12-20,1765921500,1,0,,False,,,,
BTC,2025-12-21,1765924200,1,1,-0.18721827170875557,True,-0.18721827170875557,-0.18721827170875557,-0.16,0.0
BTC,2025-12-21,1766010600,4,0,,False,,,,
BTC,2025-12-22,1765924200,1,1,-0.2728896808594212,True,-0.2728896808594212,-0.2728896808594212,-0.18000000000000002,0.0
BTC,2025-12-22,1766010600,4,2,,False,0.010013692788149203,0.02359935251765491,0.2452961644666751,0.482495433888899
BTC,2025-12-22,1766102400,2,0,,False,,,,
BTC,2025-12-23,1765929600,1,1,-0.1691974036647572,True,-0.1691974036647572,-0.1691974036647572,-0.16,0.0
BTC,2025-12-23,1766016000,5,0,,False,,,,
BTC,2025-12-23,1766117700,1,0,,False,,,,
BTC,2025-12-23,1766207700,1,0,,False,,,,
BTC,2025-12-24,1766009700,3,0,,False,,,,
BTC,2025-12-24,1766102400,1,0,,False,,,,
BTC,2025-12-24,1766205000,1,0,,False,,,,
BTC,2025-12-25,1766102400,1,0,,False,,,,
BTC,2025-12-25,1766198700,1,0,,False,,,,
BTC,2025-12-25,1766364300,1,1,-0.28732579993009616,True,-0.28732579993009616,-0.28732579993009616,-0.39,0.0
BTC,2025-12-26,1766491200,1,1,-0.1264297590852476,True,-0.1264297590852476,-0.1264297590852476,-0.22,0.0
BTC,2025-12-27,1766557800,1,1,-0.4149791674093314,True,-0.4149791674093314,-0.4149791674093314,-0.35000000000000003,0.0
BTC,2025-12-28,1766536200,1,1,-0.10297591351822423,True,-0.10297591351822423,-0.10297591351822423,-0.08,0.0
BTC,2025-12-28,1766625300,1,1,-0.18548379049338298,True,-0.18548379049338298,-0.18548379049338298,-0.17,0.0
BTC,2025-12-29,1766610900,1,0,,False,,,,
BTC,2025-12-29,1766702700,2,2,-0.4426044942629024,True,-0.09429354006958171,-0.08330929280877664,-0.10100579411549615,0.4847141748395887
BTC,2025-12-30,1766527200,2,2,0.45213842427574835,True,0.17072522693781378,0.12474043368477632,0.25345708931707595,0.5702276656769216
BTC,2025-12-30,1766620800,1,0,,False,,,,
BTC,2025-12-30,1766759400,1,1,0.4055454496961747,True,0.4055454496961747,0.4055454496961747,0.39,1.0
BTC,2025-12-31,1766620800,1,0,,False,,,,
BTC,2025-12-31,1766761200,2,1,,False,-0.43544327844201564,-0.43544327844201564,-0.41000000000000003,0.0
BTC,2026-01-01,1766711700,2,0,,False,,,,
BTC,2026-01-01,1766798100,2,0,,False,,,,
BTC,2026-01-01,1766885400,1,1,-0.48072950941779446,True,-0.48072950941779446,-0.48072950941779446,-0.46,0.0
BTC,2026-01-01,1766971800,2,0,,False,,,,
BTC,2026-01-02,1767083400,1,0,,False,,,,
BTC,2026-01-03,1767124800,2,1,,False,0.5449241956809613,0.5449241956809613,0.74,1.0
BTC,2026-01-04,1767124800,3,3,0.4314666510799683,True,0.10546359916525055,0.09484048187867951,0.37132529199006703,0.6591003494246341
BTC,2026-01-04,1767213900,2,0,,False,,,,
BTC,2026-01-05,1767124800,3,3,0.5142651599882206,True,0.2714055960692545,0.239080723929443,0.7067417555394839,1.0
BTC,2026-01-05,1767213900,2,0,,False,,,,
BTC,2026-01-05,1767310200,1,0,,False,,,,
BTC,2026-01-06,1767145500,1,1,0.3112240287773245,True,0.3112240287773245,0.3112240287773245,0.64,1.0
BTC,2026-01-06,1767231900,3,1,0.6022742997728621,True,0.6022742997728621,0.6022742997728621,0.88,1.0
BTC,2026-01-06,1767365100,1,0,,False,,,,
BTC,2026-01-07,1767308400,1,1,0.2043091734195136,True,0.2043091734195136,0.2043091734195136,0.45999999999999996,1.0
BTC,2026-01-07,1767445200,1,0,,False,,,,
BTC,2026-01-07,1767538800,1,0,,False,,,,
BTC,2026-01-08,1767476700,2,0,,False,,,,
BTC,2026-01-08,1767572100,1,0,,False,,,,
BTC,2026-01-09,1767688200,1,1,-0.23066302352861787,True,-0.23066302352861787,-0.23066302352861787,-0.41000000000000003,0.0
BTC,2026-01-10,1767743100,1,1,-0.38299634479043965,True,-0.38299634479043965,-0.38299634479043965,-0.63,0.0
BTC,2026-01-11,1767741300,1,0,,False,,,,
BTC,2026-01-11,1767834900,2,2,-0.1798960859340324,True,-0.12937453443122932,-0.12514530812332605,-0.15463470271329322,0.0
BTC,2026-01-12,1767734100,1,0,,False,,,,
BTC,2026-01-12,1767827700,1,0,,False,,,,
BTC,2026-01-12,1767914100,1,0,,False,,,,
BTC,2026-01-13,1767816900,1,0,,False,,,,
BTC,2026-01-13,1767908700,1,1,-0.37759383017194936,True,-0.37759383017194936,-0.37759383017194936,-0.21000000000000002,0.0
BTC,2026-01-14,1767910500,1,0,,False,,,,
BTC,2026-01-14,1768000500,1,0,,False,,,,
BTC,2026-01-14,1768091400,1,0,,False,,,,
BTC,2026-01-15,1767985200,1,0,,False,,,,
BTC,2026-01-15,1768165200,2,0,,False,,,,
BTC,2026-01-17,1768342500,2,0,,False,,,,
BTC,2026-01-18,1768342500,3,1,,False,-0.21472669327954344,-0.21472669327954344,-0.25,0.0
BTC,2026-01-18,1768455900,1,0,,False,,,,
BTC,2026-01-19,1768342500,4,0,,False,,,,
BTC,2026-01-19,1768455000,1,0,,False,,,,
BTC,2026-01-19,1768546800,1,0,,False,,,,
BTC,2026-01-20,1768552200,1,1,-0.10782113473883093,True,-0.10782113473883093,-0.10782113473883093,-0.6900000000000001,0.0
BTC,2026-01-21,1768412700,3,0,,False,,,,
BTC,2026-01-21,1768743900,1,0,,False,,,,
BTC,2026-01-22,1768597200,1,0,,False,,,,
BTC,2026-01-22,1768721400,1,0,,False,,,,
BTC,2026-01-23,1768920300,1,1,-0.2694690841655797,True,-0.2694690841655797,-0.2694690841655797,-0.38,0.0
BTC,2026-01-24,1768939200,1,1,-0.21067335873392581,True,-0.21067335873392581,-0.21067335873392581,-0.25,0.0
BTC,2026-01-25,1768939200,1,1,-0.13262487079459478,True,-0.13262487079459478,-0.13262487079459478,-0.27,0.0
BTC,2026-01-25,1769025600,2,2,-0.270737248126916,True,-0.17402017974454737,-0.16191836242573426,-0.42334527613382655,0.0
BTC,2026-01-26,1768955400,2,0,,False,,,,
BTC,2026-01-26,1769047200,1,1,-0.0417644393265407,True,-0.0417644393265407,-0.0417644393265407,-0.28,0.0
BTC,2026-01-26,1769133600,1,1,-0.1802682122898247,True,-0.1802682122898247,-0.1802682122898247,-0.49,0.0
BTC,2026-01-27,1768939200,4,2,,False,0.3876609719862286,0.3762664019793679,0.31016048231865734,1.0
BTC,2026-01-27,1769025600,1,0,,False,,,,
BTC,2026-01-27,1769112000,1,0,,False,,,,
BTC,2026-01-27,1769198400,1,1,-0.28676645798377975,True,-0.28676645798377975,-0.28676645798377975,-0.49,0.0
BTC,2026-01-28,1769017500,1,0,,False,,,,
BTC,2026-01-28,1769104800,1,0,,False,,,,
BTC,2026-01-28,1769195700,3,3,-0.4441060818613226,True,-0.11192240675403402,-0.11227730195101678,-0.17978901496904354,0.34838492485833467
BTC,2026-01-28,1769311800,2,1,,False,0.30463567226247945,0.30463567226247945,0.37,1.0
BTC,2026-01-29,1769103900,4,0,,False,,,,
BTC,2026-01-29,1769195700,1,1,-0.01587658545830839,True,-0.01587658545830839,-0.01587658545830839,-0.51,0.0
BTC,2026-01-29,1769311800,2,1,,False,0.0755296894574235,0.0755296894574235,-0.2,0.0
BTC,2026-01-29,1769404500,1,0,,False,,,,
BTC,2026-01-31,1769545800,2,0,,False,,,,
BTC,2026-02-01,1769544900,2,0,,False,,,,
BTC,2026-02-01,1769632200,3,3,1.0064496855789917,True,0.9053664023893777,0.8984878003827282,-0.240199080332052,0.0
BTC,2026-02-02,1769545800,2,0,,False,,,,
BTC,2026-02-02,1769632200,1,1,0.751682494597812,True,0.751682494597812,0.751682494597812,-0.46,0.0
BTC,2026-02-02,1769719500,1,0,,False,,,,
BTC,2026-02-03,1769544900,1,0,,False,,,,
BTC,2026-02-03,1769711400,3,3,0.2873704665685838,True,-0.017308278657878068,-0.04642087460804589,-0.6556647860368219,0.0
BTC,2026-02-03,1769797800,3,1,,False,0.3328783458138645,0.3328783458138645,-0.33,0.0
BTC,2026-02-04,1769649300,1,0,,False,,,,
BTC,2026-02-04,1769747400,1,0,,False,,,,
BTC,2026-02-04,1769869800,1,1,0.40616653650907975,True,0.40616653650907975,0.40616653650907975,-0.25,0.0
BTC,2026-02-05,1769706900,1,0,,False,,,,
BTC,2026-02-05,1769796900,4,2,0.9696563276152251,True,0.8646356119116985,0.8559532018734662,-0.4769821636558619,0.0
BTC,2026-02-05,1769883300,1,1,0.22397215708604634,True,0.22397215708604634,0.22397215708604634,-0.56,0.0
BTC,2026-02-05,1769970600,1,1,0.4830559383761019,True,0.4830559383761019,0.4830559383761019,-0.32,0.0
BTC,2026-02-06,1770129900,2,2,0.056583572283699035,True,-0.11898298497348044,-0.13611231944856206,-0.7584219108681505,0.0
BTC,2026-02-07,1770148800,3,1,,False,-0.1337895236976961,-0.1337895236976961,-0.59,0.0
BTC,2026-02-08,1770148800,3,1,-0.09658856658158466,True,-0.09658856658158466,-0.09658856658158466,-0.42,0.0
BTC,2026-02-08,1770235200,4,4,-0.4008866247880837,True,-0.09290925611094143,-0.06097266968885515,-0.3480615400881177,0.2439377571616233
BTC,2026-02-09,1770148800,2,0,,False,,,,
BTC,2026-02-09,1770235200,4,4,-0.3923525530135133,True,-0.07942232444975184,-0.058130281392875224,-0.33427998165431194,0.23259480268373944
BTC,2026-02-09,1770331500,1,1,0.42219522434754275,True,0.42219522434754275,0.42219522434754275,0.73,1.0
BTC,2026-02-10,1770148800,1,0,,False,,,,
BTC,2026-02-10,1770235200,1,1,-0.03209525327837792,True,-0.03209525327837792,-0.03209525327837792,-0.34,0.0
BTC,2026-02-10,1770321600,1,1,0.30186003803308575,True,0.30186003803308575,0.30186003803308575,0.548,1.0
BTC,2026-02-10,1770408000,2,2,-0.4444388302339612,True,-0.3562545801130198,-0.3537109058598912,-0.46252326595544824,0.0
BTC,2026-02-11,1770226200,3,0,,False,,,,
BTC,2026-02-11,1770312600,3,3,-0.37253875072107734,True,-0.0855869368713082,-0.04832738233223577,-0.16083421727388153,0.2934887500078156
BTC,2026-02-11,1770401700,1,1,-0.05891141139445155,True,-0.05891141139445155,-0.05891141139445155,-0.34,0.0
BTC,2026-02-11,1770488100,2,0,,False,,,,
BTC,2026-02-12,1770311700,4,0,,False,,,,
BTC,2026-02-12,1770399000,1,1,-0.07955703301280864,True,-0.07955703301280864,-0.07955703301280864,-0.42,0.0
BTC,2026-02-12,1770485400,4,0,,False,,,,
BTC,2026-02-12,1770585300,1,1,-0.1572945192554876,True,-0.1572945192554876,-0.1572945192554876,-0.58,0.0
BTC,2026-02-13,1770711300,1,1,0.4279228377104154,True,0.4279228377104154,0.4279228377104154,0.42999999999999994,1.0
BTC,2026-02-14,1770753600,3,3,0.3298584945119338,True,0.017070724739221,0.016752644232842524,0.07375540135473244,0.6657575829411311
BTC,2026-02-15,1770753600,2,2,0.40212951183450785,True,0.14004564833823457,0.08699268994208285,0.13802992457191335,0.5841744834474815
BTC,2026-02-15,1770840000,3,3,0.38842106072550797,True,0.13401315452770246,0.0694194714859699,0.27281354545663744,0.757613226653562
BTC,2026-02-16,1770753600,1,1,-0.5088944785848496,True,-0.5088944785848496,-0.5088944785848496,-0.6,0.0
BTC,2026-02-16,1770840000,3,3,-0.49886100561637203,True,-0.1799102395477909,-0.16004880198222884,-0.15314459871502353,0.3064305517510227
BTC,2026-02-16,1770926400,2,2,0.30011128201014436,True,0.21196978406172387,0.21066338698325168,0.41653353740966553,1.0
BTC,2026-02-17,1770753600,4,3,-0.45674063261239783,True,-0.10583161267891279,-0.07644589150881613,-0.2101877955934032,0.31314771563085675
BTC,2026-02-17,1770840000,3,3,0.3647647770167296,True,-0.12202013472233444,-0.12841399938466333,-0.12694203959134454,0.34454481165188583
BTC,2026-02-17,1770926400,3,2,,False,0.19523791999188667,0.2065326829925069,0.30749480386034955,1.0
BTC,2026-02-17,1771012800,1,1,-0.4502279694657292,True,-0.4502279694657292,-0.4502279694657292,-0.62,0.0
BTC,2026-02-18,1770831000,4,0,,False,,,,
BTC,2026-02-18,1770917400,2,2,0.41874681269790126,True,0.3495951552899069,0.3387921121081746,0.4264847365279888,1.0
BTC,2026-02-18,1771005600,1,1,-0.4241916847592554,True,-0.4241916847592554,-0.4241916847592554,-0.62,0.0
BTC,2026-02-18,1771115400,1,1,-0.1402942280138112,True,-0.1402942280138112,-0.1402942280138112,-0.46,0.0
BTC,2026-02-19,1770916500,8,0,,False,,,,
BTC,2026-02-19,1771007400,1,0,,False,,,,
BTC,2026-02-19,1771118100,1,1,-0.10148713721793656,True,-0.10148713721793656,-0.10148713721793656,-0.48,0.0
BTC,2026-02-19,1771240500,1,1,0.4152552441570829,True,0.4152552441570829,0.4152552441570829,0.21999999999999997,1.0
BTC,2026-02-20,1771334100,1,1,0.30730201809832547,True,0.30730201809832547,0.30730201809832547,0.27,1.0
BTC,2026-02-21,1771360200,1,1,0.47641599837017046,True,0.47641599837017046,0.47641599837017046,0.54,1.0
BTC,2026-02-22,1771359300,1,0,,False,,,,
BTC,2026-02-22,1771445700,1,0,,False,,,,
BTC,2026-02-23,1771362000,2,2,-0.0936300752532741,True,-0.17576104505565182,-0.17688373379356787,-0.37371890999180046,0.0
BTC,2026-02-23,1771449300,1,0,,False,,,,
BTC,2026-02-23,1771539300,1,0,,False,,,,
BTC,2026-02-24,1771358400,1,1,-0.17735453262724238,True,-0.17735453262724238,-0.17735453262724238,-0.47000000000000003,0.0
BTC,2026-02-24,1771444800,1,1,0.4555501962352565,True,0.4555501962352565,0.4555501962352565,0.30000000000000004,1.0
BTC,2026-02-24,1771531200,1,1,-0.09697762014265093,True,-0.09697762014265093,-0.09697762014265093,-0.39,0.0
BTC,2026-02-24,1771636500,1,1,0.029074707580403092,True,0.029074707580403092,0.029074707580403092,-0.48,0.0
BTC,2026-02-25,1771434900,2,2,-0.29387798043391,True,0.07893052991180485,0.10716094465038034,0.1711387864896575,0.46480339815811894
BTC,2026-02-25,1771521300,2,0,,False,,,,
BTC,2026-02-25,1771609500,2,0,,False,,,,
BTC,2026-02-25,1771725600,1,1,-0.2788841901643611,True,-0.2788841901643611,-0.2788841901643611,-0.27,0.0
BTC,2026-02-26,1771522200,7,2,,False,-0.14766864998268805,-0.14015422947442083,-0.13723459591048504,0.0
BTC,2026-02-26,1771609500,2,0,,False,,,,
BTC,2026-02-26,1771726500,1,1,-0.17299077661636011,True,-0.17299077661636011,-0.17299077661636011,-0.3,0.0
BTC,2026-02-26,1771812900,3,1,,False,0.026302352184766023,0.026302352184766023,0.13,1.0
BTC,2026-02-27,1771921800,3,3,0.057135406761403634,True,0.1739746596881327,0.18433561710809646,0.3670195403520594,0.9999999999999999
BTC,2026-02-28,1771963200,1,1,0.36868511290343203,True,0.36868511290343203,0.36868511290343203,0.43999999999999995,1.0
BTC,2026-03-01,1771963200,1,1,0.2733213779149848,True,0.2733213779149848,0.2733213779149848,0.43999999999999995,1.0
BTC,2026-03-01,1772055900,3,2,,False,0.06659423541558188,0.05522573060354627,-0.20703111631049198,0.5158157118164732
BTC,2026-03-03,1771963200,5,5,0.17639214505587608,True,0.24611420587160668,0.23058065329347852,0.5050128565201515,1.0
BTC,2026-03-03,1772055900,1,1,0.31645619830501626,True,0.31645619830501626,0.31645619830501626,0.24,1.0
BTC,2026-03-03,1772142300,1,1,0.512850773565725,True,0.512850773565725,0.512850773565725,0.5800000000000001,1.0
BTC,2026-03-03,1772229600,1,1,0.0234795838785114,True,0.0234795838785114,0.0234795838785114,0.30000000000000004,1.0
BTC,2026-03-04,1772040600,1,0,,False,,,,
BTC,2026-03-04,1772127000,2,0,,False,,,,
BTC,2026-03-04,1772213400,1,0,,False,,,,
BTC,2026-03-04,1772299800,2,0,,False,,,,
BTC,2026-03-05,1772127900,2,0,,False,,,,
BTC,2026-03-05,1772214300,1,0,,False,,,,
BTC,2026-03-05,1772300700,2,1,0.3591165628898209,True,0.3591165628898209,0.3591165628898209,0.77,1.0
BTC,2026-03-05,1772397000,1,0,,False,,,,
BTC,2026-03-06,1772526600,1,1,0.47714473745822417,True,0.47714473745822417,0.47714473745822417,0.55,1.0
BTC,2026-03-07,1772568000,1,1,-0.4774287927858639,True,-0.4774287927858639,-0.4774287927858639,-0.54,0.0
BTC,2026-03-08,1772568000,1,0,,False,,,,
BTC,2026-03-08,1772664300,2,2,0.22058008654940303,True,0.12039637576787687,0.1063455137151961,-0.45085499034164167,0.0
BTC,2026-03-09,1772568000,1,0,,False,,,,
BTC,2026-03-09,1772659800,1,0,,False,,,,
BTC,2026-03-09,1772753400,1,1,-0.37456912530852937,True,-0.37456912530852937,-0.37456912530852937,-0.61,0.0
BTC,2026-03-10,1772568000,3,1,,False,0.42387555005756405,0.42387555005756405,0.64,1.0
BTC,2026-03-10,1772658000,1,1,0.38637218116374605,True,0.38637218116374605,0.38637218116374605,0.28,1.0
BTC,2026-03-10,1772744400,1,1,0.387029349671067,True,0.387029349671067,0.387029349671067,0.4,1.0
BTC,2026-03-10,1772834400,2,2,0.12507015455057147,True,0.05667682098517215,0.05570667583962127,0.36646857167742886,1.0
BTC,2026-03-11,1772644500,9,0,,False,,,,
BTC,2026-03-11,1772762400,2,2,-0.3369295157968475,True,0.0486257503927002,0.07148378423470006,-0.032946838103695475,0.4720160510930543
BTC,2026-03-11,1772853300,1,0,,False,,,,
BTC,2026-03-11,1772942400,1,0,,False,,,,
BTC,2026-03-12,1772734500,6,0,,False,,,,
BTC,2026-03-12,1772839800,1,1,0.3159283366191178,True,0.3159283366191178,0.3159283366191178,0.48,1.0
BTC,2026-03-12,1772933400,1,1,0.3175215872810254,True,0.3175215872810254,0.3175215872810254,0.5800000000000001,1.0
BTC,2026-03-12,1773020700,1,1,0.1295215259571746,True,0.1295215259571746,0.1295215259571746,0.44999999999999996,1.0
BTC,2026-03-13,1773132300,1,1,-0.46202997266090623,True,-0.46202997266090623,-0.46202997266090623,-0.36,0.0
BTC,2026-03-14,1773175500,1,1,0.45262350409881585,True,0.45262350409881585,0.45262350409881585,0.48,1.0
BTC,2026-03-16,1773173700,1,1,0.2376537164704297,True,0.2376537164704297,0.2376537164704297,0.5,1.0
BTC,2026-03-16,1773267300,1,1,0.40725229094363063,True,0.40725229094363063,0.40725229094363063,0.64,1.0
BTC,2026-03-16,1773358200,2,1,,False,-0.007706224371704512,-0.007706224371704512,0.22999999999999998,1.0
BTC,2026-03-17,1773172800,3,2,0.20762950678165448,True,0.2896512014393976,0.29645314485013874,0.5838737538262084,1.0
BTC,2026-03-17,1773259200,1,1,0.17606867446600966,True,0.17606867446600966,0.17606867446600966,0.45999999999999996,1.0
BTC,2026-03-17,1773345600,2,2,0.3290519305169557,True,0.2190393968862543,0.2172773660983712,0.5566552355510406,1.0
BTC,2026-03-17,1773434700,1,1,0.2933206777958509,True,0.2933206777958509,0.2933206777958509,0.59,1.0
BTC,2026-03-18,1773245700,6,0,,False,,,,
BTC,2026-03-18,1773335700,1,1,-0.44424241779253604,True,-0.44424241779253604,-0.44424241779253604,-0.36,0.0
BTC,2026-03-18,1773422100,1,0,,False,,,,
BTC,2026-03-18,1773521100,1,1,-0.42305794732336977,True,-0.42305794732336977,-0.42305794732336977,-0.36,0.0
BTC,2026-03-19,1773332100,4,0,,False,,,,
BTC,2026-03-19,1773442800,1,1,-0.2627406097139075,True,-0.2627406097139075,-0.2627406097139075,-0.38,0.0
BTC,2026-03-19,1773530100,2,2,-0.24982934776988783,True,-0.18238096577920537,-0.17731129493943862,-0.31094227236613337,0.0
BTC,2026-03-19,1773623700,1,1,-0.24738695316927944,True,-0.24738695316927944,-0.24738695316927944,-0.53,0.0
BTC,2026-03-20,1773738000,2,2,-0.08009641428903685,True,0.005019296138115491,0.007575478777874511,-0.40806140506136734,0.0
BTC,2026-03-21,1773777600,1,1,-0.16287206227963985,True,-0.16287206227963985,-0.16287206227963985,-0.55,0.0
BTC,2026-03-22,1773779400,1,1,-0.047439494016303096,True,-0.047439494016303096,-0.047439494016303096,-0.56,0.0
BTC,2026-03-22,1773871200,1,1,-0.39510927155406816,True,-0.39510927155406816,-0.39510927155406816,-0.64,0.0
BTC,2026-03-23,1773777600,1,0,,False,,,,
BTC,2026-03-23,1773864000,1,1,0.4804198496816766,True,0.4804198496816766,0.4804198496816766,0.4,1.0
BTC,2026-03-23,1773950400,1,1,0.4798421076430256,True,0.4798421076430256,0.4798421076430256,0.47,1.0
BTC,2026-03-24,1773777600,3,2,,False,-0.1685826386190772,-0.19357447231446578,-0.49762920774995184,0.0
BTC,2026-03-24,1773864000,1,1,-0.30592687690958853,True,-0.30592687690958853,-0.30592687690958853,-0.41000000000000003,0.0
BTC,2026-03-24,1773950400,1,0,,False,,,,
BTC,2026-03-24,1774037700,3,0,,False,,,,
BTC,2026-03-25,1773851400,6,1,,False,0.30355247113898365,0.30355247113898365,0.28,1.0
BTC,2026-03-25,1773938700,2,1,,False,0.2680132397720381,0.2680132397720381,0.37,1.0
BTC,2026-03-25,1774026000,1,1,0.41260609859974146,True,0.41260609859974146,0.41260609859974146,0.51,1.0
BTC,2026-03-25,1774113300,1,0,,False,,,,
BTC,2026-03-26,1773938700,6,2,,False,0.2599457397024333,0.2602917663121019,0.23467995717330817,1.0
BTC,2026-03-26,1774025100,1,0,,False,,,,
BTC,2026-03-26,1774120500,1,1,-0.3975002948706835,True,-0.3975002948706835,-0.3975002948706835,-0.53,0.0
BTC,2026-03-26,1774208700,1,1,0.4017674807915863,True,0.4017674807915863,0.4017674807915863,0.45999999999999996,1.0
BTC,2026-03-27,1774346400,1,1,0.12689412977436548,True,0.12689412977436548,0.12689412977436548,-0.42,0.0
BTC,2026-03-28,1774388700,3,0,,False,,,,
BTC,2026-03-29,1774388700,4,0,,False,,,,
BTC,2026-03-30,1774388700,4,1,,False,-0.2823808527053915,-0.2823808527053915,-0.51,0.0
BTC,2026-03-30,1774528200,1,1,-0.4645953167109302,True,-0.4645953167109302,-0.4645953167109302,-0.65,0.0
BTC,2026-03-30,1774618200,1,1,0.3024128763381928,True,0.3024128763381928,0.3024128763381928,0.41000000000000003,1.0
BTC,2026-03-31,1774382400,6,0,,False,,,,
BTC,2026-03-31,1774561500,1,1,-0.38031514558613216,True,-0.38031514558613216,-0.38031514558613216,-0.6,0.0
BTC,2026-03-31,1774665000,1,1,0.40111177950706506,True,0.40111177950706506,0.40111177950706506,0.5,1.0
BTC,2026-04-01,1774456200,2,1,,False,0.26457455113047496,0.26457455113047496,0.15000000000000002,1.0
BTC,2026-04-01,1774555200,1,0,,False,,,,
BTC,2026-04-01,1774674900,1,0,,False,,,,
BTC,2026-04-01,1774767600,1,0,,False,,,,
BTC,2026-04-02,1774542600,4,0,,False,,,,
BTC,2026-04-02,1774682100,1,1,-0.37557019192977115,True,-0.37557019192977115,-0.37557019192977115,-0.34,0.0
BTC,2026-04-02,1774795500,1,1,0.41517138321797525,True,0.41517138321797525,0.41517138321797525,0.43999999999999995,1.0
BTC,2026-04-02,1774882800,1,1,-0.3572407461891402,True,-0.3572407461891402,-0.3572407461891402,-0.48,0.0
BTC,2026-04-03,1774946700,1,1,-0.34853441564999615,True,-0.34853441564999615,-0.34853441564999615,-0.35000000000000003,0.0
BTC,2026-04-04,1774990800,1,1,-0.1912301224430552,True,-0.1912301224430552,-0.1912301224430552,-0.28,0.0
BTC,2026-04-05,1774990800,1,1,-0.21439485986312748,True,-0.21439485986312748,-0.21439485986312748,-0.3,0.0
BTC,2026-04-05,1775085300,1,1,-0.42753806100381975,True,-0.42753806100381975,-0.42753806100381975,-0.53,0.0
BTC,2026-04-06,1774990800,1,1,-0.46355045947653567,True,-0.46355045947653567,-0.46355045947653567,-0.32,0.0
BTC,2026-04-06,1775081700,1,1,0.3027463728616823,True,0.3027463728616823,0.3027463728616823,0.48,1.0
BTC,2026-04-06,1775168100,2,2,0.25423503407112097,True,0.11612554357744641,0.10657729710878486,0.5196997082561583,1.0
BTC,2026-04-07,1774987200,1,1,0.33319105332393634,True,0.33319105332393634,0.33319105332393634,0.36,1.0
BTC,2026-04-07,1775086200,1,1,0.48363804650246567,True,0.48363804650246567,0.48363804650246567,0.49,1.0
BTC,2026-04-07,1775172600,2,2,0.4816148108888959,True,0.3569453506359011,0.3538548185108493,0.5031447182234317,1.0
BTC,2026-04-07,1775261700,1,1,0.494749949583025,True,0.494749949583025,0.494749949583025,0.7,1.0
BTC,2026-04-08,1775060100,1,0,,False,,,,
BTC,2026-04-08,1775146500,2,2,0.18636897426339083,True,0.093276491157351,0.08672820938230055,0.5119004848286826,1.0
BTC,2026-04-08,1775277000,1,0,,False,,,,
BTC,2026-04-08,1775372400,1,0,,False,,,,
BTC,2026-04-09,1775148300,3,3,0.4043511047294076,True,0.37900366243279315,0.3998347673757592,0.7556855741722647,1.0
BTC,2026-04-09,1775277000,1,0,,False,,,,
BTC,2026-04-09,1775363400,1,1,-0.03175712897522509,True,-0.03175712897522509,-0.03175712897522509,0.61,1.0
BTC,2026-04-09,1775480400,1,1,-0.03175565580862488,True,-0.03175565580862488,-0.03175565580862488,0.31999999999999995,1.0
BTC,2026-04-10,1775550600,1,1,-0.03015064521950811,True,-0.03015064521950811,-0.03015064521950811,0.4,1.0
BTC,2026-04-11,1775596500,1,1,0.45198241298521913,True,0.45198241298521913,0.45198241298521913,0.732,1.0
BTC,2026-04-12,1775595600,2,0,,False,,,,
BTC,2026-04-12,1775700000,1,1,-0.3305782100505691,True,-0.3305782100505691,-0.3305782100505691,-0.34,0.0
BTC,2026-04-13,1775596500,1,0,,False,,,,
BTC,2026-04-13,1775700000,1,1,-0.475294140831647,True,-0.475294140831647,-0.475294140831647,-0.36,0.0
BTC,2026-04-13,1775808000,2,0,,False,,,,
BTC,2026-04-14,1775595600,4,0,,False,,,,
BTC,2026-04-14,1775700000,1,1,0.16154956112942065,True,0.16154956112942065,0.16154956112942065,0.63,1.0
BTC,2026-04-14,1775901600,1,1,0.03734267454428908,True,0.03734267454428908,0.03734267454428908,0.37,1.0
BTC,2026-04-15,1775665800,1,0,,False,,,,
BTC,2026-04-15,1775754900,1,1,-0.23986218043458168,True,-0.23986218043458168,-0.23986218043458168,-0.15000000000000002,0.0
BTC,2026-04-15,1775886300,1,1,0.279635394571552,True,0.279635394571552,0.279635394571552,0.4,1.0
BTC,2026-04-15,1775972700,3,3,0.2866728585273975,True,0.027173242307652428,-0.021145567303629893,0.2628129119640598,0.7266605431874595
BTC,2026-04-16,1775752200,1,0,,False,,,,
BTC,2026-04-16,1775885400,1,0,,False,,,,
BTC,2026-04-16,1775971800,2,2,0.20616375650578278,True,0.31661463311689503,0.33920416731730374,0.6271715742113635,1.0
BTC,2026-04-16,1776094200,1,0,,False,,,,
BTC,2026-04-17,1776168000,1,1,0.01573714666174797,True,0.01573714666174797,0.01573714666174797,0.44999999999999996,1.0
BTC,2026-04-18,1776197700,1,1,0.5292890214677523,True,0.5292890214677523,0.5292890214677523,0.7,1.0
BTC,2026-04-19,1776203100,1,0,,False,,,,
BTC,2026-04-19,1776290400,2,2,0.25532777553260905,True,-0.07796496775795062,-0.10145258882550923,0.053699576627579876,0.5329160786494165
BTC,2026-04-20,1776202200,1,0,,False,,,,
BTC,2026-04-20,1776290400,2,2,-0.4438347954249592,True,-0.1000304929576267,-0.0703386490413398,-0.004811395850845945,0.460251472198872
BTC,2026-04-20,1776379500,1,1,0.27769744480645203,True,0.27769744480645203,0.27769744480645203,0.37,1.0
BTC,2026-04-21,1776196800,1,0,,False,,,,
BTC,2026-04-21,1776286800,1,0,,False,,,,
BTC,2026-04-21,1776375000,1,0,,False,,,,
BTC,2026-04-21,1776474000,1,0,,False,,,,
BTC,2026-04-22,1776381300,1,0,,False,,,,
BTC,2026-04-22,1776474000,2,1,,False,0.10651859048968615,0.10651859048968615,0.35,1.0
BTC,2026-04-22,1776572100,1,1,0.0753022187642704,True,0.0753022187642704,0.0753022187642704,0.54,1.0
BTC,2026-04-23,1776356100,6,4,0.18513446791752208,True,0.12803672012948492,0.11185368170630813,0.41602636102253565,0.7895780210263553
BTC,2026-04-23,1776452400,1,1,-0.1397157186954251,True,-0.1397157186954251,-0.1397157186954251,-0.08,0.0
BTC,2026-04-23,1776562200,1,1,0.24621300632191978,True,0.24621300632191978,0.24621300632191978,0.56,1.0
BTC,2026-04-23,1776699000,3,0,,False,,,,
BTC,2026-04-24,1776778200,3,2,0.2597256438750595,True,-0.07270468143874081,-0.09762663156295431,0.1511527124323605,0.5348702832431473
BTC,2026-04-25,1776841200,1,0,,False,,,,
BTC,2026-04-26,1776834000,2,0,,False,,,,
BTC,2026-04-26,1776920400,1,0,,False,,,,
BTC,2026-04-27,1776841200,1,1,-0.37291166048022906,True,-0.37291166048022906,-0.37291166048022906,-0.5,0.0
BTC,2026-04-27,1776927600,2,0,,False,,,,
BTC,2026-04-27,1777020300,1,0,,False,,,,
BTC,2026-04-28,1776801600,1,0,,False,,,,
BTC,2026-04-28,1776916800,1,0,,False,,,,
BTC,2026-04-28,1777019400,1,0,,False,,,,
BTC,2026-04-29,1776875400,4,2,,False,-0.03969457816435097,-0.03647656860203919,-0.24555145397270295,0.0
BTC,2026-04-29,1776967200,1,1,-0.2904128056375821,True,-0.2904128056375821,-0.2904128056375821,-0.48,0.0
BTC,2026-04-29,1777075200,1,0,,False,,,,
BTC,2026-04-29,1777212000,1,0,,False,,,,
BTC,2026-04-30,1776962700,5,2,-0.33891086328698006,True,-0.19043507415111807,-0.18877828389132803,-0.33693121504093504,0.0
BTC,2026-04-30,1777212900,1,0,,False,,,,
BTC,2026-04-30,1777299300,1,1,-0.27758486862853604,True,-0.27758486862853604,-0.27758486862853604,-0.48,0.0
BTC,2026-05-01,1777374900,4,3,0.6983679109371342,True,0.49254156155451995,0.25123018890486015,0.7160324325190403,1.0
BTC,2026-05-02,1777420800,1,0,,False,,,,
BTC,2026-05-03,1777420800,2,0,,False,,,,
BTC,2026-05-03,1777507200,1,1,0.07284431504582073,True,0.07284431504582073,0.07284431504582073,0.53,1.0
BTC,2026-05-04,1777420800,2,0,,False,,,,
BTC,2026-05-04,1777507200,1,1,-0.05934315989883632,True,-0.05934315989883632,-0.05934315989883632,0.52,1.0
BTC,2026-05-04,1777622400,1,0,,False,,,,
BTC,2026-05-05,1777406400,3,0,,False,,,,
BTC,2026-05-05,1777502700,2,2,-0.13673694782078338,True,-0.0028292195166157164,0.026831450336023244,0.6041464789562621,1.0
BTC,2026-05-05,1777624200,1,0,,False,,,,
BTC,2026-05-05,1777727700,1,0,,False,,,,
BTC,2026-05-06,1777481100,1,0,,False,,,,
BTC,2026-05-06,1777595400,1,1,-0.2461310124717141,True,-0.2461310124717141,-0.2461310124717141,0.21999999999999997,1.0
BTC,2026-05-06,1777681800,3,3,-0.05992377294557816,True,0.03817389752626603,0.03682428324237593,0.474847805929663,1.0
BTC,2026-05-06,1777768200,1,1,-0.0818528717775257,True,-0.0818528717775257,-0.0818528717775257,0.4,1.0
BTC,2026-05-07,1777566600,1,0,,False,,,,
BTC,2026-05-07,1777658400,1,1,0.2733817768404758,True,0.2733817768404758,0.2733817768404758,0.42999999999999994,1.0
BTC,2026-05-07,1777827600,1,1,0.2619835472886224,True,0.2619835472886224,0.2619835472886224,0.42000000000000004,1.0
BTC,2026-05-08,1777986000,1,1,0.09460242040051792,True,0.09460242040051792,0.09460242040051792,0.05999999999999994,1.0
BTC,2026-05-09,1778040000,1,1,-0.2988797172455394,True,-0.2988797172455394,-0.2988797172455394,-0.44,0.0
BTC,2026-05-10,1778033700,1,1,-0.41301569762317536,True,-0.41301569762317536,-0.41301569762317536,-0.4,0.0
BTC,2026-05-10,1778130900,1,0,,False,,,,
BTC,2026-05-11,1778040900,1,1,-0.42968025283217864,True,-0.42968025283217864,-0.42968025283217864,-0.45,0.0
BTC,2026-05-11,1778151600,1,1,0.28825179597954886,True,0.28825179597954886,0.28825179597954886,0.37,1.0
BTC,2026-05-11,1778238900,1,1,0.22504653714546635,True,0.22504653714546635,0.22504653714546635,0.44999999999999996,1.0
BTC,2026-05-12,1778022900,1,1,-0.31214577461676996,True,-0.31214577461676996,-0.31214577461676996,-0.4,0.0
BTC,2026-05-12,1778110200,2,1,0.4622259574312974,True,0.4622259574312974,0.4622259574312974,0.35,1.0
BTC,2026-05-12,1778197500,1,1,0.21911017572729258,True,0.21911017572729258,0.21911017572729258,0.25,1.0
BTC,2026-05-13,1778085900,1,1,0.039435599683143155,True,0.039435599683143155,0.039435599683143155,-0.11,0.0
BTC,2026-05-13,1778207400,1,0,,False,,,,
BTC,2026-05-14,1778171400,3,0,,False,,,,
BTC,2026-05-14,1778446800,2,1,0.2895522517955092,True,0.2895522517955092,0.2895522517955092,0.39,1.0
ETH,2025-11-12,1762455600,1,0,,False,,,,
ETH,2025-11-17,1762976700,1,0,,False,,,,
ETH,2025-11-18,1763060400,1,0,,False,,,,
ETH,2025-11-20,1763075700,2,0,,False,,,,
ETH,2025-11-20,1763162100,1,0,,False,,,,
ETH,2025-11-20,1763388900,1,0,,False,,,,
ETH,2025-11-21,1763459100,1,0,,False,,,,
ETH,2025-11-23,1763515800,1,1,-0.22898409998696906,True,-0.22898409998696906,-0.22898409998696906,-0.64,0.0
ETH,2025-11-24,1763515800,1,0,,False,,,,
ETH,2025-11-24,1763625600,1,0,,False,,,,
ETH,2025-11-24,1763712000,1,1,0.09017745579205871,True,0.09017745579205871,0.09017745579205871,0.30699999999999994,1.0
ETH,2025-11-25,1763568000,1,0,,False,,,,
ETH,2025-11-25,1763658000,1,0,,False,,,,
ETH,2025-11-25,1763746200,1,1,0.4862919163562045,True,0.4862919163562045,0.4862919163562045,0.6799999999999999,1.0
ETH,2025-11-26,1763644500,1,0,,False,,,,
ETH,2025-11-26,1763736300,1,0,,False,,,,
ETH,2025-11-26,1763831700,1,0,,False,,,,
ETH,2025-11-27,1763711100,3,0,,False,,,,
ETH,2025-11-27,1763809200,1,0,,False,,,,
ETH,2025-11-27,1763910000,2,1,0.16138879920849364,True,0.16138879920849364,0.16138879920849364,0.48,1.0
ETH,2025-11-28,1764061200,1,0,,False,,,,
ETH,2025-11-29,1764108000,1,0,,False,,,,
ETH,2025-11-30,1764198000,1,0,,False,,,,
ETH,2025-12-01,1764154800,1,0,,False,,,,
ETH,2025-12-01,1764241200,1,1,0.13003619592506444,True,0.13003619592506444,0.13003619592506444,-0.52,0.0
ETH,2025-12-02,1764169200,1,0,,False,,,,
ETH,2025-12-02,1764255600,2,0,,False,,,,
ETH,2025-12-02,1764357300,1,1,-0.2697703026528917,True,-0.2697703026528917,-0.2697703026528917,-0.35000000000000003,0.0
ETH,2025-12-03,1764306900,1,0,,False,,,,
ETH,2025-12-03,1764428400,1,0,,False,,,,
ETH,2025-12-03,1764514800,1,0,,False,,,,
ETH,2025-12-04,1764320400,2,0,,False,,,,
ETH,2025-12-04,1764548100,3,3,-0.12345524908467165,True,-0.09795996655672072,-0.09274337357795531,0.30596476375784454,1.0
ETH,2025-12-05,1764692100,1,0,,False,,,,
ETH,2025-12-07,1764705600,1,0,,False,,,,
ETH,2025-12-07,1764792000,1,0,,False,,,,
ETH,2025-12-08,1764705600,1,0,,False,,,,
ETH,2025-12-08,1764949500,1,1,-0.23382525925444908,True,-0.23382525925444908,-0.23382525925444908,-0.3,0.0
ETH,2025-12-09,1764742500,1,0,,False,,,,
ETH,2025-12-09,1764828900,1,0,,False,,,,
ETH,2025-12-09,1764949500,1,0,,False,,,,
ETH,2025-12-10,1764794700,1,0,,False,,,,
ETH,2025-12-10,1764892800,1,0,,False,,,,
ETH,2025-12-10,1764979200,1,0,,False,,,,
ETH,2025-12-10,1765065600,1,0,,False,,,,
ETH,2025-12-11,1764979200,1,0,,False,,,,
ETH,2025-12-11,1765152000,1,0,,False,,,,
ETH,2025-12-12,1765295100,1,0,,False,,,,
ETH,2025-12-13,1765324800,2,2,-0.1782114794656557,True,-0.26617129244471416,-0.2841292047703621,-0.590588601499052,0.0
ETH,2025-12-15,1765324800,3,0,,False,,,,
ETH,2025-12-15,1765411200,2,1,0.19143652157229613,True,0.19143652157229613,0.19143652157229613,-0.09999999999999999,0.0
ETH,2025-12-15,1765557000,1,1,-0.20808872825999786,True,-0.20808872825999786,-0.20808872825999786,-0.44,0.0
ETH,2025-12-16,1765348200,1,0,,False,,,,
ETH,2025-12-16,1765434600,1,0,,False,,,,
ETH,2025-12-16,1765548900,1,1,0.22616759592000818,True,0.22616759592000818,0.22616759592000818,-0.35000000000000003,0.0
ETH,2025-12-17,1765394100,1,0,,False,,,,
ETH,2025-12-17,1765497600,1,0,,False,,,,
ETH,2025-12-17,1765646100,1,0,,False,,,,
ETH,2025-12-18,1765554300,4,1,0.4171577579784846,True,0.4171577579784846,0.4171577579784846,0.22999999999999998,1.0
ETH,2025-12-18,1765646100,2,0,,False,,,,
ETH,2025-12-18,1765743300,1,0,,False,,,,
ETH,2025-12-19,1765874700,1,0,,False,,,,
ETH,2025-12-20,1765929600,1,0,,False,,,,
ETH,2025-12-21,1765929600,3,2,,False,-0.35096251025826797,-0.35593907831795607,-0.3151953016290331,0.0
ETH,2025-12-21,1766016000,3,0,,False,,,,
ETH,2025-12-22,1765929600,2,0,,False,,,,
ETH,2025-12-22,1766016000,4,0,,False,,,,
ETH,2025-12-22,1766122200,1,0,,False,,,,
ETH,2025-12-23,1765982700,3,0,,False,,,,
ETH,2025-12-23,1766071800,1,1,-0.3924382487558973,True,-0.3924382487558973,-0.3924382487558973,-0.42,0.0
ETH,2025-12-23,1766163600,1,0,,False,,,,
ETH,2025-12-24,1766009700,3,0,,False,,,,
ETH,2025-12-24,1766122200,1,0,,False,,,,
ETH,2025-12-24,1766208600,3,2,,False,-0.29164336139539265,-0.2686860089019275,-0.3845968306449543,0.0
ETH,2025-12-25,1766137500,1,0,,False,,,,
ETH,2025-12-25,1766286900,1,0,,False,,,,
ETH,2025-12-27,1766545200,1,0,,False,,,,
ETH,2025-12-28,1766531700,1,0,,False,,,,
ETH,2025-12-28,1766650500,2,1,,False,-0.282249969428812,-0.282249969428812,-0.27,0.0
ETH,2025-12-29,1766700000,1,0,,False,,,,
ETH,2025-12-30,1766522700,1,0,,False,,,,
ETH,2025-12-30,1766610900,2,0,,False,,,,
ETH,2025-12-30,1766808900,4,0,,False,,,,
ETH,2025-12-31,1766736000,1,0,,False,,,,
ETH,2025-12-31,1766839500,1,0,,False,,,,
ETH,2026-01-01,1766748600,1,0,,False,,,,
ETH,2026-01-01,1766968200,3,0,,False,,,,
ETH,2026-01-03,1767124800,2,0,,False,,,,
ETH,2026-01-04,1767124800,1,0,,False,,,,
ETH,2026-01-04,1767212100,1,0,,False,,,,
ETH,2026-01-05,1767225600,1,0,,False,,,,
ETH,2026-01-05,1767312000,1,0,,False,,,,
ETH,2026-01-06,1767185100,1,0,,False,,,,
ETH,2026-01-06,1767399300,1,1,-0.01763709406940331,True,-0.01763709406940331,-0.01763709406940331,0.19999999999999996,1.0
ETH,2026-01-07,1767244500,1,0,,False,,,,
ETH,2026-01-07,1767536100,2,0,,False,,,,
ETH,2026-01-08,1767391200,1,0,,False,,,,
ETH,2026-01-08,1767536100,1,0,,False,,,,
ETH,2026-01-09,1767709800,1,1,-0.08904846618347001,True,-0.08904846618347001,-0.08904846618347001,-0.48,0.0
ETH,2026-01-10,1767735000,1,0,,False,,,,
ETH,2026-01-11,1767735000,1,0,,False,,,,
ETH,2026-01-11,1767823200,1,0,,False,,,,
ETH,2026-01-12,1767828600,2,0,,False,,,,
ETH,2026-01-12,1767922200,2,2,0.43359450102077307,True,0.1811677541722255,0.17339215639579703,0.16262013668957132,0.5149414444893555
ETH,2026-01-13,1767759300,1,0,,False,,,,
ETH,2026-01-13,1767859200,1,0,,False,,,,
ETH,2026-01-14,1768120200,1,0,,False,,,,
ETH,2026-01-15,1768096800,1,0,,False,,,,
ETH,2026-01-15,1768206600,2,0,,False,,,,
ETH,2026-01-17,1768346100,1,0,,False,,,,
ETH,2026-01-18,1768342500,1,0,,False,,,,
ETH,2026-01-18,1768470300,1,0,,False,,,,
ETH,2026-01-20,1768551300,1,0,,False,,,,
ETH,2026-01-20,1768669200,1,0,,False,,,,
ETH,2026-01-21,1768412700,2,0,,False,,,,
ETH,2026-01-21,1768599900,1,0,,False,,,,
ETH,2026-01-22,1768662000,1,0,,False,,,,
ETH,2026-01-23,1768920300,1,1,0.3227925548794114,True,0.3227925548794114,0.3227925548794114,0.17300000000000004,1.0
ETH,2026-01-24,1768939200,2,2,-0.1784717287015254,True,-0.2888290162832444,-0.2918242489790517,-0.36682911396573387,0.0
ETH,2026-01-25,1768939200,1,0,,False,,,,
ETH,2026-01-25,1769026500,2,1,-0.230954200761591,True,-0.230954200761591,-0.230954200761591,-0.56,0.0
ETH,2026-01-26,1768941000,1,1,-0.12546868139666054,True,-0.12546868139666054,-0.12546868139666054,-0.3,0.0
ETH,2026-01-26,1769029200,2,2,-0.048887647785722244,True,-0.16001810810908854,-0.16179250916953877,-0.43811409247888644,0.0
ETH,2026-01-26,1769127300,1,0,,False,,,,
ETH,2026-01-27,1768939200,1,0,,False,,,,
ETH,2026-01-27,1769026500,1,1,-0.2403130675856229,True,-0.2403130675856229,-0.2403130675856229,-0.32,0.0
ETH,2026-01-27,1769126400,1,0,,False,,,,
ETH,2026-01-27,1769225400,1,0,,False,,,,
ETH,2026-01-28,1769017500,1,0,,False,,,,
ETH,2026-01-28,1769122800,1,0,,False,,,,
ETH,2026-01-28,1769320800,1,1,-0.4875386035217252,True,-0.4875386035217252,-0.4875386035217252,-0.36,0.0
ETH,2026-01-29,1769103900,2,0,,False,,,,
ETH,2026-01-29,1769191200,2,1,-0.3918057439351932,True,-0.3918057439351932,-0.3918057439351932,-0.68,0.0
ETH,2026-01-29,1769277600,3,0,,False,,,,
ETH,2026-01-29,1769366700,1,1,-0.35370124040980855,True,-0.35370124040980855,-0.35370124040980855,-0.35000000000000003,0.0
ETH,2026-01-31,1769545800,1,0,,False,,,,
ETH,2026-02-01,1769545800,1,0,,False,,,,
ETH,2026-02-01,1769636700,2,2,1.4194142704658093,True,1.3760215254617612,1.3685477048090933,-0.3836951609442152,0.0
ETH,2026-02-02,1769545800,2,1,0.7776216824405278,True,0.7776216824405278,0.7776216824405278,-0.52,0.0
ETH,2026-02-02,1769636700,2,1,1.1064008201246618,True,1.1064008201246618,1.1064008201246618,-0.29000000000000004,0.0
ETH,2026-02-02,1769730300,1,1,0.7982699387015244,True,0.7982699387015244,0.7982699387015244,-0.29000000000000004,0.0
ETH,2026-02-03,1769544000,1,0,,False,,,,
ETH,2026-02-03,1769636700,1,1,1.103733462135296,True,1.103733462135296,1.103733462135296,-0.53,0.0
ETH,2026-02-03,1769734800,1,1,0.8342471711663799,True,0.8342471711663799,0.8342471711663799,-0.52,0.0
ETH,2026-02-03,1769823000,1,1,0.7909622717744857,True,0.7909622717744857,0.7909622717744857,-0.526,0.0
ETH,2026-02-04,1769737500,1,0,,False,,,,
ETH,2026-02-04,1769833800,1,1,0.9266536532500467,True,0.9266536532500467,0.9266536532500467,-0.25,0.0
ETH,2026-02-04,1769920200,1,1,0.2751219697404379,True,0.2751219697404379,0.2751219697404379,-0.382,0.0
ETH,2026-02-05,1769713200,4,0,,False,,,,
ETH,2026-02-05,1769801400,2,1,,False,0.8835637337430154,0.8835637337430154,-0.61,0.0
ETH,2026-02-05,1769887800,2,2,0.19939966119375474,True,0.08841268526568255,0.06483116599344835,-0.5782285764484328,0.0
ETH,2026-02-05,1769975100,2,2,0.31263059681174904,True,0.20597104950709222,0.2045613086765197,-0.4490846406249505,0.0
ETH,2026-02-06,1770111900,2,1,-0.18077350685955718,True,-0.18077350685955718,-0.18077350685955718,-0.6960000000000001,0.0
ETH,2026-02-07,1770148800,4,0,,False,,,,
ETH,2026-02-08,1770148800,4,0,,False,,,,
ETH,2026-02-08,1770235200,4,4,-0.25279559907816995,True,-0.1781749033559849,-0.12631213539365777,-0.3581516223433793,0.15048145335657287
ETH,2026-02-09,1770148800,4,0,,False,,,,
ETH,2026-02-09,1770235200,2,2,-0.2840867584119414,True,-0.23246693754440503,-0.20793191089390448,-0.3923846949112282,0.0
ETH,2026-02-09,1770321600,2,2,0.17660690380948924,True,0.24887664948084232,0.2638896093293843,0.5292076704166746,1.0
ETH,2026-02-10,1770148800,3,0,,False,,,,
ETH,2026-02-10,1770235200,2,2,-0.39132153837902073,True,-0.3001030290945096,-0.2935974171865374,-0.5606585519054038,0.0
ETH,2026-02-10,1770321600,4,4,0.19181362710073083,True,0.252815554313749,0.27277272425467036,0.3796943236777425,1.0
ETH,2026-02-10,1770408000,1,1,-0.3171882834235162,True,-0.3171882834235162,-0.3171882834235162,-0.41000000000000003,0.0
ETH,2026-02-11,1770226200,4,0,,False,,,,
ETH,2026-02-11,1770312600,5,5,0.4789461284930142,True,0.014860027236111316,0.0009307349282036582,-0.06691047147284401,0.4197949677846261
ETH,2026-02-11,1770410700,1,1,0.037766784783718615,True,0.037766784783718615,0.037766784783718615,-0.21000000000000002,0.0
ETH,2026-02-11,1770498900,1,1,-0.389272340364685,True,-0.389272340364685,-0.389272340364685,-0.73,0.0
ETH,2026-02-12,1770311700,2,0,,False,,,,
ETH,2026-02-12,1770399900,1,1,-0.14501799486620776,True,-0.14501799486620776,-0.14501799486620776,-0.45,0.0
ETH,2026-02-12,1770486300,1,0,,False,,,,
ETH,2026-02-12,1770580800,1,1,0.10753927731130575,True,0.10753927731130575,0.10753927731130575,-0.32,0.0
ETH,2026-02-13,1770723900,1,1,0.14615126212166826,True,0.14615126212166826,0.14615126212166826,0.24,1.0
ETH,2026-02-14,1770763500,2,0,,False,,,,
ETH,2026-02-15,1770763500,1,1,-0.2579327579814629,True,-0.2579327579814629,-0.2579327579814629,-0.28,0.0
ETH,2026-02-15,1770849900,2,1,,False,0.20207236641127102,0.20207236641127102,0.31999999999999995,1.0
ETH,2026-02-16,1770763500,1,1,-0.21653278851054497,True,-0.21653278851054497,-0.21653278851054497,-0.3,0.0
ETH,2026-02-16,1770849900,3,0,,False,,,,
ETH,2026-02-16,1770937200,2,2,-0.3901894470527353,True,-0.12171891277650024,-0.06022610483778723,-0.03149963957679899,0.4068187279139409
ETH,2026-02-17,1770753600,1,0,,False,,,,
ETH,2026-02-17,1770843600,2,1,,False,0.15246388662293636,0.15246388662293636,0.18999999999999995,1.0
ETH,2026-02-17,1770930000,1,0,,False,,,,
ETH,2026-02-17,1771043400,1,1,-0.4537594038394399,True,-0.4537594038394399,-0.4537594038394399,-0.7,0.0
ETH,2026-02-18,1770831000,1,0,,False,,,,
ETH,2026-02-18,1770919200,1,1,0.13768453052528662,True,0.13768453052528662,0.13768453052528662,0.25,1.0
ETH,2026-02-18,1771044300,1,0,,False,,,,
ETH,2026-02-18,1771163100,1,1,0.28912778105008935,True,0.28912778105008935,0.28912778105008935,0.20999999999999996,1.0
ETH,2026-02-19,1770916500,4,0,,False,,,,
ETH,2026-02-19,1771044300,1,1,-0.039008826163564714,True,-0.039008826163564714,-0.039008826163564714,-0.37,0.0
ETH,2026-02-19,1771155000,1,1,-0.01811678567842606,True,-0.01811678567842606,-0.01811678567842606,-0.38,0.0
ETH,2026-02-19,1771245000,1,1,-0.23402553984162716,True,-0.23402553984162716,-0.23402553984162716,-0.45,0.0
ETH,2026-02-20,1771323300,1,0,,False,,,,
ETH,2026-02-21,1771370100,1,0,,False,,,,
ETH,2026-02-22,1771364700,1,0,,False,,,,
ETH,2026-02-22,1771459200,1,1,-0.322636863630057,True,-0.322636863630057,-0.322636863630057,-0.33,0.0
ETH,2026-02-23,1771366500,1,0,,False,,,,
ETH,2026-02-23,1771461000,1,0,,False,,,,
ETH,2026-02-23,1771547400,2,2,-0.09602447525299596,True,-0.2649340121912165,-0.29302825894869283,-0.5043306228871369,0.0
ETH,2026-02-24,1771359300,1,0,,False,,,,
ETH,2026-02-24,1771463700,1,1,-0.12817306171302756,True,-0.12817306171302756,-0.12817306171302756,-0.41000000000000003,0.0
ETH,2026-02-24,1771564500,1,0,,False,,,,
ETH,2026-02-24,1771650900,1,0,,False,,,,
ETH,2026-02-25,1771434900,2,1,,False,-0.3141564093687013,-0.3141564093687013,-0.19,0.0
ETH,2026-02-25,1771522200,1,1,0.1602552751957485,True,0.1602552751957485,0.1602552751957485,0.43999999999999995,1.0
ETH,2026-02-25,1771622100,1,0,,False,,,,
ETH,2026-02-25,1771723800,1,0,,False,,,,
ETH,2026-02-26,1771650000,1,0,,False,,,,
ETH,2026-02-26,1771744500,1,0,,False,,,,
ETH,2026-02-26,1771830900,4,2,,False,0.008478421827479848,-0.047469675273691725,0.2792586967342259,0.5880256119646929
ETH,2026-02-27,1771921800,2,2,0.15124790416497003,True,0.2822541485314146,0.3020630994946387,0.5359548508465019,1.0
ETH,2026-02-28,1771963200,1,0,,False,,,,
ETH,2026-03-01,1771963200,1,0,,False,,,,
ETH,2026-03-01,1772050500,2,2,-0.4254264312430546,True,-0.3011313087312777,-0.26717687854909344,-0.5461115721504632,0.0
ETH,2026-03-03,1771963200,3,3,0.34499228453575664,True,0.0604096211288461,0.02871606550728817,0.3184232302187767,0.7079980790770323
ETH,2026-03-03,1772050500,1,0,,False,,,,
ETH,2026-03-03,1772140500,1,0,,False,,,,
ETH,2026-03-03,1772229600,1,1,0.24635506039310842,True,0.24635506039310842,0.24635506039310842,0.42999999999999994,1.0
ETH,2026-03-04,1772045100,1,0,,False,,,,
ETH,2026-03-04,1772131500,2,0,,False,,,,
ETH,2026-03-04,1772219700,1,1,-0.1387895325682248,True,-0.1387895325682248,-0.1387895325682248,0.44999999999999996,1.0
ETH,2026-03-04,1772306100,1,0,,False,,,,
ETH,2026-03-05,1772127900,3,1,,False,0.1639268501097044,0.1639268501097044,0.33999999999999997,1.0
ETH,2026-03-05,1772214300,1,0,,False,,,,
ETH,2026-03-05,1772301600,2,0,,False,,,,
ETH,2026-03-05,1772412300,1,1,0.3284912297854197,True,0.3284912297854197,0.3284912297854197,0.62,1.0
ETH,2026-03-06,1772527500,1,1,0.31500702749016685,True,0.31500702749016685,0.31500702749016685,0.33999999999999997,1.0
ETH,2026-03-07,1772576100,1,1,-0.4203767522840619,True,-0.4203767522840619,-0.4203767522840619,-0.43,0.0
ETH,2026-03-08,1772577900,1,1,-0.34654171679735213,True,-0.34654171679735213,-0.34654171679735213,-0.45,0.0
ETH,2026-03-08,1772664300,2,1,0.17092981866143858,True,0.17092981866143858,0.17092981866143858,-0.3,0.0
ETH,2026-03-09,1772576100,1,0,,False,,,,
ETH,2026-03-09,1772675100,1,0,,False,,,,
ETH,2026-03-09,1772779500,1,1,-0.2661932767773648,True,-0.2661932767773648,-0.2661932767773648,-0.41000000000000003,0.0
ETH,2026-03-10,1772568000,2,1,,False,0.17399485969146777,0.17399485969146777,0.33999999999999997,1.0
ETH,2026-03-10,1772708400,1,1,0.3243430577159778,True,0.3243430577159778,0.3243430577159778,0.20999999999999996,1.0
ETH,2026-03-10,1772804700,1,1,0.31117832478191304,True,0.31117832478191304,0.31117832478191304,0.38,1.0
ETH,2026-03-10,1772899200,1,1,0.023210377263828463,True,0.023210377263828463,0.023210377263828463,0.28,1.0
ETH,2026-03-11,1772645400,2,0,,False,,,,
ETH,2026-03-11,1772738100,1,0,,False,,,,
ETH,2026-03-11,1772853300,1,1,0.3882779169571534,True,0.3882779169571534,0.3882779169571534,0.53,1.0
ETH,2026-03-11,1772962200,1,1,0.03059927463233668,True,0.03059927463233668,0.03059927463233668,0.14700000000000002,1.0
ETH,2026-03-12,1772824500,1,0,,False,,,,
ETH,2026-03-12,1772928000,1,0,,False,,,,
ETH,2026-03-12,1773017100,1,0,,False,,,,
ETH,2026-03-13,1773155700,2,1,0.1479776122743594,True,0.1479776122743594,0.1479776122743594,0.30999999999999994,1.0
ETH,2026-03-14,1773179100,2,0,,False,,,,
ETH,2026-03-16,1773219600,1,0,,False,,,,
ETH,2026-03-16,1773323100,2,0,,False,,,,
ETH,2026-03-16,1773410400,1,1,-0.010577238159103067,True,-0.010577238159103067,-0.010577238159103067,0.08999999999999997,1.0
ETH,2026-03-17,1773173700,2,0,,False,,,,
ETH,2026-03-17,1773277200,1,1,-0.20833483093882615,True,-0.20833483093882615,-0.20833483093882615,0.18999999999999995,1.0
ETH,2026-03-17,1773402300,1,0,,False,,,,
ETH,2026-03-18,1773245700,1,0,,False,,,,
ETH,2026-03-18,1773337500,1,0,,False,,,,
ETH,2026-03-18,1773504000,2,0,,False,,,,
ETH,2026-03-18,1773590400,1,0,,False,,,,
ETH,2026-03-19,1773504000,1,0,,False,,,,
ETH,2026-03-19,1773674100,1,0,,False,,,,
ETH,2026-03-20,1773755100,1,1,-0.10706551931353575,True,-0.10706551931353575,-0.10706551931353575,-0.56,0.0
ETH,2026-03-21,1773784800,1,1,-0.16177257254144745,True,-0.16177257254144745,-0.16177257254144745,-0.5700000000000001,0.0
ETH,2026-03-22,1773825300,1,1,-0.016034340463615848,True,-0.016034340463615848,-0.016034340463615848,-0.5700000000000001,0.0
ETH,2026-03-22,1773925200,1,1,-0.4343474678819287,True,-0.4343474678819287,-0.4343474678819287,-0.5700000000000001,0.0
ETH,2026-03-23,1773825300,1,0,,False,,,,
ETH,2026-03-23,1773922500,1,0,,False,,,,
ETH,2026-03-23,1774008900,1,1,0.1648613943596582,True,0.1648613943596582,0.1648613943596582,0.14,1.0
ETH,2026-03-24,1773779400,1,0,,False,,,,
ETH,2026-03-24,1773937800,1,0,,False,,,,
ETH,2026-03-24,1774080900,1,0,,False,,,,
ETH,2026-03-25,1773852300,1,0,,False,,,,
ETH,2026-03-25,1773971100,2,0,,False,,,,
ETH,2026-03-25,1774062000,1,1,-0.17945789554386643,True,-0.17945789554386643,-0.17945789554386643,-0.17,0.0
ETH,2026-03-25,1774155600,1,0,,False,,,,
ETH,2026-03-26,1773938700,1,0,,False,,,,
ETH,2026-03-26,1774170900,1,0,,False,,,,
ETH,2026-03-26,1774264500,1,1,-0.4483438084380901,True,-0.4483438084380901,-0.4483438084380901,-0.67,0.0
ETH,2026-03-27,1774363500,1,1,-0.1789770531487231,True,-0.1789770531487231,-0.1789770531487231,-0.5700000000000001,0.0
ETH,2026-03-28,1774388700,1,0,,False,,,,
ETH,2026-03-29,1774388700,1,0,,False,,,,
ETH,2026-03-29,1774518300,1,1,-0.5186684977502344,True,-0.5186684977502344,-0.5186684977502344,-0.75,0.0
ETH,2026-03-30,1774388700,1,0,,False,,,,
ETH,2026-03-30,1774514700,1,1,-0.16542878973649908,True,-0.16542878973649908,-0.16542878973649908,-0.27,0.0
ETH,2026-03-30,1774601100,1,1,0.08559267132238532,True,0.08559267132238532,0.08559267132238532,0.135,1.0
ETH,2026-03-31,1774385100,1,0,,False,,,,
ETH,2026-03-31,1774514700,1,1,-0.16565422665244384,True,-0.16565422665244384,-0.16565422665244384,-0.29000000000000004,0.0
ETH,2026-03-31,1774608300,1,1,0.36049980929558745,True,0.36049980929558745,0.36049980929558745,0.49,1.0
ETH,2026-03-31,1774696500,1,0,,False,,,,
ETH,2026-04-01,1774584000,2,0,,False,,,,
ETH,2026-04-01,1774735200,1,1,0.13143973228856548,True,0.13143973228856548,0.13143973228856548,0.48,1.0
ETH,2026-04-02,1774547100,2,0,,False,,,,
ETH,2026-04-02,1774757700,1,0,,False,,,,
ETH,2026-04-02,1774865700,1,0,,False,,,,
ETH,2026-04-03,1774946700,1,0,,False,,,,
ETH,2026-04-04,1775004300,1,0,,False,,,,
ETH,2026-04-05,1775013300,1,0,,False,,,,
ETH,2026-04-05,1775109600,1,0,,False,,,,
ETH,2026-04-06,1775005200,1,1,0.37060178103095454,True,0.37060178103095454,0.37060178103095454,0.48,1.0
ETH,2026-04-06,1775091600,2,1,,False,0.3519494326524142,0.3519494326524142,0.37,1.0
ETH,2026-04-06,1775178000,1,0,,False,,,,
ETH,2026-04-07,1774987200,1,0,,False,,,,
ETH,2026-04-07,1775090700,1,1,-0.20960197321091928,True,-0.20960197321091928,-0.20960197321091928,-0.37,0.0
ETH,2026-04-07,1775177100,1,1,0.2766627483258446,True,0.2766627483258446,0.2766627483258446,0.35,1.0
ETH,2026-04-08,1775061000,3,0,,False,,,,
ETH,2026-04-08,1775167200,1,0,,False,,,,
ETH,2026-04-08,1775275200,1,0,,False,,,,
ETH,2026-04-08,1775362500,1,1,0.1445279409900344,True,0.1445279409900344,0.1445279409900344,0.6699999999999999,1.0
ETH,2026-04-09,1775148300,4,0,,False,,,,
ETH,2026-04-09,1775359800,1,1,0.1932657566507316,True,0.1932657566507316,0.1932657566507316,0.64,1.0
ETH,2026-04-09,1775488500,1,1,0.4500135358885111,True,0.4500135358885111,0.4500135358885111,0.63,1.0
ETH,2026-04-10,1775564100,1,1,0.11650735536161888,True,0.11650735536161888,0.11650735536161888,0.5700000000000001,1.0
ETH,2026-04-11,1775651400,1,1,-0.32007263938470865,True,-0.32007263938470865,-0.32007263938470865,-0.317,0.0
ETH,2026-04-12,1775592900,1,0,,False,,,,
ETH,2026-04-12,1775682000,1,1,-0.43114532508830855,True,-0.43114532508830855,-0.43114532508830855,-0.51,0.0
ETH,2026-04-13,1775650500,1,1,0.4825386912284955,True,0.4825386912284955,0.4825386912284955,0.38,1.0
ETH,2026-04-13,1775739600,2,1,0.4835165745340262,True,0.4835165745340262,0.4835165745340262,0.5700000000000001,1.0
ETH,2026-04-13,1775836800,1,0,,False,,,,
ETH,2026-04-14,1775592000,5,0,,False,,,,
ETH,2026-04-14,1775687400,2,1,,False,0.1116598564294245,0.1116598564294245,0.54,1.0
ETH,2026-04-14,1775836800,1,0,,False,,,,
ETH,2026-04-15,1775753100,1,0,,False,,,,
ETH,2026-04-15,1776009600,1,0,,False,,,,
ETH,2026-04-16,1775758500,1,0,,False,,,,
ETH,2026-04-16,1776031200,2,1,0.18405235957842647,True,0.18405235957842647,0.18405235957842647,0.52,1.0
ETH,2026-04-17,1776182400,1,1,-0.09868027631003443,True,-0.09868027631003443,-0.09868027631003443,-0.033,0.0
ETH,2026-04-18,1776267000,1,0,,False,,,,
ETH,2026-04-19,1776267000,1,0,,False,,,,
ETH,2026-04-20,1776240000,1,0,,False,,,,
ETH,2026-04-20,1776355200,1,0,,False,,,,
ETH,2026-04-21,1776294000,2,0,,False,,,,
ETH,2026-04-21,1776394800,1,1,0.47706147939673577,True,0.47706147939673577,0.47706147939673577,0.42999999999999994,1.0
ETH,2026-04-21,1776508200,1,0,,False,,,,
ETH,2026-04-22,1776412800,1,0,,False,,,,
ETH,2026-04-22,1776500100,1,1,0.5201493476261442,True,0.5201493476261442,0.5201493476261442,0.54,1.0
ETH,2026-04-22,1776607200,1,0,,False,,,,
ETH,2026-04-23,1776356100,3,0,,False,,,,
ETH,2026-04-23,1776528000,1,0,,False,,,,
ETH,2026-04-23,1776614400,3,0,,False,,,,
ETH,2026-04-23,1776700800,4,1,,False,-0.24361201208145083,-0.24361201208145083,-0.2,0.0
ETH,2026-04-24,1776782700,1,1,0.45972967822004684,True,0.45972967822004684,0.45972967822004684,0.45999999999999996,1.0
ETH,2026-04-25,1776868200,1,1,-0.1851842650720088,True,-0.1851842650720088,-0.1851842650720088,-0.5,0.0
ETH,2026-04-26,1776958200,1,1,-0.27515054810787143,True,-0.27515054810787143,-0.27515054810787143,-0.23,0.0
ETH,2026-04-27,1776870000,2,0,,False,,,,
ETH,2026-04-27,1776998700,1,0,,False,,,,
ETH,2026-04-28,1776896100,1,0,,False,,,,
ETH,2026-04-28,1776999600,1,0,,False,,,,
ETH,2026-04-28,1777094100,1,0,,False,,,,
ETH,2026-04-29,1777001400,1,0,,False,,,,
ETH,2026-04-29,1777094100,1,0,,False,,,,
ETH,2026-04-29,1777191300,1,0,,False,,,,
ETH,2026-04-30,1776962700,1,0,,False,,,,
ETH,2026-04-30,1777194000,1,0,,False,,,,
ETH,2026-05-01,1777374900,2,1,0.8057928259243841,True,0.8057928259243841,0.8057928259243841,0.92,1.0
ETH,2026-05-02,1777410000,1,0,,False,,,,
ETH,2026-05-03,1777516200,2,1,,False,0.08780436189509294,0.08780436189509294,0.30000000000000004,1.0
ETH,2026-05-04,1777411800,1,0,,False,,,,
ETH,2026-05-04,1777503600,1,0,,False,,,,
ETH,2026-05-04,1777600800,1,0,,False,,,,
ETH,2026-05-05,1777406400,1,0,,False,,,,
ETH,2026-05-05,1777516200,2,2,0.3269912639559891,True,0.18850609941780622,0.18432376373005926,0.5095438661963949,1.0
ETH,2026-05-05,1777603500,1,0,,False,,,,
ETH,2026-05-05,1777692600,1,1,0.13074385458091103,True,0.13074385458091103,0.13074385458091103,0.48,1.0
ETH,2026-05-06,1777479300,1,1,-0.09919389215505868,True,-0.09919389215505868,-0.09919389215505868,-0.02,0.0
ETH,2026-05-06,1777610700,1,0,,False,,,,
ETH,2026-05-06,1777698000,1,0,,False,,,,
ETH,2026-05-06,1777824000,1,0,,False,,,,
ETH,2026-05-07,1777565700,1,0,,False,,,,
ETH,2026-05-07,1777669200,1,0,,False,,,,
ETH,2026-05-07,1777793400,1,0,,False,,,,
ETH,2026-05-07,1777881600,1,0,,False,,,,
ETH,2026-05-09,1778072400,2,2,-0.15692736848587735,True,-0.042087238944767555,-0.040662456211691705,-0.3130710313815227,0.0
ETH,2026-05-10,1778076000,1,0,,False,,,,
ETH,2026-05-10,1778162400,2,1,,False,-0.23974510009624564,-0.23974510009624564,-0.14,0.0
ETH,2026-05-11,1778083200,1,1,-0.05253422865375513,True,-0.05253422865375513,-0.05253422865375513,-0.09999999999999999,0.0
ETH,2026-05-11,1778169600,1,0,,False,,,,
ETH,2026-05-12,1778082300,1,0,,False,,,,
ETH,2026-05-12,1778169600,1,0,,False,,,,
ETH,2026-05-13,1778084100,1,0,,False,,,,
ETH,2026-05-13,1778170500,1,1,0.15366497857760153,True,0.15366497857760153,0.15366497857760153,0.09999999999999998,1.0
ETH,2026-05-13,1778384700,1,0,,False,,,,
ETH,2026-05-14,1778171400,1,0,,False,,,,
ETH,2026-05-14,1778283900,1,0,,False,,,,
ETH,2026-05-14,1778458500,2,1,,False,-0.12082981375504473,-0.12082981375504473,-0.33,0.0
SOL,2025-11-16,1763020800,1,0,,False,,,,
SOL,2025-11-17,1763132400,1,0,,False,,,,
SOL,2025-11-18,1763103600,1,0,,False,,,,
SOL,2025-11-20,1763280000,1,0,,False,,,,
SOL,2025-11-20,1763376300,1,0,,False,,,,
SOL,2025-11-22,1763502300,1,0,,False,,,,
SOL,2025-11-23,1763625600,1,0,,False,,,,
SOL,2025-11-24,1763504100,1,0,,False,,,,
SOL,2025-11-24,1763614800,1,0,,False,,,,
SOL,2025-11-25,1763539200,1,0,,False,,,,
SOL,2025-11-26,1763577900,2,0,,False,,,,
SOL,2025-11-27,1763659800,1,0,,False,,,,
SOL,2025-12-02,1764230400,1,0,,False,,,,
SOL,2025-12-03,1764221400,1,1,-0.22156872516165543,True,-0.22156872516165543,-0.22156872516165543,-0.28,0.0
SOL,2025-12-04,1764279000,1,1,0.4726999682157574,True,0.4726999682157574,0.4726999682157574,0.48,1.0
SOL,2025-12-07,1764810900,1,0,,False,,,,
SOL,2025-12-08,1764810900,2,1,,False,0.018745511616232113,0.018745511616232113,-0.34,0.0
SOL,2025-12-08,1764898200,1,1,-0.03272254883640979,True,-0.03272254883640979,-0.03272254883640979,-0.14,0.0
SOL,2025-12-09,1764899100,1,0,,False,,,,
SOL,2025-12-10,1765109700,1,0,,False,,,,
SOL,2025-12-11,1765104300,1,0,,False,,,,
SOL,2025-12-13,1765316700,1,0,,False,,,,
SOL,2025-12-15,1765443600,1,1,-0.020638857394215004,True,-0.020638857394215004,-0.020638857394215004,-0.14,0.0
SOL,2025-12-15,1765530000,1,0,,False,,,,
SOL,2025-12-17,1765389600,1,0,,False,,,,
SOL,2025-12-17,1765716300,1,0,,False,,,,
SOL,2025-12-18,1765810800,2,1,-0.2907309572301842,True,-0.2907309572301842,-0.2907309572301842,-0.47000000000000003,0.0
SOL,2025-12-20,1765929600,1,0,,False,,,,
SOL,2025-12-21,1765929600,1,1,-0.28825311536808434,True,-0.28825311536808434,-0.28825311536808434,-0.43,0.0
SOL,2025-12-21,1766016000,3,0,,False,,,,
SOL,2025-12-22,1766010600,2,0,,False,,,,
SOL,2025-12-22,1766097900,1,1,-0.28427013891109437,True,-0.28427013891109437,-0.28427013891109437,-0.11,0.0
SOL,2025-12-23,1765982700,1,0,,False,,,,
SOL,2025-12-24,1766103300,2,0,,False,,,,
SOL,2025-12-25,1766103300,1,0,,False,,,,
SOL,2025-12-25,1766198700,1,1,-0.2157830630139408,True,-0.2157830630139408,-0.2157830630139408,-0.31,0.0
SOL,2025-12-25,1766369700,1,0,,False,,,,
SOL,2025-12-27,1766521800,1,0,,False,,,,
SOL,2025-12-30,1766808900,2,0,,False,,,,
SOL,2025-12-31,1766809800,1,0,,False,,,,
SOL,2026-01-04,1767211200,1,1,0.4010230358935305,True,0.4010230358935305,0.4010230358935305,0.83,1.0
SOL,2026-01-05,1767158100,1,0,,False,,,,
SOL,2026-01-05,1767315600,1,0,,False,,,,
SOL,2026-01-06,1767321900,1,0,,False,,,,
SOL,2026-01-06,1767408300,1,0,,False,,,,
SOL,2026-01-07,1767316500,1,1,0.31715449345492924,True,0.31715449345492924,0.31715449345492924,0.6799999999999999,1.0
SOL,2026-01-07,1767522600,1,0,,False,,,,
SOL,2026-01-08,1767365100,1,0,,False,,,,
SOL,2026-01-08,1767540600,1,0,,False,,,,
SOL,2026-01-08,1767630600,1,1,0.1327623626896967,True,0.1327623626896967,0.1327623626896967,0.25,1.0
SOL,2026-01-10,1767738600,1,0,,False,,,,
SOL,2026-01-11,1767737700,1,0,,False,,,,
SOL,2026-01-12,1767744000,1,0,,False,,,,
SOL,2026-01-12,1767832200,1,0,,False,,,,
SOL,2026-01-12,1767919500,1,0,,False,,,,
SOL,2026-01-13,1767798000,1,0,,False,,,,
SOL,2026-01-14,1767832200,1,0,,False,,,,
SOL,2026-01-14,1768136400,1,0,,False,,,,
SOL,2026-01-15,1768135500,1,0,,False,,,,
SOL,2026-01-15,1768221900,1,0,,False,,,,
SOL,2026-01-18,1768334400,1,0,,False,,,,
SOL,2026-01-19,1768334400,1,0,,False,,,,
SOL,2026-01-19,1768420800,1,0,,False,,,,
SOL,2026-01-20,1768614300,1,0,,False,,,,
SOL,2026-01-22,1768781700,2,0,,False,,,,
SOL,2026-01-26,1769154300,1,0,,False,,,,
SOL,2026-01-27,1769152500,1,1,-0.28175377855038986,True,-0.28175377855038986,-0.28175377855038986,-0.36,0.0
SOL,2026-01-29,1769177700,1,0,,False,,,,
SOL,2026-02-01,1769662800,1,1,0.6656873881733988,True,0.6656873881733988,0.6656873881733988,-0.13,0.0
SOL,2026-02-02,1769663700,1,0,,False,,,,
SOL,2026-02-03,1769665500,1,0,,False,,,,
SOL,2026-02-03,1769829300,1,0,,False,,,,
SOL,2026-02-04,1769662800,2,0,,False,,,,
SOL,2026-02-04,1769829300,1,0,,False,,,,
SOL,2026-02-04,1769915700,1,0,,False,,,,
SOL,2026-02-05,1769833800,1,0,,False,,,,
SOL,2026-02-05,1770003000,1,1,-0.37581876199791486,True,-0.37581876199791486,-0.37581876199791486,-0.757,0.0
SOL,2026-02-07,1770148800,1,0,,False,,,,
SOL,2026-02-08,1770148800,2,1,0.10585270696959775,True,0.10585270696959775,0.10585270696959775,-0.43,0.0
SOL,2026-02-08,1770235200,2,1,,False,-0.36996063409104407,-0.36996063409104407,-0.68,0.0
SOL,2026-02-09,1770148800,2,1,,False,0.17585061606710162,0.17585061606710162,-0.09999999999999999,0.0
SOL,2026-02-09,1770235200,1,1,-0.36378393812116316,True,-0.36378393812116316,-0.36378393812116316,-0.66,0.0
SOL,2026-02-09,1770321600,1,1,0.2859285870839148,True,0.2859285870839148,0.2859285870839148,0.484,1.0
SOL,2026-02-10,1770148800,2,0,,False,,,,
SOL,2026-02-10,1770235200,2,2,0.06747580009907073,True,-0.11116867522964063,-0.11507769176678709,-0.29352686564622615,0.510706496208845
SOL,2026-02-10,1770321600,2,2,0.38234431186280377,True,0.26943284008709745,0.25680330278542224,0.3516404340133233,1.0
SOL,2026-02-10,1770450300,2,1,0.3728062994978094,True,0.3728062994978094,0.3728062994978094,0.31499999999999995,1.0
SOL,2026-02-11,1770311700,3,3,-0.40956210763462886,True,-0.13999111688337257,-0.08176693320320319,-0.2916812901778604,0.30405947133896927
SOL,2026-02-11,1770450300,2,2,-0.4623259568476038,True,-0.13973749961930104,-0.13514483311110786,-0.3056148306549519,0.4929814616813102
SOL,2026-02-12,1770311700,3,0,,False,,,,
SOL,2026-02-12,1770450300,3,0,,False,,,,
SOL,2026-02-12,1770618600,1,1,0.06030468942582723,True,0.06030468942582723,0.06030468942582723,0.04300000000000004,1.0
SOL,2026-02-15,1770885000,1,0,,False,,,,
SOL,2026-02-16,1770885000,1,0,,False,,,,
SOL,2026-02-16,1770971400,1,0,,False,,,,
SOL,2026-02-17,1770885000,1,0,,False,,,,
SOL,2026-02-17,1770971400,1,0,,False,,,,
SOL,2026-02-18,1770885000,1,0,,False,,,,
SOL,2026-02-18,1770971400,1,0,,False,,,,
SOL,2026-02-19,1770916500,5,0,,False,,,,
SOL,2026-02-19,1771004700,1,0,,False,,,,
SOL,2026-02-19,1771212600,1,0,,False,,,,
SOL,2026-02-21,1771361100,1,0,,False,,,,
SOL,2026-02-22,1771358400,1,0,,False,,,,
SOL,2026-02-22,1771444800,2,0,,False,,,,
SOL,2026-02-23,1771358400,2,0,,False,,,,
SOL,2026-02-23,1771444800,1,0,,False,,,,
SOL,2026-02-23,1771567200,1,0,,False,,,,
SOL,2026-02-24,1771567200,1,0,,False,,,,
SOL,2026-02-24,1771660800,1,0,,False,,,,
SOL,2026-02-25,1771434900,1,1,-0.3028866038129818,True,-0.3028866038129818,-0.3028866038129818,-0.15000000000000002,0.0
SOL,2026-02-25,1771567200,2,0,,False,,,,
SOL,2026-02-25,1771660800,2,0,,False,,,,
SOL,2026-02-26,1771567200,1,0,,False,,,,
SOL,2026-02-26,1771660800,2,0,,False,,,,
SOL,2026-02-28,1771983900,1,0,,False,,,,
SOL,2026-03-01,1771983000,1,1,-0.15926100729924453,True,-0.15926100729924453,-0.15926100729924453,-0.09899999999999999,0.0
SOL,2026-03-01,1772070300,1,0,,False,,,,
SOL,2026-03-03,1771983000,2,1,,False,0.037297671456788,0.037297671456788,0.040000000000000036,1.0
SOL,2026-03-03,1772069400,1,1,0.2775588216115078,True,0.2775588216115078,0.2775588216115078,0.17999999999999994,1.0
SOL,2026-03-03,1772167500,1,1,-0.2306425568858185,True,-0.2306425568858185,-0.2306425568858185,-0.34,0.0
SOL,2026-03-04,1772047800,1,0,,False,,,,
SOL,2026-03-04,1772165700,1,1,0.4761220773988933,True,0.4761220773988933,0.4761220773988933,0.64,1.0
SOL,2026-03-04,1772331300,1,0,,False,,,,
SOL,2026-03-05,1772165700,2,0,,False,,,,
SOL,2026-03-05,1772331300,1,0,,False,,,,
SOL,2026-03-05,1772417700,1,0,,False,,,,
SOL,2026-03-07,1772568000,1,0,,False,,,,
SOL,2026-03-08,1772654400,1,0,,False,,,,
SOL,2026-03-09,1772663400,1,1,-0.24283796421064857,True,-0.24283796421064857,-0.24283796421064857,-0.58,0.0
SOL,2026-03-09,1772771400,1,0,,False,,,,
SOL,2026-03-10,1772657100,1,0,,False,,,,
SOL,2026-03-10,1772771400,1,0,,False,,,,
SOL,2026-03-11,1772649000,4,0,,False,,,,
SOL,2026-03-11,1772938800,1,0,,False,,,,
SOL,2026-03-12,1773026100,2,0,,False,,,,
SOL,2026-03-17,1773285300,1,0,,False,,,,
SOL,2026-03-18,1773288000,1,0,,False,,,,
SOL,2026-03-18,1773540900,2,0,,False,,,,
SOL,2026-03-19,1773540900,1,0,,False,,,,
SOL,2026-03-19,1773627300,1,1,-0.349029216300314,True,-0.349029216300314,-0.349029216300314,-0.59,0.0
SOL,2026-03-23,1773974700,1,0,,False,,,,
SOL,2026-03-24,1773979200,1,0,,False,,,,
SOL,2026-03-26,1773985500,1,0,,False,,,,
SOL,2026-03-26,1774235700,1,0,,False,,,,
SOL,2026-03-28,1774440900,2,0,,False,,,,
SOL,2026-03-29,1774440900,1,0,,False,,,,
SOL,2026-03-29,1774527300,2,1,,False,0.0364040630785894,0.0364040630785894,-0.32,0.0
SOL,2026-03-30,1774527300,1,1,-0.1666966486252355,True,-0.1666966486252355,-0.1666966486252355,-0.34,0.0
SOL,2026-03-30,1774613700,1,1,0.23236828562340417,True,0.23236828562340417,0.23236828562340417,0.30000000000000004,1.0
SOL,2026-03-31,1774527300,1,1,-0.024972450784253697,True,-0.024972450784253697,-0.024972450784253697,-0.36,0.0
SOL,2026-04-01,1774543500,1,1,-0.1762044276954455,True,-0.1762044276954455,-0.1762044276954455,-0.35000000000000003,0.0
SOL,2026-04-01,1774629900,2,0,,False,,,,
SOL,2026-04-02,1774547100,1,1,0.013692178115523979,True,0.013692178115523979,0.013692178115523979,-0.33,0.0
SOL,2026-04-02,1774634400,1,0,,False,,,,
SOL,2026-04-04,1774987200,1,0,,False,,,,
SOL,2026-04-05,1774987200,1,0,,False,,,,
SOL,2026-04-05,1775077200,1,0,,False,,,,
SOL,2026-04-06,1774987200,1,0,,False,,,,
SOL,2026-04-06,1775074500,1,0,,False,,,,
SOL,2026-04-06,1775160900,2,0,,False,,,,
SOL,2026-04-07,1774987200,1,1,0.006856893877985409,True,0.006856893877985409,0.006856893877985409,-0.12,0.0
SOL,2026-04-07,1775160900,1,1,-0.41155017466082805,True,-0.41155017466082805,-0.41155017466082805,-0.42,0.0
SOL,2026-04-07,1775247300,1,1,-0.38814473627771223,True,-0.38814473627771223,-0.38814473627771223,-0.52,0.0
SOL,2026-04-08,1775061900,1,0,,False,,,,
SOL,2026-04-08,1775148300,1,0,,False,,,,
SOL,2026-04-08,1775234700,1,0,,False,,,,
SOL,2026-04-09,1775233800,1,0,,False,,,,
SOL,2026-04-09,1775464200,1,0,,False,,,,
SOL,2026-04-11,1775592000,1,0,,False,,,,
SOL,2026-04-12,1775593800,1,1,0.38553088856276757,True,0.38553088856276757,0.38553088856276757,0.35,1.0
SOL,2026-04-12,1775682000,1,0,,False,,,,
SOL,2026-04-13,1775592900,1,0,,False,,,,
SOL,2026-04-13,1775682000,1,0,,False,,,,
SOL,2026-04-13,1775806200,1,0,,False,,,,
SOL,2026-04-14,1775592000,1,0,,False,,,,
SOL,2026-04-14,1775680200,1,0,,False,,,,
SOL,2026-04-14,1775795400,1,0,,False,,,,
SOL,2026-04-15,1775795400,1,0,,False,,,,
SOL,2026-04-16,1775795400,1,1,0.11345007345029193,True,0.11345007345029193,0.11345007345029193,0.31999999999999995,1.0
SOL,2026-04-16,1776069900,1,0,,False,,,,
SOL,2026-04-18,1776244500,1,0,,False,,,,
SOL,2026-04-19,1776230100,1,1,0.061022765404136314,True,0.061022765404136314,0.061022765404136314,0.22999999999999998,1.0
SOL,2026-04-19,1776336300,2,1,0.03743711027266646,True,0.03743711027266646,0.03743711027266646,0.07999999999999996,1.0
SOL,2026-04-20,1776227400,1,0,,False,,,,
SOL,2026-04-20,1776336300,1,1,0.10809754095295276,True,0.10809754095295276,0.10809754095295276,0.13,1.0
SOL,2026-04-20,1776429900,1,0,,False,,,,
SOL,2026-04-21,1776230100,1,0,,False,,,,
SOL,2026-04-21,1776319200,1,0,,False,,,,
SOL,2026-04-21,1776412800,1,0,,False,,,,
SOL,2026-04-21,1776503700,1,0,,False,,,,
SOL,2026-04-22,1776348000,1,0,,False,,,,
SOL,2026-04-22,1776441600,1,0,,False,,,,
SOL,2026-04-23,1776658500,2,1,-0.20224470576307788,True,-0.20224470576307788,-0.20224470576307788,-0.12,0.0
SOL,2026-04-25,1776839400,1,1,0.11563476786385579,True,0.11563476786385579,0.11563476786385579,0.07999999999999996,1.0
SOL,2026-04-26,1776852000,1,0,,False,,,,
SOL,2026-04-27,1777003200,1,0,,False,,,,
SOL,2026-04-29,1777006800,1,0,,False,,,,
SOL,2026-04-30,1777010400,1,0,,False,,,,
SOL,2026-04-30,1777266900,1,0,,False,,,,
SOL,2026-05-02,1777444200,2,0,,False,,,,
SOL,2026-05-03,1777444200,1,0,,False,,,,
SOL,2026-05-04,1777607100,1,1,0.14590072943232593,True,0.14590072943232593,0.14590072943232593,0.17999999999999994,1.0
SOL,2026-05-05,1777448700,1,0,,False,,,,
SOL,2026-05-05,1777607100,1,0,,False,,,,
SOL,2026-05-06,1777607100,1,0,,False,,,,
SOL,2026-05-07,1777607100,2,0,,False,,,,
SOL,2026-05-07,1777861800,1,0,,False,,,,
SOL,2026-05-09,1778012100,1,0,,False,,,,
SOL,2026-05-10,1778012100,1,0,,False,,,,
SOL,2026-05-10,1778098500,2,0,,False,,,,
SOL,2026-05-11,1778022900,1,0,,False,,,,
SOL,2026-05-11,1778134500,1,0,,False,,,,
SOL,2026-05-11,1778228100,1,0,,False,,,,
SOL,2026-05-12,1778114700,1,0,,False,,,,
SOL,2026-05-12,1778201100,1,0,,False,,,,
SOL,2026-05-14,1778262300,1,0,,False,,,,
XRP,2025-11-18,1763147700,1,0,,False,,,,
XRP,2025-11-20,1763109000,1,0,,False,,,,
XRP,2025-11-20,1763364600,1,0,,False,,,,
XRP,2025-11-23,1763496900,2,0,,False,,,,
XRP,2025-11-24,1763496900,2,0,,False,,,,
XRP,2025-11-24,1763601300,1,0,,False,,,,
XRP,2025-11-25,1763496900,2,0,,False,,,,
XRP,2025-11-25,1763601300,1,0,,False,,,,
XRP,2025-11-26,1763662500,1,0,,False,,,,
XRP,2025-12-08,1764854100,1,1,0.011841291207845654,True,0.011841291207845654,0.011841291207845654,-0.05,0.0
XRP,2025-12-13,1765368000,1,0,,False,,,,
XRP,2025-12-15,1765368900,1,0,,False,,,,
XRP,2025-12-15,1765465200,1,0,,False,,,,
XRP,2025-12-15,1765551600,2,1,,False,0.10945610486629069,0.10945610486629069,-0.06999999999999999,0.0
XRP,2025-12-16,1765465200,2,0,,False,,,,
XRP,2025-12-17,1765465200,1,0,,False,,,,
XRP,2025-12-18,1765555200,2,0,,False,,,,
XRP,2025-12-22,1766092500,1,0,,False,,,,
XRP,2025-12-23,1766002500,1,0,,False,,,,
XRP,2025-12-23,1766103300,1,1,-0.18251896047155786,True,-0.18251896047155786,-0.18251896047155786,-0.08,0.0
XRP,2025-12-23,1766190600,1,0,,False,,,,
XRP,2025-12-25,1766178000,1,1,0.336424486408615,True,0.336424486408615,0.336424486408615,0.26,1.0
XRP,2026-01-05,1767346200,1,0,,False,,,,
XRP,2026-01-06,1767346200,1,0,,False,,,,
XRP,2026-01-07,1767363300,1,0,,False,,,,
XRP,2026-01-07,1767485700,1,0,,False,,,,
XRP,2026-01-08,1767485700,1,0,,False,,,,
XRP,2026-01-08,1767616200,1,0,,False,,,,
XRP,2026-01-10,1767731400,1,0,,False,,,,
XRP,2026-01-12,1767735000,1,0,,False,,,,
XRP,2026-01-13,1767805200,2,0,,False,,,,
XRP,2026-01-19,1768560300,1,0,,False,,,,
XRP,2026-01-26,1769131800,2,1,,False,-0.02921045163798943,-0.02921045163798943,-0.03,0.0
XRP,2026-01-27,1769130900,1,0,,False,,,,
XRP,2026-01-28,1769130900,1,0,,False,,,,
XRP,2026-01-29,1769130000,1,0,,False,,,,
XRP,2026-02-03,1769711400,1,0,,False,,,,
XRP,2026-02-04,1769720400,1,0,,False,,,,
XRP,2026-02-04,1769881500,2,1,,False,-0.2765758495029044,-0.2765758495029044,-0.384,0.0
XRP,2026-02-05,1769710500,1,1,0.5669328400245701,True,0.5669328400245701,0.5669328400245701,-0.54,0.0
XRP,2026-02-05,1769881500,3,1,,False,0.3685517317442567,0.3685517317442567,-0.17,0.0
XRP,2026-02-05,1770011100,1,0,,False,,,,
XRP,2026-02-07,1770148800,1,0,,False,,,,
XRP,2026-02-08,1770148800,2,0,,False,,,,
XRP,2026-02-08,1770235200,3,0,,False,,,,
XRP,2026-02-09,1770148800,1,0,,False,,,,
XRP,2026-02-09,1770235200,2,1,-0.06977978745961394,True,-0.06977978745961394,-0.06977978745961394,-0.33,0.0
XRP,2026-02-09,1770321600,3,2,0.23762070185301454,True,0.12086556536697922,0.0427103979675314,0.6936494764043796,1.0
XRP,2026-02-10,1770148800,2,0,,False,,,,
XRP,2026-02-10,1770235200,2,0,,False,,,,
XRP,2026-02-10,1770321600,3,2,,False,0.22092340054852327,0.1679676931077199,0.6758534369641052,1.0
XRP,2026-02-10,1770450300,2,1,0.5000805243222085,True,0.5000805243222085,0.5000805243222085,0.48,1.0
XRP,2026-02-11,1770318000,3,1,0.447547498532588,True,0.447547498532588,0.447547498532588,0.64,1.0
XRP,2026-02-11,1770450300,1,1,-0.31500034847690095,True,-0.31500034847690095,-0.31500034847690095,-0.5,0.0
XRP,2026-02-12,1770311700,1,0,,False,,,,
XRP,2026-02-12,1770450300,2,0,,False,,,,
XRP,2026-02-16,1770978600,2,0,,False,,,,
XRP,2026-02-17,1770978600,1,0,,False,,,,
XRP,2026-02-18,1770978600,1,0,,False,,,,
XRP,2026-02-19,1771256700,1,0,,False,,,,
XRP,2026-02-21,1771358400,1,0,,False,,,,
XRP,2026-02-22,1771358400,1,1,0.03004787329430894,True,0.03004787329430894,0.03004787329430894,-0.16,0.0
XRP,2026-02-22,1771445700,1,0,,False,,,,
XRP,2026-02-23,1771358400,1,0,,False,,,,
XRP,2026-02-23,1771566300,1,0,,False,,,,
XRP,2026-02-24,1771566300,1,0,,False,,,,
XRP,2026-02-25,1771566300,2,0,,False,,,,
XRP,2026-02-26,1771566300,3,0,,False,,,,
XRP,2026-02-28,1772027100,4,1,,False,0.07458871465240974,0.07458871465240974,-0.17,0.0
XRP,2026-03-01,1772027100,5,0,,False,,,,
XRP,2026-03-03,1772027100,7,0,,False,,,,
XRP,2026-03-03,1772181900,1,1,-0.3582224692154532,True,-0.3582224692154532,-0.3582224692154532,-0.53,0.0
XRP,2026-03-04,1772181900,1,0,,False,,,,
XRP,2026-03-05,1772181900,3,0,,False,,,,
XRP,2026-03-08,1772615700,3,1,,False,-0.0017245919122144127,-0.0017245919122144127,-0.19,0.0
XRP,2026-03-09,1772615700,2,0,,False,,,,
XRP,2026-03-09,1772803800,1,1,-0.29541507947499623,True,-0.29541507947499623,-0.29541507947499623,-0.43,0.0
XRP,2026-03-10,1772615700,2,0,,False,,,,
XRP,2026-03-10,1772803800,1,1,0.4200865048079958,True,0.4200865048079958,0.4200865048079958,0.5700000000000001,1.0
XRP,2026-03-11,1772649000,4,0,,False,,,,
XRP,2026-03-11,1772803800,3,1,-0.39728902954140066,True,-0.39728902954140066,-0.39728902954140066,-0.43,0.0
XRP,2026-03-18,1773540900,2,0,,False,,,,
XRP,2026-03-19,1773540900,1,0,,False,,,,
XRP,2026-03-19,1773627300,1,0,,False,,,,
XRP,2026-03-23,1773991800,1,0,,False,,,,
XRP,2026-03-24,1773991800,2,1,,False,-0.12968633738242946,-0.12968633738242946,-0.29000000000000004,0.0
XRP,2026-03-26,1773991800,2,1,,False,-0.0646941234536011,-0.0646941234536011,-0.31,0.0
XRP,2026-03-26,1774247400,3,1,,False,-0.04644405420493512,-0.04644405420493512,-0.09,0.0
XRP,2026-03-28,1774431000,2,0,,False,,,,
XRP,2026-03-29,1774431000,1,0,,False,,,,
XRP,2026-03-29,1774524600,1,1,-0.14476836086093092,True,-0.14476836086093092,-0.14476836086093092,-0.34,0.0
XRP,2026-03-30,1774524600,1,1,-0.2487151778242096,True,-0.2487151778242096,-0.2487151778242096,-0.35000000000000003,0.0
XRP,2026-03-30,1774611000,1,1,-0.2235079266491291,True,-0.2235079266491291,-0.2235079266491291,-0.2,0.0
XRP,2026-03-31,1774431000,1,0,,False,,,,
XRP,2026-03-31,1774527300,2,1,,False,-0.17565085441444336,-0.17565085441444336,-0.37,0.0
XRP,2026-03-31,1774613700,2,1,-0.17116586233339023,True,-0.17116586233339023,-0.17116586233339023,-0.22,0.0
XRP,2026-04-01,1774524600,1,1,-0.32729864757757365,True,-0.32729864757757365,-0.32729864757757365,-0.37,0.0
XRP,2026-04-01,1774611000,2,0,,False,,,,
XRP,2026-04-02,1774601100,1,0,,False,,,,
XRP,2026-04-04,1775024100,1,0,,False,,,,
XRP,2026-04-05,1775023200,1,0,,False,,,,
XRP,2026-04-06,1775023200,2,0,,False,,,,
XRP,2026-04-06,1775134800,1,0,,False,,,,
XRP,2026-04-06,1775221200,1,1,-0.1686899029144791,True,-0.1686899029144791,-0.1686899029144791,-0.08,0.0
XRP,2026-04-07,1775023200,1,0,,False,,,,
XRP,2026-04-07,1775134800,1,0,,False,,,,
XRP,2026-04-07,1775222100,1,0,,False,,,,
XRP,2026-04-08,1775207700,1,0,,False,,,,
XRP,2026-04-09,1775148300,1,0,,False,,,,
XRP,2026-04-09,1775462400,1,0,,False,,,,
XRP,2026-04-11,1775607300,2,0,,False,,,,
XRP,2026-04-12,1775607300,2,1,,False,-0.10488328476123307,-0.10488328476123307,-0.33,0.0
XRP,2026-04-13,1775607300,1,0,,False,,,,
XRP,2026-04-13,1775808000,2,1,,False,-0.13080906995055622,-0.13080906995055622,-0.14,0.0
XRP,2026-04-14,1775607300,2,0,,False,,,,
XRP,2026-04-14,1775808000,2,0,,False,,,,
XRP,2026-04-15,1775808000,1,0,,False,,,,
XRP,2026-04-16,1775808000,1,0,,False,,,,
XRP,2026-04-16,1776043800,2,0,,False,,,,
XRP,2026-04-19,1776321900,1,0,,False,,,,
XRP,2026-04-20,1776310200,1,0,,False,,,,
XRP,2026-04-20,1776407400,1,0,,False,,,,
XRP,2026-04-21,1776510900,1,0,,False,,,,
XRP,2026-04-22,1776308400,1,0,,False,,,,
XRP,2026-04-22,1776407400,1,0,,False,,,,
XRP,2026-04-22,1776510900,1,0,,False,,,,
XRP,2026-04-23,1776445200,1,0,,False,,,,
XRP,2026-04-23,1776699000,1,0,,False,,,,
XRP,2026-04-28,1777017600,1,0,,False,,,,
XRP,2026-04-29,1777017600,2,0,,False,,,,
XRP,2026-04-30,1777017600,2,0,,False,,,,
XRP,2026-05-02,1777446000,2,0,,False,,,,
XRP,2026-05-03,1777446000,1,0,,False,,,,
XRP,2026-05-04,1777446900,1,0,,False,,,,
XRP,2026-05-04,1777602600,2,0,,False,,,,
XRP,2026-05-06,1777602600,2,0,,False,,,,
XRP,2026-05-07,1777601700,1,0,,False,,,,
XRP,2026-05-07,1777888800,1,0,,False,,,,
XRP,2026-05-09,1778076900,3,0,,False,,,,
XRP,2026-05-10,1778076900,1,0,,False,,,,
XRP,2026-05-11,1778076900,2,1,,False,-0.27279939835707584,-0.27279939835707584,-0.08,0.0
XRP,2026-05-11,1778229900,2,0,,False,,,,
XRP,2026-05-12,1778229900,2,1,,False,0.38563734810171707,0.38563734810171707,0.61,1.0
XRP,2026-05-13,1778085000,1,1,-0.11752860684680995,True,-0.11752860684680995,-0.11752860684680995,-0.14,0.0
XRP,2026-05-14,1778467500,1,0,,False,,,,
