asset,slug,ts,event,n_ask,fv_seas,fv_flat,tte_d,label,ev_raw,ev_hedged
ETH,ethereum-above-3900-on-october-16,1760625900,2025-10-16,0.97,0.995467960256428,0.9999083046729248,0.05277777777777778,0,-0.9720369999999999,-0.9705847196148008
ETH,ethereum-above-3700-on-october-18,1760781600,2025-10-18,0.974,0.9946451023018794,0.9971515787622339,0.25069444444444444,1,0.02422732000000002,0.024204747726706388
SOL,solana-above-180-on-october-21,1761056100,2025-10-21,0.979,0.9958824559671968,0.9998708228431954,0.07361111111111111,1,0.01956087000000002,0.017970366333997154
SOL,solana-above-180-on-october-22,1761145200,2025-10-22,0.978,0.9941125428548891,0.9996907221864266,0.04236111111111111,1,0.02049388000000002,0.021630570555184546
ETH,ethereum-above-3800-on-october-23,1761233400,2025-10-23,0.988,0.9931787454068585,0.9993811763466044,0.021527777777777778,1,0.01117008000000001,0.009372267038764877
BTC,bitcoin-above-110k-on-october-25,1761381000,2025-10-25,0.983,0.9927740007344349,0.9947103064131144,0.31319444444444444,1,0.015830230000000015,0.02154435235760977
XRP,xrp-above-2pt4-on-october-31,1761907500,2025-10-31,0.97,0.9942308870157633,0.9890557991538224,0.21944444444444444,1,0.027963000000000026,0.016326530954506212
SOL,solana-above-180-on-october-31,1761911100,2025-10-31,0.984,0.9916888775582862,0.9972613388728311,0.17777777777777776,1,0.014897920000000012,0.012388830711821699
BTC,bitcoin-above-108k-on-november-1,1761988500,2025-11-01,0.986,0.997749309785315,0.9988255390959003,0.28194444444444444,1,0.01303372000000001,0.012925028827845636
SOL,solana-above-160-on-november-3,1762183800,2025-11-03,0.987,0.999978837578606,0.9999998100952442,0.06319444444444444,1,0.012101830000000011,0.01210159582431763
SOL,solana-above-150-on-november-4,1762255800,2025-11-04,0.97,0.9902199727290769,0.9965093135750736,0.2298611111111111,1,0.027963000000000026,0.03715202523702579
ETH,ethereum-above-3400-on-november-11,1762871400,2025-11-11,0.96,0.9911314153299791,0.9994074166632891,0.10486111111111111,1,0.03731200000000003,0.03963558800806916
SOL,solana-above-150-on-november-12,1762943400,2025-11-12,0.964,0.9902743217617769,0.9952231596726165,0.27152777777777776,1,0.03357072000000003,0.058281503030268106
ETH,ethereum-above-3300-on-november-13,1763046000,2025-11-13,0.969,0.9970677092213459,0.9998496927563925,0.08402777777777778,1,0.028897270000000027,0.030780432424295855
XRP,xrp-above-2pt2-on-november-14,1763131500,2025-11-14,0.986,0.9995865805232467,0.9998456253253584,0.09444444444444444,1,0.01303372000000001,0.012552002525835956
SOL,solana-above-130-on-november-17,1763387100,2025-11-17,0.988,0.9972171737024121,0.9998486291477652,0.1361111111111111,1,0.01117008000000001,0.011974501989969447
ETH,ethereum-above-2900-on-november-19,1763568900,2025-11-19,0.976,0.9931793342208873,0.9985659095788569,0.03194444444444444,1,0.02236032000000002,0.026476066968868114
ETH,ethereum-above-2900-on-november-20,1763653500,2025-11-20,0.957,0.9922500237570222,0.998538351749743,0.05277777777777778,0,-0.9598805699999999,-0.9389373503218426
ETH,ethereum-above-3000-on-december-3,1764773100,2025-12-03,0.956,0.9961010073852958,0.9998255583461589,0.09444444444444444,1,0.04105552000000004,0.04177703138300166
ETH,ethereum-above-3100-on-december-4,1764863100,2025-12-04,0.989,0.9996785002820275,0.9999863093780742,0.05277777777777778,1,0.01023847000000001,0.010328913012596048
BTC,bitcoin-above-88k-on-december-5,1764951300,2025-12-05,0.975,0.996339707193493,0.9994085800201703,0.03194444444444444,1,0.02329375000000002,0.026065386834929476
ETH,ethereum-above-3000-on-december-5,1764951300,2025-12-05,0.99,0.9955208041931484,0.9992071822672356,0.03194444444444444,1,0.009307000000000008,0.013741063058650487
ETH,ethereum-above-3000-on-december-8,1765201500,2025-12-08,0.978,0.9936644906904042,0.999579914825276,0.1361111111111111,1,0.02049388000000002,0.022075965386309467
BTC,bitcoin-above-88k-on-december-11,1765468800,2025-12-11,0.979,0.9993599874555082,0.9999583090475916,0.04236111111111111,1,0.01956087000000002,0.019608515793942585
ETH,ethereum-above-3000-on-december-12,1765555200,2025-12-12,0.957,0.9953836869493721,0.9992604826570364,0.04236111111111111,1,0.04011943000000003,0.04004864581876621
ETH,ethereum-above-2900-on-december-15,1765812600,2025-12-15,0.975,0.9946507743466455,0.9993028773011364,0.06319444444444444,1,0.02329375000000002,0.024196615812290167
SOL,solana-above-120-on-december-16,1765881900,2025-12-16,0.98,0.9942585645733544,0.9977067002233074,0.2611111111111111,1,0.018628000000000016,0.0183612356543045
BTC,bitcoin-above-88k-on-december-17,1765984500,2025-12-17,0.96,0.9953518634475904,0.9996536403603865,0.07361111111111111,0,-0.962688,-0.9562762629464113
SOL,solana-above-120-on-december-19,1766149200,2025-12-19,0.99,0.9910071729019643,0.9985013000176994,0.16736111111111113,1,0.009307000000000008,0.010656315870447157
BTC,bitcoin-above-86k-on-december-19,1766157300,2025-12-19,0.969,0.996618333091801,0.9997944851670831,0.07361111111111111,1,0.028897270000000027,0.02971823787742545
BTC,bitcoin-above-86k-on-december-20,1766227500,2025-12-20,0.988,0.9998462319446864,0.9999850539405729,0.2611111111111111,1,0.01117008000000001,0.011171684402283182
ETH,ethereum-above-2900-on-december-23,1766506500,2025-12-23,0.99,0.9903348982734269,0.9976495193300222,0.03194444444444444,1,0.009307000000000008,0.006036978535282697
BTC,bitcoin-above-88k-on-december-30,1767111300,2025-12-30,0.99,0.9903840714390888,0.9976777483932175,0.03194444444444444,1,0.009307000000000008,0.012008515772000534
XRP,xrp-above-2-on-january-8,1767879900,2026-01-08,0.97,0.9901334851586895,0.9935712855663841,0.1361111111111111,1,0.027963000000000026,0.0023285764493122738
BTC,bitcoin-above-90k-on-january-8,1767890700,2026-01-08,0.93,0.9978288671782656,0.9996069943510651,0.01111111111111111,1,0.06544299999999996,0.0641598790027997
BTC,bitcoin-above-90k-on-january-9,1767973500,2026-01-09,0.967,0.9922538326851266,0.998614748918938,0.05277777777777778,1,0.030766230000000026,0.02687664945968775
BTC,bitcoin-above-92k-on-january-13,1768320000,2026-01-13,0.94,0.9987366234981946,0.9998876792357672,0.04236111111111111,1,0.056052000000000046,0.056140066042841844
ETH,ethereum-above-3200-on-january-16,1768554900,2026-01-16,0.932,0.9900663443483093,0.9939285272212043,0.3236111111111111,1,0.06356367999999996,0.07734884809178161
ETH,ethereum-above-2900-on-january-23,1769184000,2026-01-23,0.986,0.9960873293731509,0.9994166402112077,0.04236111111111111,1,0.01303372000000001,0.011506466178985948
SOL,solana-above-90-on-february-2,1770023700,2026-02-02,0.98,0.9960408130843358,0.9976749443017984,0.3236111111111111,1,0.018628000000000016,0.013722479226351766
SOL,solana-above-100-on-february-2,1770045300,2026-02-02,0.949,0.9960474827703567,0.9996326778110871,0.07361111111111111,1,0.04761207000000004,0.047418370124950406
SOL,solana-above-80-on-february-5,1770306300,2026-02-05,0.984,0.9950595347515659,0.9991656042239805,0.05277777777777778,1,0.014897920000000012,0.0152336550953877
ETH,ethereum-above-2000-on-february-7,1770480900,2026-02-07,0.97,0.9989400486468134,0.999897796333024,0.03194444444444444,1,0.027963000000000026,0.028085350955986316
ETH,ethereum-above-1900-on-february-9,1770643800,2026-02-09,0.968,0.9916625890365142,0.9992730804972896,0.14652777777777778,1,0.029831680000000027,0.027285342257515798
ETH,ethereum-above-1900-on-february-10,1770731100,2026-02-10,0.972,0.993334174777367,0.9995445461790317,0.1361111111111111,1,0.02609488000000002,0.026088069337164455
ETH,ethereum-above-1900-on-february-11,1770827400,2026-02-11,0.96,0.9906923812160447,0.997552563114543,0.021527777777777778,1,0.03731200000000003,0.049115635395822414
ETH,ethereum-above-1900-on-february-12,1770906600,2026-02-12,0.97,0.9903869740345163,0.9993187125989175,0.10486111111111111,1,0.027963000000000026,0.035062625328230526
XRP,xrp-above-1pt3-on-february-13,1770978600,2026-02-13,0.947,0.9920858011571859,0.9860746333028138,0.27152777777777776,1,0.049486630000000045,0.0014054402872270139
ETH,ethereum-above-1900-on-february-13,1770993900,2026-02-13,0.978,0.9953033051737822,0.9997595661725682,0.09444444444444444,1,0.02049388000000002,0.017907390866750878
BTC,bitcoin-above-68k-on-february-13,1770999300,2026-02-13,0.97,0.993532840385225,0.9986753792658509,0.03194444444444444,1,0.027963000000000026,0.030339678633932624
XRP,xrp-above-1pt4-on-february-13,1771000200,2026-02-13,0.97,0.9906426371647733,0.9885729275360888,0.021527777777777778,1,0.027963000000000026,0.04464487628244644
ETH,ethereum-above-2000-on-february-14,1771060500,2026-02-14,0.97,0.9948167483979224,0.9971138045020015,0.3236111111111111,1,0.027963000000000026,0.02756895999274298
BTC,bitcoin-above-68k-on-february-14,1771072200,2026-02-14,0.98,0.998839873466424,0.9999451379014285,0.18819444444444447,1,0.018628000000000016,0.018860814193307908
ETH,ethereum-above-1900-on-february-16,1771245900,2026-02-16,0.984,0.9933220963505147,0.9991289434319378,0.17777777777777776,1,0.014897920000000012,0.017069709267258263
SOL,solana-above-80-on-february-16,1771253100,2026-02-16,0.987,0.9912862864257552,0.9991058518270604,0.09444444444444444,1,0.012101830000000011,0.01245549725778698
ETH,ethereum-above-1900-on-february-17,1771338600,2026-02-17,0.9,0.992430836643871,0.9995537858797346,0.10486111111111111,1,0.09369999999999998,0.09423294914730519
ETH,ethereum-above-1900-on-february-18,1771426800,2026-02-18,0.979,0.9943466203636678,0.999555594161341,0.08402777777777778,1,0.01956087000000002,0.01982459249168456
BTC,bitcoin-above-64k-on-february-19,1771495200,2026-02-19,0.97,0.9902503627174807,0.995504644163284,0.2923611111111111,1,0.027963000000000026,0.03384564283277197
BTC,bitcoin-above-66k-on-february-20,1771601400,2026-02-20,0.958,0.9900034455903988,0.9983822438546947,0.06319444444444444,1,0.039183480000000034,0.03639945609130174
ETH,ethereum-above-1700-on-february-24,1771940700,2026-02-24,0.986,0.9900878595041777,0.9991067115078046,0.1361111111111111,1,0.01303372000000001,0.009992700965833011
BTC,bitcoin-above-66k-on-february-25,1772034300,2026-02-25,0.988,0.9978365253152754,0.9997899743030686,0.05277777777777778,1,0.01117008000000001,0.009836268502863541
ETH,ethereum-above-2000-on-february-25,1772037000,2026-02-25,0.986,0.9916275350607023,0.9978839812640157,0.021527777777777778,1,0.01303372000000001,0.0029619356874203574
ETH,ethereum-above-2000-on-february-26,1772123400,2026-02-26,0.67,0.9908190602857115,0.9975971770056383,0.021527777777777778,0,-0.685477,-0.6574842724443593
SOL,solana-above-80-on-february-27,1772190000,2026-02-27,0.973,0.9952051186163501,0.9983270752909109,0.25069444444444444,1,0.02516103000000002,0.0357393127891799
ETH,ethereum-above-1900-on-february-27,1772208000,2026-02-27,0.962,0.9921002217694292,0.9983978233363124,0.04236111111111111,1,0.03544108000000003,0.0412505254977247
ETH,ethereum-above-1700-on-february-28,1772278200,2026-02-28,0.967,0.9942927280100515,0.998585700201019,0.2298611111111111,1,0.030766230000000026,0.02890135984580896
BTC,bitcoin-above-62k-on-february-28,1772288100,2026-02-28,0.983,0.9967895545863912,0.9999267913115711,0.11527777777777777,1,0.015830230000000015,0.0157265578642243
BTC,bitcoin-above-64k-on-march-3,1772541000,2026-03-03,0.966,0.9909650166853471,0.9986755039207973,0.18819444444444447,1,0.03170092000000003,0.029946375525493212
ETH,ethereum-above-2000-on-march-4,1772637300,2026-03-04,0.989,0.9937785919072247,0.9993383561802063,0.07361111111111111,1,0.01023847000000001,0.006059956821073961
XRP,xrp-above-1pt4-on-march-4,1772638200,2026-03-04,0.98,0.9979001682946853,0.9982738678952793,0.06319444444444444,1,0.018628000000000016,0.017909713460718638
ETH,ethereum-above-2000-on-march-5,1772718300,2026-03-05,0.961,0.9901351047764184,0.9991104826049179,0.1361111111111111,1,0.03637647000000003,0.039383514158479266
BTC,bitcoin-above-66k-on-march-7,1772887500,2026-03-07,0.968,0.9947841412416369,0.9995170140929093,0.17777777777777776,1,0.029831680000000027,0.03026264654590432
ETH,ethereum-above-1900-on-march-7,1772891100,2026-03-07,0.965,0.9972673108353712,0.9999001547352974,0.1361111111111111,1,0.032635750000000026,0.03269947600598309
ETH,ethereum-above-2000-on-march-13,1773392400,2026-03-13,0.974,0.9908426323174271,0.9931489349248271,0.2923611111111111,1,0.02422732000000002,0.010854957286790054
ETH,ethereum-above-2100-on-march-13,1773409500,2026-03-13,0.977,0.9935320464688535,0.9997195660045085,0.09444444444444444,1,0.02142703000000002,0.023816198304644903
ETH,ethereum-above-2000-on-march-14,1773486000,2026-03-14,0.976,0.9938917171628031,0.997884206834007,0.20902777777777776,1,0.02236032000000002,0.020047060582444175
BTC,bitcoin-above-70k-on-march-16,1773651600,2026-03-16,0.978,0.9929537777362077,0.9954266436859104,0.2923611111111111,1,0.02049388000000002,0.019155054447371523
XRP,xrp-above-1pt4-on-march-20,1773994500,2026-03-20,0.95,0.9925941226696147,0.9795083779547004,0.3236111111111111,1,0.04667500000000004,0.086180374218712
ETH,ethereum-above-2000-on-march-23,1774264500,2026-03-23,0.974,0.9983415000544267,0.9996492574457854,0.1986111111111111,1,0.02422732000000002,0.025193554719857993
ETH,ethereum-above-2100-on-march-25,1774443600,2026-03-25,0.974,0.9907531125363912,0.998963711874566,0.12569444444444444,1,0.02422732000000002,0.02708211683651964
ETH,ethereum-above-1900-on-march-27,1774608300,2026-03-27,0.953,0.9912632836992207,0.9963162372006699,0.21944444444444444,1,0.043864630000000036,0.049774953739845404
XRP,xrp-above-1pt3-on-april-6,1775463300,2026-04-06,0.97,0.9938679192667866,0.9821867152951851,0.3236111111111111,1,0.027963000000000026,0.019199278495911114
ETH,ethereum-above-2100-on-april-10,1775810700,2026-04-10,0.969,0.9903713803808831,0.992346772102226,0.30277777777777776,1,0.028897270000000027,0.007010092598049175
XRP,xrp-above-1pt3-on-april-10,1775813400,2026-04-10,0.97,0.9951492249457878,0.9872835934331753,0.27152777777777776,1,0.027963000000000026,0.013539910176119708
BTC,bitcoin-above-72k-on-april-10,1775835000,2026-04-10,0.99,0.9964868715384007,0.9998577820666287,0.021527777777777778,1,0.009307000000000008,0.01008847617267009
XRP,xrp-above-1pt4-on-april-16,1776347100,2026-04-16,0.65,0.992353219619765,0.996126220414559,0.09444444444444444,1,0.33407499999999996,0.33427157354540454
BTC,bitcoin-above-74k-on-april-16,1776354300,2026-04-16,0.94,0.9948719441261429,0.999538052678416,0.01111111111111111,1,0.056052000000000046,0.05402131900495026
XRP,xrp-above-1pt4-on-april-17,1776416400,2026-04-17,0.98,0.9940129737801158,0.9838518797410132,0.2923611111111111,1,0.018628000000000016,-0.05341598027819679
BTC,bitcoin-above-74k-on-april-17,1776418200,2026-04-17,0.935,0.99375287563925,0.9965055529331244,0.27152777777777776,1,0.06074574999999995,0.04329105749074234
XRP,xrp-above-1pt4-on-april-20,1776699000,2026-04-20,0.967,0.9999999880974829,0.9999999990220594,0.021527777777777778,1,0.030766230000000026,0.03076623299748471
BTC,bitcoin-above-76k-on-may-1,1777635900,2026-05-01,0.967,0.9900119922159016,0.9976190879813546,0.17777777777777776,1,0.030766230000000026,0.014376249848637716
BTC,bitcoin-above-78k-on-may-8,1778229900,2026-05-08,0.971,0.9904137513156678,0.9931577968848616,0.30277777777777776,1,0.027028870000000024,0.020006746698098564
ETH,ethereum-above-2200-on-may-15,1778848200,2026-05-15,0.976,0.9906687801545554,0.9984387362768053,0.14652777777777778,1,0.02236032000000002,0.031770562892042595
