othr,fside,sample,n_sig,fill_rate,ev_raw,ev_h_fill,t_fill,n,n_events,ev_mean,ev_ev,se,t,hit
0.02,both,train,2718,0.5136129506990434,0.004335669041963567,-0.008439525639906997,-0.8649943071686997,1396,421,0.02611373807873865,0.027171160929923898,0.009763343636763172,2.7829770149247675,0.5487106017191977
0.02,no,train,1269,0.5153664302600472,0.04964288826641767,-0.022146098555985056,-1.6777553108192813,654,306,0.010699408847704792,0.009992040252866069,0.013505869798477869,0.739829452079583,0.4785932721712538
0.02,yes,train,1449,0.5120772946859904,-0.009062922982697919,-0.007347410769850523,-0.5848802723797201,742,311,0.03969995279180623,0.027830674376243685,0.01248072899284611,2.229891730859318,0.610512129380054
0.03,both,train,1338,0.5881913303437967,-0.012653829528100673,-0.012610644719272859,-1.002299147287782,787,343,0.04451117110363018,0.02676799944539345,0.012674941602493977,2.111883453579499,0.5222363405336722
0.03,no,train,585,0.5982905982905983,0.052848012232415885,-0.007709520451363346,-0.45255456648423953,350,218,0.035247134104675094,0.03072509782736769,0.017555549144620305,1.7501644394178943,0.4514285714285714
0.03,yes,train,753,0.5803452855245684,-0.03928288416075651,-0.018993025781002995,-1.134151995284844,437,235,0.05193088037052785,0.019809326272679208,0.016555456717975314,1.1965436297007113,0.5789473684210527
0.05,both,train,380,0.6684210526315789,0.011828966131907294,0.026772901732435465,1.2755076154080005,254,187,0.0796828013413127,0.07396361196988815,0.020934895940678724,3.533029835900402,0.468503937007874
0.05,no,train,155,0.7096774193548387,0.06805154639175255,0.03230212725024473,1.0269713668730993,110,97,0.07272923451691654,0.07750112420347822,0.03205745461757058,2.4175694897810174,0.41818181818181815
0.05,yes,train,225,0.64,-0.023238673139158585,0.020884696152419197,0.7663359589979506,144,103,0.08499455377661529,0.069064131739978,0.026176375922611194,2.6384145744300795,0.5069444444444444
