asset,event,slug,ts,fside,overshoot,z,label,ev_raw,ev_hedged,ev_h_fill,wait_min
BTC,2025-11-09,bitcoin-above-104k-on-november-9,1762700400,yes,-0.06571803902768586,-2.390102218277739,0,-0.09,-0.2879116818156089,-0.2705370245938969,0.9309166669845581
BTC,2026-02-16,bitcoin-above-62k-on-february-16,1770822000,yes,-0.0687671111539081,-3.998648844433441,1,0.16000000000000003,0.09119296832541683,0.05374380131801727,8.865983335177104
BTC,2026-02-26,bitcoin-above-62k-on-february-26,1771810200,yes,-0.06954074173318636,-5.785413642775782,1,0.22999999999999998,0.10096826738353606,0.10097958263764242,0.5258500019709269
BTC,2026-02-28,bitcoin-above-62k-on-february-28,1772262000,yes,-0.09604797454965064,-4.790139592677702,1,0.255,-0.11652337524269202,-0.09940198557313923,0.1790500005086263
BTC,2026-03-01,bitcoin-above-62k-on-march-1,1772261100,yes,-0.0648250132820466,-5.069880283068525,1,0.17999999999999994,-0.06457011735220847,-0.08598164730002222,0.14565000136693318
BTC,2026-03-03,bitcoin-above-62k-on-march-3,1772261100,yes,-0.06447399681533283,-5.069880283068525,1,0.30000000000000004,-0.10441052849851934,-0.1568494315415464,5.296566665172577
BTC,2026-04-01,bitcoin-above-64k-on-april-1,1774824300,yes,-0.05800104705259446,-2.4936973347782407,1,0.33999999999999997,0.008934294036452406,-0.03737338212753272,0.3693833351135254
BTC,2026-04-02,bitcoin-above-64k-on-april-2,1774824300,yes,-0.057068244663074696,-2.4936973347782407,1,0.36,0.2543130031112435,0.21354846464916896,0.35949999888738
BTC,2026-02-11,bitcoin-above-64k-on-february-11,1770304500,yes,-0.06154579733541965,-8.26247248577658,1,0.266,0.36325288918324433,0.38059298019817034,1.899483335018158
BTC,2026-02-11,bitcoin-above-64k-on-february-11,1770467400,no,0.07962879225310615,3.6180101733945342,1,-0.10999999999999999,-0.2567001735910367,-0.27449142583332137,1.8697333335876465
BTC,2026-02-12,bitcoin-above-64k-on-february-12,1770652800,no,0.056264504461525644,1.7424683869125486,1,-0.08999999999999997,-0.25737840352589614,-0.244498908892944,19.502183334032694
BTC,2026-02-15,bitcoin-above-64k-on-february-15,1770822000,yes,-0.05418332303869111,-3.998648844433441,1,0.27,0.07910338291133387,0.02697488052373384,9.722233335177103
BTC,2026-02-23,bitcoin-above-64k-on-february-23,1771810200,yes,-0.06471534624160558,-5.785413642775782,1,0.33199999999999996,0.26879556428676576,0.2688217915809032,0.34796666701634726
BTC,2026-02-24,bitcoin-above-64k-on-february-24,1771810200,yes,-0.05207749006765516,-5.785413642775782,1,0.38,0.4834615431313295,0.4898477113786016,3.3154500007629393
BTC,2026-02-25,bitcoin-above-64k-on-february-25,1771810200,yes,-0.055017612873033195,-5.785413642775782,1,0.4,0.0413860926963901,0.0023783624351412236,16.848799999554952
BTC,2026-02-28,bitcoin-above-64k-on-february-28,1772260200,yes,-0.0829075543355613,-3.612850846012881,1,0.29200000000000004,0.09197620226435838,0.09579211504072771,0.14024999936421711
BTC,2026-03-01,bitcoin-above-64k-on-march-1,1772260200,yes,-0.05108484702070171,-3.612850846012881,1,0.36,-0.02498387516048073,-0.022548448102613916,0.5114166657129924
BTC,2026-04-01,bitcoin-above-66k-on-april-1,1774824300,yes,-0.06373984653612252,-2.4936973347782407,1,0.59,0.18517029911346816,0.1285449152318751,0.2761666655540466
BTC,2026-02-11,bitcoin-above-66k-on-february-11,1770822000,yes,-0.08055775685543387,-3.998648844433441,1,0.30999999999999994,0.5140345449542917,0.4513877710159421,4.630783331394196
BTC,2026-02-12,bitcoin-above-66k-on-february-12,1770737400,no,0.06124965429458473,2.100248230144648,0,0.88,0.6204272099836683,0.6100874381928569,8.987999999523163
BTC,2026-02-14,bitcoin-above-66k-on-february-14,1770822000,yes,-0.0661138474904972,-3.998648844433441,1,0.45999999999999996,0.1284436223239847,0.08047242273367333,20.483399999141692
BTC,2026-02-18,bitcoin-above-66k-on-february-18,1771339500,yes,-0.06955925980630073,-3.041351489681529,1,0.32999999999999996,0.32884113335800436,0.289742188259939,1.9669166684150696
BTC,2026-02-22,bitcoin-above-66k-on-february-22,1771566300,no,0.050268455852213956,2.0781970505034315,1,-0.18000000000000005,-0.2118242142394457,-0.21929021136630303,0.12556666533152264
BTC,2026-02-28,bitcoin-above-66k-on-february-28,1772288100,no,0.051414829955339234,2.684271195846959,0,0.07899999999999996,0.10186949501600079,0.09615763927535838,1.1082833329836528
BTC,2026-03-27,bitcoin-above-66k-on-march-27,1774609200,yes,-0.050006622205386986,-4.714287236419551,1,0.355,0.5306182899789746,0.4906007129115118,0.5165000001589457
BTC,2026-04-02,bitcoin-above-68k-on-april-2,1775092500,yes,-0.05691784034747327,-1.5139850117682583,0,-0.49,-0.16634691199407176,-0.2754702301263169,2.238016664981842
BTC,2026-02-10,bitcoin-above-68k-on-february-10,1770694200,yes,-0.05125052913406236,-1.509234410274563,1,0.21999999999999997,0.23726117209322248,0.20041261162090113,0.7015666683514913
BTC,2026-02-15,bitcoin-above-68k-on-february-15,1771163100,yes,-0.0887059392581977,-1.6969039196827964,1,0.19999999999999996,0.17520527491635798,0.17430145393832364,0.14713333447774252
BTC,2026-02-08,bitcoin-above-68k-on-february-8,1770223500,yes,-0.0664299447925577,-2.687471488776547,1,0.15000000000000002,0.2708883489161756,0.2566215182208594,39.83261666695277
BTC,2026-02-08,bitcoin-above-68k-on-february-8,1770448500,yes,-0.05499506061805726,-5.680279806466891,1,0.5229999999999999,0.11225946678864107,0.06550635432646745,1.271666665871938
BTC,2026-02-09,bitcoin-above-68k-on-february-9,1770223500,yes,-0.05349301702188314,-2.687471488776547,1,0.16300000000000003,0.2956492234586211,0.28329774909412114,25.92640000184377
BTC,2026-03-22,bitcoin-above-68k-on-march-22,1774137600,yes,-0.06433172408477539,-4.359606862871973,1,0.28200000000000003,0.3005631970064216,0.27050358771401145,0.21474999984105428
BTC,2026-03-31,bitcoin-above-68k-on-march-31,1774965600,no,0.06996335105955145,1.953824864045395,0,0.21999999999999997,0.07723103761481684,0.02250934630952217,0.9549999992052715
BTC,2026-03-06,bitcoin-above-68k-on-march-6,1772805600,yes,-0.08485176915437542,-2.6397928545691607,1,0.23399999999999999,0.3598165858723578,0.31027903910008964,0.6781333327293396
BTC,2026-04-12,bitcoin-above-70k-on-april-12,1775747700,no,0.053625966173488915,1.839401883896447,1,-0.24,-0.30646794534665533,-0.3322316695636935,0.29831666549046837
BTC,2026-04-14,bitcoin-above-70k-on-april-14,1775750400,no,0.0549005181478569,3.2138524724107045,1,-0.21999999999999997,0.08790569066454473,0.06939212325456634,118.23751666545868
BTC,2026-02-10,bitcoin-above-70k-on-february-10,1770737400,no,0.051757409026703144,2.100248230144648,0,0.18999999999999995,0.24726405407083216,0.20694531972706495,0.4637333313624064
BTC,2026-02-13,bitcoin-above-70k-on-february-13,1770995700,no,0.06072854586296039,2.995524282357879,0,0.07799999999999996,0.08055559098290299,0.08089859593820614,1.5561833341916402
BTC,2026-02-08,bitcoin-above-70k-on-february-8,1770244200,no,0.05035963081846606,2.3955655710622867,1,-0.20199999999999996,-0.3904743891761748,-0.3870538952504998,80.18246666590373
BTC,2026-02-08,bitcoin-above-70k-on-february-8,1770399000,no,0.06760971043894548,2.6073880190108194,1,-0.34299999999999997,-0.3831698394530002,-0.4265655400162336,3.024133332570394
BTC,2026-02-09,bitcoin-above-70k-on-february-9,1770256800,yes,-0.05376674271880111,-1.8377854570615766,1,0.30200000000000005,0.4528693337537443,0.443799781777215,2.7357333342234296
BTC,2026-03-11,bitcoin-above-70k-on-march-11,1773242100,yes,-0.05385085120517963,-2.1866660740213395,1,0.42999999999999994,0.3177580608537225,0.24139548346592585,0.7737499992052714
BTC,2026-03-19,bitcoin-above-70k-on-march-19,1773928800,no,0.06254468265834001,1.9994323002795151,0,0.5599999999999999,0.2790545557320228,0.27457214611031044,1.0021499991416931
BTC,2026-03-26,bitcoin-above-70k-on-march-26,1774267200,yes,-0.051302809165366,-1.9844267899110242,0,-0.51,-0.39413271394372457,-0.426044741170607,5.7202333331108095
BTC,2026-04-10,bitcoin-above-72k-on-april-10,1775750400,no,0.05206030555986957,3.2138524724107045,1,-0.43000000000000005,-0.341969646241585,-0.3710533348029249,1.6584999998410543
BTC,2026-04-11,bitcoin-above-72k-on-april-11,1775750400,no,0.06707237526837917,3.2138524724107045,1,-0.42100000000000004,-0.2797724037421966,-0.30194325355145873,87.48693333466848
BTC,2026-04-12,bitcoin-above-72k-on-april-12,1775747700,no,0.056370824772682404,1.839401883896447,0,0.42999999999999994,0.35303399059343876,0.29772878228712807,17.848300000031788
BTC,2026-04-13,bitcoin-above-72k-on-april-13,1776094200,yes,-0.11020091565035067,-1.8616447672272152,0,-0.18000000000000002,-0.09298949816063726,-0.4154698173651059,0.9885999997456868
BTC,2026-04-14,bitcoin-above-72k-on-april-14,1775750400,no,0.07052177868953002,3.2138524724107045,1,-0.44000000000000006,-0.05210965190410921,-0.07358998330096328,2.2191666682561237
BTC,2026-04-15,bitcoin-above-72k-on-april-15,1775750400,no,0.055795980093367004,3.2138524724107045,1,-0.44000000000000006,-0.2638924890975852,-0.2973765773082764,106.75394999980927
BTC,2026-04-02,bitcoin-above-72k-on-april-2,1774548900,yes,-0.266832673899674,-1.813385761942578,0,-0.2,-0.09514571265316424,-0.09472539804726098,46.88908333381017
BTC,2026-04-09,bitcoin-above-72k-on-april-9,1775747700,no,0.08118495242655015,1.839401883896447,1,-0.91,-0.8542002836270737,-0.8647299185938475,0.9191333333651225
BTC,2026-02-08,bitcoin-above-72k-on-february-8,1770212700,yes,-0.06695777859177965,-2.534884866873914,0,-0.78,-0.46692857898326673,-0.4856835074469043,24.692050000031788
BTC,2026-02-09,bitcoin-above-72k-on-february-9,1770213600,yes,-0.056478915786121076,-3.3443350138335273,0,-0.71,-0.41348546023515853,-0.461522786121203,61.87901666561763
BTC,2026-03-10,bitcoin-above-72k-on-march-10,1773154800,no,0.08798942534636882,5.22787875573621,0,0.19999999999999996,0.16666246548500785,0.1585283274896252,0.09576666752497355
BTC,2026-03-13,bitcoin-above-72k-on-march-13,1773360900,no,0.06113733716182068,1.5589431164181844,0,0.36,0.5330077783379683,0.4681918340384635,0.6573333342870077
BTC,2026-03-18,bitcoin-above-72k-on-march-18,1773834300,yes,-0.07711828341723248,-2.768212719520352,0,-0.79,-0.45286369783067726,-0.4686962489632068,1.7586333314577738
BTC,2026-03-23,bitcoin-above-72k-on-march-23,1774265400,no,0.17790649283126736,7.507702145333157,0,0.27,0.18325354254321863,0.14761839695710913,0.4034333348274231
BTC,2026-04-10,bitcoin-above-74k-on-april-10,1775831400,no,0.05358855571789709,2.5856780639296613,0,0.07299999999999995,0.059712485492816894,0.057156372273156966,0.554449999332428
BTC,2026-04-14,bitcoin-above-74k-on-april-14,1775750400,no,0.052117741770484255,3.2138524724107045,1,-0.69,-0.35502896229380615,-0.39021952558791756,67.85115000009537
BTC,2026-04-02,bitcoin-above-74k-on-april-2,1774548900,yes,-0.3753616222717059,-1.813385761942578,0,-0.09999999999999999,-0.02960135900215713,-0.03231722143952678,73.66736666758855
BTC,2026-04-30,bitcoin-above-74k-on-april-30,1777489200,no,0.05355384489565651,1.6511784535029226,1,-0.16700000000000004,-0.020585917330023934,-0.018890178714653455,3.390133333206177
BTC,2026-04-08,bitcoin-above-74k-on-april-8,1775654100,no,0.05945696965700887,2.7430923830145444,0,0.08899999999999997,0.02107865906792218,0.014598556274514202,2.6355000019073485
BTC,2026-04-19,bitcoin-above-76k-on-april-19,1776434400,no,0.05068343653939278,2.9713067279585608,0,0.76,0.5141175543691934,0.45579426452498817,27.04205000003179
BTC,2026-04-02,bitcoin-above-76k-on-april-2,1774548900,yes,-0.43843120035713956,-1.813385761942578,0,-0.04,0.0020333143908850063,0.006901431571849151,85.71140000025432
BTC,2026-04-23,bitcoin-above-76k-on-april-23,1776672000,yes,-0.054091317784691284,-1.5641773956442255,1,0.6599999999999999,0.2591334194047109,0.24262699830120343,7.563200000921885
BTC,2026-04-29,bitcoin-above-76k-on-april-29,1777428000,no,0.06370289160117248,1.5082656603919233,0,0.73,0.5184879745780142,0.5057277210036133,73.9824833313624
BTC,2026-04-19,bitcoin-above-78k-on-april-19,1776434400,no,0.050905502707017325,2.9713067279585608,0,0.38,0.09724229375590204,0.03890151881445986,23.958499999841056
BTC,2026-04-27,bitcoin-above-78k-on-april-27,1777266900,yes,-0.06507900003215639,-2.862808554972628,0,-0.58,0.009834915405676603,-0.06890602160732029,0.8544833342234294
BTC,2026-05-01,bitcoin-above-78k-on-may-1,1777606200,no,0.051534326723236434,2.7537445787964048,1,-0.76,-0.3737032237262622,-0.3832916766555403,3.8491999983787535
BTC,2026-05-15,bitcoin-above-78k-on-may-15,1778853600,yes,-0.08553821628227953,-6.135024237830008,1,0.16900000000000004,0.06294220017941712,0.052383774750845005,0.3183333317438761
BTC,2026-05-05,bitcoin-above-78k-on-may-5,1777644900,no,0.06536499599216516,1.8860245292968276,1,-0.4,0.04167345744596185,0.06529166081977578,105.19630000193914
BTC,2026-02-05,bitcoin-above-80k-on-february-5,1769960700,yes,-0.05698110815547497,-1.7063766840048789,0,-0.28,0.3623440984573748,0.3836600719064437,38.89906666676203
BTC,2026-01-30,bitcoin-above-80k-on-january-30,1769737500,yes,-0.11158467342836031,-8.550333661452502,1,0.252,0.13848249982712865,0.12718890604803712,0.8975666681925456
BTC,2026-05-10,bitcoin-above-80k-on-may-10,1778253300,yes,-0.05531604186159389,-1.5023238175676168,1,0.55,0.14272643831927778,0.0902986156590938,9.887183332443238
BTC,2026-05-14,bitcoin-above-80k-on-may-14,1778737500,no,0.057757631718919955,1.535057043919481,1,-0.5700000000000001,0.06745345522257173,0.03156083032318502,0.8869666655858358
BTC,2026-05-09,bitcoin-above-80k-on-may-9,1778256000,no,0.06114169350035081,1.9823109793527591,1,-0.43000000000000005,-0.28606826742392355,-0.306138522919254,91.06331666707993
BTC,2026-02-01,bitcoin-above-82k-on-february-1,1769799600,no,0.05694068967450849,5.521756711294889,0,0.898,0.10328322302231185,0.10385365093663612,0.1811999996503194
BTC,2026-01-31,bitcoin-above-82k-on-january-31,1769797800,yes,-0.06886083786258246,-1.7499676793579817,0,-0.648,-0.11295546555867597,-0.1316928154004916,1.1419166684150697
BTC,2026-01-29,bitcoin-above-84k-on-january-29,1769701500,yes,-0.07283399292265025,-2.9265105886719502,1,0.22999999999999998,-0.06249697615659344,-0.03651937252781162,0.4153333346048991
BTC,2025-11-23,bitcoin-above-84k-on-november-23,1763711100,yes,-0.07250776093234834,-3.529680634143401,1,0.489,0.28706739849296914,0.25536851698811286,13.400216666857402
BTC,2025-11-25,bitcoin-above-84k-on-november-25,1763567100,yes,-0.05074007251199819,-4.007042898216884,1,0.12,0.24648174923073093,0.21156918224342175,40.025883332888284
BTC,2025-12-15,bitcoin-above-86k-on-december-15,1765811700,yes,-0.07122511661027886,-5.703573073239506,1,0.08999999999999997,0.1304865218779619,0.1240260867773157,0.4684333324432373
BTC,2025-12-17,bitcoin-above-86k-on-december-17,1765987200,yes,-0.058324666703104766,-8.190344818213399,1,0.07899999999999996,0.08914598115404945,0.08761349980430953,0.3987333337465922
BTC,2025-12-26,bitcoin-above-86k-on-december-26,1766761200,yes,-0.07082166751151919,-5.2183934452919685,1,0.08999999999999997,0.11292225554300045,0.09517889608592775,1.136566666762034
BTC,2025-12-04,bitcoin-above-86k-on-december-4,1764687600,no,0.052058117879495325,1.7371375601095198,1,-0.10999999999999999,0.12600289111213114,0.02659719639983746,12.30458333492279
BTC,2026-02-01,bitcoin-above-86k-on-february-1,1769698800,yes,-0.05229782684704287,-3.3686207385329388,0,-0.65,0.6874453712198202,0.6639659019378116,0.4825000007947286
BTC,2026-01-29,bitcoin-above-86k-on-january-29,1769698800,yes,-0.08115926139587548,-3.3686207385329388,0,-0.867,-0.6629875472975693,-0.6862703360496619,0.4653833349545797
BTC,2026-01-31,bitcoin-above-86k-on-january-31,1769698800,yes,-0.05396933268072868,-3.3686207385329388,0,-0.66,0.3448470247853589,0.2659045249962454,3.6721499999364218
BTC,2025-12-17,bitcoin-above-88k-on-december-17,1765986300,yes,-0.18155340949553256,-4.558393812007509,0,-0.685,-0.13512504507713996,-0.19794063129712985,0.5594499985376994
BTC,2025-12-21,bitcoin-above-88k-on-december-21,1766325600,yes,-0.09437825105399611,-1.6619507514941827,1,0.69,0.3925516153396941,0.4011254629278593,0.04086666504542033
BTC,2025-12-27,bitcoin-above-88k-on-december-27,1766715300,no,0.061872423550027256,2.6725608609314486,0,0.62,0.4835508878706922,0.41500060651948056,1.7077666680018107
BTC,2025-12-29,bitcoin-above-88k-on-december-29,1766973600,no,0.10314349743905016,1.5812762230586836,0,0.71,0.48437236339728335,0.3998171259965601,0.25668333371480306
BTC,2025-12-30,bitcoin-above-88k-on-december-30,1767001500,yes,-0.07495673529738645,-4.408336215004187,1,0.5,0.38240899069952666,0.33183498967271424,0.9977833350499471
BTC,2026-02-01,bitcoin-above-88k-on-february-1,1769698800,yes,-0.06225859154221819,-3.3686207385329388,0,-0.32,1.0572419365815984,1.0330638202714209,0.43928333520889284
BTC,2026-01-23,bitcoin-above-88k-on-january-23,1769179500,yes,-0.0930362422477824,-1.958916207871961,1,0.14,-0.016514132022020594,-0.049095200125600674,1.1390333334604898
BTC,2026-01-31,bitcoin-above-88k-on-january-31,1769698800,yes,-0.0606425047898812,-3.3686207385329388,0,-0.3,0.7416984345090052,0.6598608249841995,3.667300001780192
BTC,2025-11-22,bitcoin-above-88k-on-november-22,1763567100,yes,-0.05058576013519722,-4.007042898216884,0,-0.74,-0.29529440054306894,-0.32600518456844657,5.288416667779287
BTC,2025-11-26,bitcoin-above-88k-on-november-26,1764173700,no,0.1579979698032934,1.9230409305925673,0,0.29000000000000004,0.4550380597357192,0.34331424997356746,0.5784500002861023
BTC,2025-12-11,bitcoin-above-90k-on-december-11,1765471500,no,0.2100793503493218,1.6604978127481629,0,0.6799999999999999,0.3203926746186619,-0.05080610407093222,1.2846666653951009
BTC,2025-12-02,bitcoin-above-90k-on-december-2,1764687600,no,0.07330099340535956,1.7371375601095198,1,-0.7210000000000001,-0.17559473144956894,-0.21899173071438205,0.8446333328882853
BTC,2025-12-26,bitcoin-above-90k-on-december-26,1766715300,no,0.057914928528576576,2.6725608609314486,0,0.14800000000000002,-0.009069536418957025,-0.04315814012007446,0.27015000184377036
BTC,2025-12-28,bitcoin-above-90k-on-december-28,1766716200,no,0.05078495176436376,5.2533487433016495,0,0.39,0.20724151656126258,0.17472924569240073,0.9487333337465922
BTC,2025-12-05,bitcoin-above-90k-on-december-5,1764927900,yes,-0.05142165289419798,-2.3362429931391464,0,-0.76,-0.2430296455170199,-0.24726287139877523,3.2393666664759317
BTC,2025-12-08,bitcoin-above-90k-on-december-8,1765128600,no,0.05275136259662283,2.4674069757118486,0,0.69,0.5639579159212593,0.48109038509912505,5.514649999141693
BTC,2026-01-02,bitcoin-above-90k-on-january-2,1767366000,no,0.11872755732526749,2.5218312821575126,1,-0.5800000000000001,-0.10560643164459649,-0.18451838599497478,1.3743833343187968
BTC,2026-01-20,bitcoin-above-90k-on-january-20,1768927500,yes,-0.08089081470724047,-2.617902535343551,1,0.371,0.33939214417021263,0.28956987226218933,1.0224499980608621
BTC,2026-01-21,bitcoin-above-90k-on-january-21,1769005800,no,0.07809920269153264,3.798409244556176,0,0.41999999999999993,-0.42056296550220607,-0.5475223382827731,0.8633166670799255
BTC,2026-01-22,bitcoin-above-90k-on-january-22,1768780800,yes,-0.0577591260396314,-3.758643631861006,0,-0.83,-0.526534651442754,-0.5457196497520711,0.9214999993642171
BTC,2026-01-24,bitcoin-above-90k-on-january-24,1769195700,yes,-0.0948021373826079,-1.7750833013536187,0,-0.58,-0.13085423408048763,-0.21334839650709042,1.000166666507721
BTC,2026-01-28,bitcoin-above-90k-on-january-28,1769615100,no,0.05050948096459788,1.60215165209398,0,0.24,0.30013210505013405,0.2535304596952658,0.5677666664123535
BTC,2026-01-03,bitcoin-above-90k-on-january-3,1767367800,yes,-0.057051270133444576,-1.6667794950281472,1,0.71,0.5122591360312952,0.5581995183613273,36.90300000111262
BTC,2026-01-05,bitcoin-above-90k-on-january-5,1767374100,no,0.05019983447896559,1.7668932574568441,1,-0.36,0.04887872457096526,0.01671286549756107,3.612816667556763
BTC,2025-12-12,bitcoin-above-92k-on-december-12,1765492200,yes,-0.06498157321553355,-1.5066662847682928,0,-0.55,-0.07880835669496672,-0.09052470313898175,0.26794999837875366
BTC,2025-12-13,bitcoin-above-92k-on-december-13,1765492200,yes,-0.053845937050317816,-1.5066662847682928,0,-0.54,-0.19215549435549684,-0.2108069455633943,17.86086666584015
BTC,2025-12-17,bitcoin-above-92k-on-december-17,1765983600,no,0.051831344905735974,6.237202529129718,0,0.05800000000000005,0.05479637421203352,0.05476386183229477,0.3423166672388713
BTC,2025-12-02,bitcoin-above-92k-on-december-2,1764688500,no,0.08360720059069796,5.265745028258183,0,0.124,0.14772908091861936,0.1504554382912014,0.17609999974568685
BTC,2025-12-03,bitcoin-above-92k-on-december-3,1764772200,yes,-0.10460080797442828,-1.6337012342468906,1,0.399,0.4840669425202796,0.4070932355531227,1.0994666655858358
BTC,2026-01-19,bitcoin-above-92k-on-january-19,1768780800,yes,-0.05162058965526162,-3.758643631861006,1,0.16900000000000004,0.2233036379420077,0.09623362548363741,1.2492999990781148
BTC,2026-01-20,bitcoin-above-92k-on-january-20,1768781700,yes,-0.09557222010451971,-8.100902347006514,0,-0.55,-0.22700203310866984,-0.22797275310219972,1.5056166648864746
BTC,2026-01-24,bitcoin-above-92k-on-january-24,1769190300,no,0.07955132221679348,2.438824359716247,0,0.21399999999999997,-0.1067214231172759,-0.14995784491466907,0.9050999999046325
BTC,2026-01-04,bitcoin-above-92k-on-january-4,1767486600,no,0.061813305105505284,1.7423452759688784,0,0.2749999999999999,0.3212357450312924,0.28979080151580167,3.90006666580836
BTC,2026-01-09,bitcoin-above-92k-on-january-9,1767973500,no,0.11685724566114036,3.702436199728318,0,0.15000000000000002,0.20367390843446181,0.17930045269221037,0.7863333344459533
BTC,2025-12-11,bitcoin-above-94k-on-december-11,1765398600,no,0.05982936403384659,1.7886349236400814,0,0.47,-0.14016220488454445,-0.1668509304095167,4.695000000794729
BTC,2025-12-09,bitcoin-above-94k-on-december-9,1765296000,no,0.06257112107470711,4.552020261965453,1,-0.927,-0.9041188951631012,-0.9079238251876991,0.8149666666984559
BTC,2026-01-16,bitcoin-above-94k-on-january-16,1768578300,yes,-0.050148183436546145,-3.918986369666503,1,0.15000000000000002,0.037409506876921156,0.06440208523797215,0.1553166667620341
BTC,2026-01-19,bitcoin-above-94k-on-january-19,1768780800,yes,-0.19627458766877542,-3.758643631861006,0,-0.42,-0.33176124810757013,-0.40353409917989075,0.8742499987284342
BTC,2026-01-21,bitcoin-above-94k-on-january-21,1768781700,yes,-0.10144796395210087,-8.100902347006514,0,-0.31,0.19597123613977346,0.17691693870131164,94.46129999955495
BTC,2025-11-28,bitcoin-above-94k-on-november-28,1764340200,no,0.05648377111382857,1.602730686413287,0,0.138,-0.17679021183502125,-0.129438786745727,0.02316666841506958
BTC,2026-01-21,bitcoin-above-96k-on-january-21,1768780800,yes,-0.11322384201032817,-3.758643631861006,0,-0.21000000000000002,0.36333151511038225,0.2820206505891271,1.635450001557668
BTC,2026-01-22,bitcoin-above-96k-on-january-22,1768782600,yes,-0.1848663812761629,-4.086119859817086,0,-0.18000000000000002,0.0747311469833555,0.06425388342237195,75.52621666590373
ETH,2026-02-12,ethereum-above-1500-on-february-12,1770333300,no,0.0718076557136893,1.8988286048430163,1,-0.07000000000000006,-0.06685733633586949,-0.03908197866358376,23.55353333155314
ETH,2026-02-10,ethereum-above-1800-on-february-10,1770389100,no,0.08069321212271163,2.7477116430652275,1,-0.119,-0.06938831740133801,-0.10430749729996246,96.51536666552225
ETH,2026-02-24,ethereum-above-1800-on-february-24,1771895700,yes,-0.08152966816464724,-1.77296087679401,1,0.275,0.21956321851239652,0.1670448602540185,0.9812833348910014
ETH,2026-03-04,ethereum-above-1800-on-march-4,1772304300,no,0.06613316596501828,2.082230899684287,1,-0.17500000000000004,0.21282425174888736,0.1776142581025995,10.468033333619436
ETH,2026-02-10,ethereum-above-1900-on-february-10,1770225300,no,0.05040934446654799,1.7900726225794616,1,-0.119,-0.23573558681675233,-0.22517716057842602,75.87218333482743
ETH,2026-02-11,ethereum-above-1900-on-february-11,1770822000,yes,-0.07487855112139963,-3.1479204064871955,1,0.17500000000000004,0.2748397242753101,0.2144517750382692,7.274466665585836
ETH,2026-02-18,ethereum-above-1900-on-february-18,1771339500,yes,-0.07572391793949684,-2.4901617880695905,1,0.24,0.205942284654463,0.16618513620211867,53.965166668097176
ETH,2026-02-08,ethereum-above-1900-on-february-8,1770223500,yes,-0.06941351856652178,-2.0891827421091245,1,0.14600000000000002,0.18026392692070242,0.15158500156209737,88.06184999942779
ETH,2026-02-09,ethereum-above-1900-on-february-9,1770223500,yes,-0.07530639947736373,-2.0891827421091245,1,0.17000000000000004,0.19145893581607934,0.17625247964524865,53.775316667556766
ETH,2026-03-30,ethereum-above-1900-on-march-30,1774824300,yes,-0.0770984269848165,-2.547792409170268,1,0.22899999999999998,-0.1522753915761848,-0.20018156346146815,0.40608333349227904
ETH,2026-03-31,ethereum-above-1900-on-march-31,1774824300,yes,-0.06518095063586304,-2.547792409170268,1,0.29000000000000004,0.005406615830754968,-0.07663368660368136,4.497499998410543
ETH,2026-02-10,ethereum-above-2000-on-february-10,1770694200,yes,-0.06764998960069013,-2.411335787834256,1,0.18999999999999995,0.35182692538016636,0.31483632408234014,0.7315666675567627
ETH,2026-02-17,ethereum-above-2000-on-february-17,1771344900,no,0.08012110639711933,2.552220467487702,0,0.28400000000000003,0.12850218418519962,0.04331549559694681,3.383133331934611
ETH,2026-02-08,ethereum-above-2000-on-february-8,1770448500,yes,-0.06301386589487756,-4.074288605469183,1,0.45999999999999996,0.1565363287644887,0.06883212892390539,2.369099998474121
ETH,2026-03-01,ethereum-above-2000-on-march-1,1772330400,no,0.06555421680163737,5.022856956175315,0,0.653,0.4096095670507116,0.33373802769644056,1.007699998219808
ETH,2026-03-23,ethereum-above-2000-on-march-23,1774137600,yes,-0.06473786677877647,-5.43519842078668,1,0.22999999999999998,0.10016019744201116,0.010650947166284369,1.6256666660308838
ETH,2026-03-04,ethereum-above-2000-on-march-4,1772611200,no,0.07390047949029527,1.7300360813881204,1,-0.37,0.6596685686131915,0.5763034544882336,0.8058500011761983
ETH,2026-04-06,ethereum-above-2100-on-april-6,1775430900,no,0.06401157608274055,2.8098598060187534,1,-0.43000000000000005,0.03316977898626672,-0.07958153432874676,2.8251166661580402
ETH,2026-02-10,ethereum-above-2100-on-february-10,1770655500,no,0.07869864971166518,1.9917811203519726,0,0.49,0.24676503504649025,0.14919954251047957,3.3006166656812033
ETH,2026-02-11,ethereum-above-2100-on-february-11,1770655500,no,0.05595636484186789,1.9917811203519726,0,0.5,0.0005526344102523839,-0.04788765847861298,10.308249998092652
ETH,2026-02-26,ethereum-above-2100-on-february-26,1772056800,no,0.06757731584552384,2.65257212935674,0,0.568,-0.009995067157866466,-0.05483956766584708,4.001800000667572
ETH,2026-02-08,ethereum-above-2100-on-february-8,1770540300,no,0.07915226944151482,1.7916230630805459,0,0.61,0.47033120568016795,0.4626149235239035,1.2641666650772094
ETH,2026-03-11,ethereum-above-2100-on-march-11,1773236700,no,0.053738564951889535,2.4570904661622386,0,0.14700000000000002,0.08346420616933674,0.07897014604848225,0.14294999837875366
ETH,2026-03-19,ethereum-above-2100-on-march-19,1773935100,yes,-0.08413037188070793,-2.043428233538764,1,0.39,-0.07349944636275763,-0.14977714990758817,0.7389666676521301
ETH,2026-03-22,ethereum-above-2100-on-march-22,1774137600,yes,-0.09786931916316627,-5.43519842078668,0,-0.3,-0.2771252901803913,-0.5011456877780454,1.0624666651089987
ETH,2026-04-12,ethereum-above-2200-on-april-12,1775999700,yes,-0.06450862271615376,-1.5028531449727038,0,-0.36,-0.26032824302521257,-0.22791734679200906,0.38581666549046834
ETH,2026-04-13,ethereum-above-2200-on-april-13,1776094200,yes,-0.1623998191203898,-2.045256948668862,1,0.30000000000000004,0.36299649779309395,0.17926537345633092,6.438383332888285
ETH,2026-02-06,ethereum-above-2200-on-february-6,1770150600,no,0.061773248825603755,3.2141831428434298,0,0.675,0.22458304135441665,0.1364844710189279,22.378266668319704
ETH,2026-03-16,ethereum-above-2200-on-march-16,1773631800,no,0.22903832445742373,1.7295711226801032,1,-0.28,0.2185751740787773,0.014097005156961884,0.9825000007947285
ETH,2026-03-18,ethereum-above-2200-on-march-18,1773846000,yes,-0.14497064390842473,-2.1259883637244954,0,-0.184,-0.10208066322690516,-0.37177907492810225,1.8242833336194357
ETH,2026-03-19,ethereum-above-2200-on-march-19,1773846000,yes,-0.06370161794683366,-2.1259883637244954,0,-0.4,-0.10179499691820432,-0.12858528088631194,2.517383333047231
ETH,2026-04-16,ethereum-above-2300-on-april-16,1776348000,yes,-0.06464898006830777,-3.978682000329811,1,0.45999999999999996,-0.08544642434082761,-0.20026952630786354,2.096850001811981
ETH,2026-04-30,ethereum-above-2300-on-april-30,1777266900,yes,-0.05006038177645444,-2.7211950150258453,0,-0.67,-0.4014193424570502,-0.5079498930382254,48.21579999923706
ETH,2026-02-05,ethereum-above-2300-on-february-5,1769870700,yes,-0.06116250297000991,-7.530983530082247,0,-0.846,-0.2692916563800599,-0.26566693970168453,92.56080000003179
ETH,2026-02-05,ethereum-above-2300-on-february-5,1769960700,yes,-0.052906098300240956,-3.0686005876451876,0,-0.507,0.09616800466629583,0.09401681651963989,25.925266667207083
ETH,2026-03-16,ethereum-above-2300-on-march-16,1773631800,no,0.06705254628279439,1.7295711226801032,0,0.14,0.26016309775776236,0.2108812011072122,0.9716166655222574
ETH,2026-05-04,ethereum-above-2300-on-may-4,1777889700,yes,-0.0698842107092078,-4.928771867758405,1,0.239,0.04096397186743164,0.016896081588542916,0.39543333450953166
ETH,2026-04-14,ethereum-above-2400-on-april-14,1775603700,no,0.05624658994165939,5.163457314375382,0,0.21199999999999997,0.39425448950857456,0.3433509340805153,15.374166667461395
ETH,2026-04-22,ethereum-above-2400-on-april-22,1776835800,no,0.11953199676179313,2.3853480523367,1,-0.51,-0.36610550359046357,-0.4716362106638002,1.1321499983469645
ETH,2026-04-23,ethereum-above-2400-on-april-23,1776835800,no,0.05323828081926951,2.3853480523367,0,0.51,0.2682741491680021,0.21326349970122316,1.7515499989191692
ETH,2026-02-01,ethereum-above-2400-on-february-1,1769943600,yes,-0.0578501613936952,-4.057972769008183,0,-0.381,0.12548748726043735,0.17252766191201474,84.11908333301544
ETH,2026-02-02,ethereum-above-2400-on-february-2,1769869800,yes,-0.05390274087856084,-8.26675390756424,0,-0.825,-0.5170508816481121,-0.5489422535506832,1.7841333349545796
ETH,2026-01-31,ethereum-above-2500-on-january-31,1769869800,yes,-0.08600183354389901,-8.26675390756424,0,-0.775,-0.46579821167477814,-0.5977796361537708,1.2832499980926513
ETH,2026-02-01,ethereum-above-2600-on-february-1,1769796900,yes,-0.05771409089846524,-1.6942687682017288,0,-0.838,0.10092269651007901,0.05598508000116176,1.2254333337148031
ETH,2026-02-01,ethereum-above-2700-on-february-1,1769711400,yes,-0.050568398503776035,-1.824527517769134,0,-0.77,0.3011957731442454,0.2581301891776786,0.8793333331743877
ETH,2026-02-02,ethereum-above-2700-on-february-2,1769711400,yes,-0.056549080623030656,-1.824527517769134,0,-0.73,0.15603419018853038,0.09581711370735813,22.23091666698456
ETH,2026-01-31,ethereum-above-2700-on-january-31,1769711400,yes,-0.05567010649064952,-1.824527517769134,0,-0.767,-0.06218945472261028,-0.11074708123430721,0.8815999984741211
ETH,2025-11-22,ethereum-above-2700-on-november-22,1763744400,no,0.07564802618734479,2.54490062859562,1,-0.281,-0.3039826359223307,-0.32683764286016775,3.7071166674296063
ETH,2025-11-23,ethereum-above-2700-on-november-23,1763768700,no,0.050080064504766986,1.9428242512027543,1,-0.27,-0.18160121295904472,-0.20383930335608658,79.33925000031789
ETH,2025-12-20,ethereum-above-2800-on-december-20,1766078100,yes,-0.06593101176032024,-5.885954749555149,1,0.38,0.07098480964612525,-0.03347096929025645,2.2334333340326946
ETH,2026-02-01,ethereum-above-2800-on-february-1,1769711400,yes,-0.07701216255140142,-1.824527517769134,0,-0.45,1.0630629733862076,0.973950440931481,22.252433331807456
ETH,2026-01-30,ethereum-above-2800-on-january-30,1769711400,yes,-0.10646644033762775,-1.824527517769134,0,-0.41000000000000003,-0.03095168031545925,-0.18755410222012356,22.239633333683013
ETH,2026-01-31,ethereum-above-2800-on-january-31,1769711400,yes,-0.0693723030025244,-1.824527517769134,0,-0.444,0.6364693562916868,0.5293687842889334,41.031749999523164
ETH,2025-12-02,ethereum-above-2900-on-december-2,1764686700,no,0.09601999873382641,1.868705989787475,1,-0.482,0.9149498373143679,0.761420391853403,1.1983500003814698
ETH,2025-12-26,ethereum-above-2900-on-december-26,1766715300,no,0.05077690834456883,2.407889262442976,1,-0.13,-0.31223153429408695,-0.38563565228739316,0.24518333276112875
ETH,2025-12-29,ethereum-above-2900-on-december-29,1767010500,yes,-0.05094424067435377,-3.2623999149521348,1,0.38,0.22485782999762544,0.17023093503686915,0.5267500003178914
ETH,2025-12-07,ethereum-above-2900-on-december-7,1765117800,yes,-0.061573901092557004,-5.725511986673076,1,0.21399999999999997,-0.3682758013282851,-0.41146593424532585,2.2048166672388714
ETH,2026-01-21,ethereum-above-2900-on-january-21,1768997700,yes,-0.055547400339866604,-3.973264088565311,1,0.35,0.49602795180741444,0.38855469620050187,2.4108666658401487
ETH,2025-11-21,ethereum-above-2900-on-november-21,1763729100,no,0.051878548209360456,2.539819094273805,0,0.08899999999999997,0.10106952241261316,0.09278513341650277,34.38556666771571
ETH,2025-12-15,ethereum-above-3000-on-december-15,1765810800,yes,-0.13497152193408057,-5.054751050973364,0,-0.79,-0.5611095347769811,-0.6237239002129005,0.2880833347638448
ETH,2025-12-16,ethereum-above-3000-on-december-16,1765810800,yes,-0.06182308438264128,-5.054751050973364,0,-0.61,-0.24981345928264204,-0.38529574520332444,21.2907333334287
ETH,2025-12-27,ethereum-above-3000-on-december-27,1766715300,no,0.05725625826642622,2.407889262442976,0,0.38,0.2576110244199766,0.17650322308766392,1.6583499987920125
ETH,2025-12-29,ethereum-above-3000-on-december-29,1767001500,yes,-0.06908023910021588,-2.9606557664513558,0,-0.19,0.051179227284112894,-0.015046201858623376,77.35833333333333
ETH,2025-12-30,ethereum-above-3000-on-december-30,1767082500,no,0.09114227810072983,2.8424922394940246,0,0.49,0.4577344854543989,0.38438750270264777,0.8825000007947286
ETH,2026-01-20,ethereum-above-3000-on-january-20,1768927500,yes,-0.11322580143053007,-2.5201281091655483,1,0.47,0.3041016096462167,0.34871378289564836,1.195633331934611
ETH,2026-01-21,ethereum-above-3000-on-january-21,1769005800,no,0.10994152245747912,4.300057095250653,0,0.3999999999999999,-0.2639511615964423,-0.3935905030446043,0.8651166677474975
ETH,2026-01-27,ethereum-above-3000-on-january-27,1769531400,no,0.05344886368747756,2.83378493482125,0,0.07699999999999996,0.09387603973162825,0.07013835764733735,1.2457333326339721
ETH,2026-01-28,ethereum-above-3000-on-january-28,1769615100,no,0.08149388560073262,1.6908782449391881,0,0.75,0.5601579535732303,0.664454631602605,2.1114166657129925
ETH,2025-12-12,ethereum-above-3100-on-december-12,1765554300,yes,-0.11136126718727801,-5.633994289258627,0,-0.506,0.07215088486881771,-0.1554264385007837,1.5958999991416931
ETH,2025-12-17,ethereum-above-3100-on-december-17,1765984500,no,0.06788762355062321,6.005055096417594,0,0.09899999999999998,0.01765570261567244,0.015728189107194868,2.4491833329200743
ETH,2026-01-02,ethereum-above-3100-on-january-2,1767366000,no,0.09423889270045624,3.7128584607299957,1,-0.61,0.03416443648011369,-0.05640865274576945,0.5769999980926513
ETH,2026-01-03,ethereum-above-3100-on-january-3,1767371400,no,0.056708410419166466,1.516087990296668,1,-0.41000000000000003,-0.39705600291854765,-0.5550182670762485,3.9009999990463258
ETH,2026-01-08,ethereum-above-3100-on-january-8,1767853800,yes,-0.05079997633321287,-2.0839091234805602,1,0.36,0.3360868212416856,0.3162134051967959,25.272616668542227
ETH,2025-12-08,ethereum-above-3200-on-december-8,1765128600,no,0.05933286785907069,3.82417922566804,0,0.2889999999999999,0.2856209997867804,0.25021371021705296,3.3200000007947286
ETH,2026-01-13,ethereum-above-3200-on-january-13,1768320000,no,0.13949904393545443,3.528338837484721,0,0.32000000000000006,0.29625612103822463,0.18235533265678627,0.7509333332379658
ETH,2026-01-19,ethereum-above-3200-on-january-19,1768780800,yes,-0.08677553635939805,-2.2424188430612393,1,0.17000000000000004,0.3473384327495922,0.23240469642045042,1.6322666684786478
ETH,2026-01-20,ethereum-above-3200-on-january-20,1768780800,yes,-0.09909629544857834,-2.2424188430612393,0,-0.74,0.0005852905903974692,-0.04257874445171683,0.7897499998410543
ETH,2026-01-21,ethereum-above-3200-on-january-21,1768780800,yes,-0.10171452989595686,-2.2424188430612393,0,-0.7,0.1885798190491813,0.10178063506146273,6.105816666285197
ETH,2026-01-07,ethereum-above-3200-on-january-7,1767779100,yes,-0.050159354663012135,-1.9453701214562753,0,-0.56,-0.0948163823051908,-0.1656897373018098,1.071316667397817
ETH,2025-12-09,ethereum-above-3300-on-december-9,1765296000,no,0.16448944725325432,5.155869135578069,1,-0.8109999999999999,-0.6841451810222461,-0.7141923606355081,1.0317166686058044
ETH,2026-01-19,ethereum-above-3300-on-january-19,1768780800,yes,-0.11414583214649066,-2.2424188430612393,0,-0.32,0.0126189775411234,-0.20295269110422348,1.1978666663169861
ETH,2026-01-20,ethereum-above-3300-on-january-20,1768782600,yes,-0.24035825939105493,-6.622667479785327,0,-0.18000000000000002,0.3018513614188679,0.2874209926450698,78.00048333406448
ETH,2026-01-21,ethereum-above-3300-on-january-21,1768782600,yes,-0.18356058043213805,-6.622667479785327,0,-0.23,0.44445958489009185,0.43005507784809927,99.59234999815622
ETH,2026-01-06,ethereum-above-3300-on-january-6,1767708900,no,0.09564262924970421,3.1275826542513343,0,0.35,0.10425523530059788,0.029693838707433473,0.7480833331743876
ETH,2026-01-19,ethereum-above-3400-on-january-19,1768780800,yes,-0.16193459353542325,-2.2424188430612393,0,-0.03,0.07847179779236761,0.008170798661401538,1.9314666668574014
ETH,2026-01-20,ethereum-above-3400-on-january-20,1768780800,yes,-0.14898694316118835,-2.2424188430612393,0,-0.09999999999999999,0.47480902624914556,0.38275409222257833,13.517016665140789
ETH,2026-01-22,ethereum-above-3400-on-january-22,1768780800,yes,-0.10592726317968246,-2.2424188430612393,0,-0.21000000000000002,0.42381194811735295,0.31325341823550884,15.484883332252503
ETH,2026-01-21,ethereum-above-3500-on-january-21,1768780800,yes,-0.07458012755401591,-2.2424188430612393,0,-0.04,0.31899615111931423,0.284657654336984,1.5720499992370605
SOL,2026-02-02,solana-above-100-on-february-2,1769878800,yes,-0.05091571019396279,-4.154802986435136,1,0.18999999999999995,0.23886173418013837,0.16181384397291299,10.566849998633067
SOL,2025-12-15,solana-above-130-on-december-15,1765809900,yes,-0.0576609175611269,-1.5513161865875955,0,-0.84,-0.47060825198642814,-0.5030974529047773,1.0176166653633119
SOL,2025-12-16,solana-above-130-on-december-16,1765895400,no,0.05735321871812518,2.324792292140375,0,0.35,0.31931966645461585,0.2826291342352165,0.4456833322842916
SOL,2025-12-29,solana-above-130-on-december-29,1766972700,no,0.06442303995986437,3.6699887517933836,0,0.3999999999999999,-0.1722639192206753,-0.184389970981497,1.1032999992370605
SOL,2026-01-02,solana-above-130-on-january-2,1767366000,no,0.08744153072805326,1.7822377417179145,1,-0.78,-0.3794111804793181,-0.41706212636547846,1.1501333316167195
SOL,2025-12-12,solana-above-140-on-december-12,1765486800,no,0.05164082374484712,2.2264067419698943,0,0.24,0.02250302939796245,-0.050927532713785195,30.031216665109
SOL,2025-12-09,solana-above-140-on-december-9,1765296000,no,0.15473825958697318,5.339458742846726,1,-0.749,-0.06877657565580653,-0.14125775979640887,0.7767833352088929
SOL,2026-01-07,solana-above-140-on-january-7,1767724200,no,0.05206902274344968,1.5195558227330808,0,0.30000000000000004,0.16787430882923263,0.16008744480591253,33.46681666771571
SOL,2026-02-06,solana-above-70-on-february-6,1770328800,yes,-0.056420653250703445,-2.318103618706899,1,0.10899999999999999,-0.03381500922214142,-0.04818433902691255,27.97011666695277
SOL,2026-04-01,solana-above-80-on-april-1,1774975500,no,0.0658894157906168,2.8929980845910443,1,-0.16700000000000004,-0.05485620562464685,-0.13903058866337725,39.02471666733424
SOL,2026-02-12,solana-above-80-on-february-12,1770912900,yes,-0.07489735024766186,-2.6954227017044756,0,-0.09999999999999999,0.11703360661179447,0.10523854810964774,1.0242166678110758
SOL,2026-04-17,solana-above-90-on-april-17,1776366000,no,0.0668662003857047,4.548085809528593,0,0.38,0.5214514798402793,0.5198813527337351,21.226066664854685
SOL,2026-04-18,solana-above-90-on-april-18,1776366000,no,0.05447934743510685,4.548085809528593,0,0.38,0.10371211888608783,0.11152594244056002,10.520666666825612
SOL,2026-04-19,solana-above-90-on-april-19,1776366000,no,0.05052343270691609,4.548085809528593,0,0.38,0.12132354414399232,0.10573929635804519,25.03070000012716
SOL,2026-04-20,solana-above-90-on-april-20,1776431700,no,0.11431973426012268,4.007325799775095,0,0.48,0.10858370826199659,0.0932103896260163,116.32534999847412
SOL,2026-04-22,solana-above-90-on-april-22,1776431700,no,0.08903688149929556,4.007325799775095,0,0.49,0.3788688716112897,0.3547781916793582,45.16789999802907
SOL,2026-02-28,solana-above-90-on-february-28,1772187300,yes,-0.06691802858244714,-2.375299304732289,0,-0.09,0.1381114661596916,0.12419766933289575,13.58896666765213
SOL,2026-02-06,solana-above-90-on-february-6,1770203700,yes,-0.05101689919282937,-2.845002071155963,0,-0.781,-0.4014831114499841,-0.36299056230381743,62.77688333193461
SOL,2026-03-01,solana-above-90-on-march-1,1772186400,yes,-0.10835871828072557,-1.978789462826035,0,-0.18100000000000002,-0.0415150185483571,-0.050229146694070775,8.081350000699361
XRP,2026-02-12,xrp-above-0pt9-on-february-12,1770332400,no,0.07237358444231468,3.980059636314118,1,-0.07200000000000006,0.007521817244608556,-0.010972014267523096,7.522866666316986
XRP,2026-02-10,xrp-above-1pt3-on-february-10,1770320700,yes,-0.20465932231380607,-2.2925949167368156,1,0.716,0.28513958727583283,0.25406955321790853,6.445066666603088
XRP,2026-04-19,xrp-above-1pt4-on-april-19,1776431700,no,0.14895168888776944,5.463702997907008,1,-0.08999999999999997,-0.22534941347467607,-0.239989856193917,31.873900000254313
XRP,2026-02-26,xrp-above-1pt4-on-february-26,1772063100,yes,-0.0997099505954745,-3.0742047703704456,0,-0.67,-0.4506902902209813,-0.4404223086534894,3.9948333342870077
XRP,2026-02-28,xrp-above-1pt4-on-february-28,1772187300,yes,-0.10353851259945523,-2.2875018635800024,0,-0.44,-0.03256144684420381,-0.07594057086210743,77.30498333374659
XRP,2026-02-06,xrp-above-1pt4-on-february-6,1770246000,yes,-0.09029944026198433,-3.5746270270758247,1,0.17000000000000004,0.22760934787900727,0.20728682346319366,94.10806666612625
XRP,2026-03-03,xrp-above-1pt4-on-march-3,1772187300,yes,-0.13560382394774456,-2.2875018635800024,0,-0.45,-0.36213076594898136,-0.40813170270085997,116.7754666686058
XRP,2026-04-17,xrp-above-1pt5-on-april-17,1776434400,no,0.09808687871043129,2.964199500778119,0,0.33099999999999996,0.31759119741120034,0.27553128968978347,0.3333999991416931
XRP,2026-04-23,xrp-above-1pt5-on-april-23,1776431700,no,0.09535964001038236,5.463702997907008,0,0.3999999999999999,0.2272142358480415,0.14957606816911412,116.3047666668892
XRP,2026-03-01,xrp-above-1pt5-on-march-1,1772186400,yes,-0.21569764433717553,-1.7612613758297337,0,-0.09,0.006586790794751954,-0.055484310956977076,106.81441666682561
XRP,2025-12-18,xrp-above-1pt8-on-december-18,1765998000,yes,-0.08231785514416601,-1.6979703920955018,1,0.23099999999999998,0.03519592086340442,-0.0005581616513819776,34.227483332157135
XRP,2025-12-20,xrp-above-1pt9-on-december-20,1766104200,yes,-0.39706281423537315,-1.963262201777433,1,0.89,0.5840736467889616,0.5512616485926298,60.96221666733424
XRP,2026-01-03,xrp-above-1pt9-on-january-3,1767366000,no,0.09047684129218514,2.2250333483004208,1,-0.35,0.2949974681111359,0.2527053716879082,1.2771666685740153
XRP,2026-01-05,xrp-above-1pt9-on-january-5,1767366000,no,0.06294684939394346,2.2250333483004208,1,-0.41000000000000003,0.6988345837704911,0.5660317617513891,88.22220000028611
XRP,2025-12-23,xrp-above-2-on-december-23,1766104200,yes,-0.05191923754154132,-1.963262201777433,0,-0.08,-0.19114568576813837,-0.20623774608838685,59.8540666659673
XRP,2025-12-09,xrp-above-2pt1-on-december-9,1765296000,no,0.08876079327771375,2.5727862452214754,1,-0.14,0.5696933089547692,0.3480249728663097,1.033299998442332
