asset,event,slug,ts,entry,ev_raw,ev_hedged,label
BTC,2026-05-17,bitcoin-above-84k-on-may-17,1778617800,0.14,-0.14,0.07015594998539543,0
SOL,2026-05-18,solana-above-100-on-may-18,1778672700,0.17,-0.17,0.29739765496602544,0
SOL,2026-05-17,solana-above-100-on-may-17,1778672700,0.15000000000000002,-0.15000000000000002,0.22356700242197997,0
BTC,2026-05-16,bitcoin-above-80k-on-may-16,1778675400,0.53,-0.53,-0.19629208078038057,0
ETH,2026-05-19,ethereum-above-2300-on-may-19,1778680800,0.35000000000000003,-0.35000000000000003,0.10710259042386,0
ETH,2026-05-17,ethereum-above-2200-on-may-17,1778694300,0.71,-0.71,-0.47169604205419835,0
BTC,2026-05-19,bitcoin-above-82k-on-may-19,1778698800,0.23,-0.23,0.045638262734217755,0
BTC,2026-05-18,bitcoin-above-80k-on-may-18,1778698800,0.45,-0.45,-0.04819417828817196,0
BTC,2026-05-18,bitcoin-above-78k-on-may-18,1778700600,0.68,-0.68,-0.3346260670354583,0
BTC,2026-05-19,bitcoin-above-80k-on-may-19,1778700600,0.44,-0.44,-0.11346801005627455,0
BTC,2026-05-17,bitcoin-above-82k-on-may-17,1778734800,0.16,-0.16,-0.028424945605504376,0
ETH,2026-05-17,ethereum-above-2300-on-may-17,1778744700,0.35000000000000003,-0.35000000000000003,0.0033866982190730033,0
ETH,2026-05-19,ethereum-above-2200-on-may-19,1778744700,0.71,-0.71,-0.2566695804636867,0
XRP,2026-05-19,xrp-above-1pt5-on-may-19,1778764500,0.28,-0.28,0.09562919674678677,0
XRP,2026-05-16,xrp-above-1pt4-on-may-16,1778764500,0.8200000000000001,0.17999999999999994,0.3641292549971059,1
XRP,2026-05-18,xrp-above-1pt5-on-may-18,1778764500,0.26,-0.26,0.10653694828426252,0
BTC,2026-05-21,bitcoin-above-84k-on-may-21,1778781600,0.26,-0.26,0.11462759906317149,0
BTC,2026-05-18,bitcoin-above-80k-on-may-18,1778786100,0.72,-0.72,-0.08291100680217467,0
BTC,2026-05-19,bitcoin-above-82k-on-may-19,1778786100,0.44,-0.44,0.19143129094129302,0
XRP,2026-05-19,xrp-above-1pt6-on-may-19,1778788800,0.14200000000000002,-0.14200000000000002,0.31324317213383507,0
SOL,2026-05-19,solana-above-90-on-may-19,1778788800,0.7,-0.7,-0.2530824822907615,0
XRP,2026-05-17,xrp-above-1pt6-on-may-17,1778788800,0.09999999999999999,-0.09999999999999999,0.21045727391570757,0
XRP,2026-05-16,xrp-above-1pt6-on-may-16,1778788800,0.06999999999999999,-0.06999999999999999,0.21845757897747442,0
ETH,2026-05-16,ethereum-above-2300-on-may-16,1778808600,0.36,-0.36,0.32834447937732614,0
SOL,2026-05-20,solana-above-100-on-may-20,1778811300,0.09999999999999999,-0.09999999999999999,0.0832304666877506,0
BTC,2026-05-18,bitcoin-above-82k-on-may-18,1778821200,0.3,-0.3,0.34866266017140063,0
BTC,2026-05-20,bitcoin-above-82k-on-may-20,1778821200,0.35000000000000003,-0.35000000000000003,0.021677381379208938,0
BTC,2026-05-17,bitcoin-above-82k-on-may-17,1778823000,0.25,-0.25,0.19956322723191156,0
BTC,2026-05-20,bitcoin-above-80k-on-may-20,1778823000,0.6,-0.6,-0.21953797299102462,0
BTC,2026-05-20,bitcoin-above-78k-on-may-20,1778839200,0.78,-0.78,-0.5033150518996261,0
BTC,2026-05-21,bitcoin-above-78k-on-may-21,1778840100,0.76,-0.76,-0.4796970092649275,0
ETH,2026-05-19,ethereum-above-2300-on-may-19,1778840100,0.29000000000000004,-0.29000000000000004,0.35144005670717315,0
BTC,2026-05-19,bitcoin-above-78k-on-may-19,1778841900,0.83,-0.83,-0.4453149677325786,0
ETH,2026-05-17,ethereum-above-2300-on-may-17,1778848200,0.17,-0.17,0.23849498690607432,0
ETH,2026-05-20,ethereum-above-2300-on-may-20,1778848200,0.31,-0.31,0.13610455757888218,0
ETH,2026-05-18,ethereum-above-2300-on-may-18,1778848200,0.24000000000000002,-0.24000000000000002,0.5431381647666157,0
BTC,2026-05-18,bitcoin-above-78k-on-may-18,1778850900,0.8200000000000001,-0.8200000000000001,-0.38357408032991785,0
ETH,2026-05-18,ethereum-above-2200-on-may-18,1778851800,0.75,-0.75,-0.09906481253472388,0
ETH,2026-05-19,ethereum-above-2200-on-may-19,1778854500,0.58,-0.58,-0.09556461528167759,0
BTC,2026-05-19,bitcoin-above-80k-on-may-19,1778874300,0.36,-0.36,0.04643007761153006,0
ETH,2026-05-17,ethereum-above-2100-on-may-17,1778915700,0.952,0.04800000000000004,0.057031683844100164,1
BTC,2026-05-21,bitcoin-above-80k-on-may-21,1778915700,0.28,-0.28,-0.17842972492942874,0
ETH,2026-05-19,ethereum-above-2100-on-may-19,1778917500,0.87,0.13,0.34850095384878715,1
BTC,2026-05-20,bitcoin-above-80k-on-may-20,1778921100,0.29000000000000004,-0.29000000000000004,-0.17177019383682318,0
BTC,2026-05-20,bitcoin-above-76k-on-may-20,1778922900,0.79,0.20999999999999996,0.28693861522310954,1
ETH,2026-05-18,ethereum-above-2100-on-may-18,1778924700,0.865,0.135,0.36405742179824396,1
ETH,2026-05-20,ethereum-above-2100-on-may-20,1778925600,0.77,0.22999999999999998,0.32998638347318276,1
BTC,2026-05-20,bitcoin-above-78k-on-may-20,1778925600,0.52,-0.52,-0.44296912757116436,0
ETH,2026-05-20,ethereum-above-2200-on-may-20,1778944500,0.42,-0.42,-0.26411753619322453,0
SOL,2026-05-21,solana-above-90-on-may-21,1778954400,0.26,-0.26,-0.24316328487354083,0
SOL,2026-05-20,solana-above-90-on-may-20,1778957100,0.23,-0.23,-0.1777118610540298,0
SOL,2026-05-18,solana-above-90-on-may-18,1778960700,0.12,-0.12,0.08244009312639991,0
ETH,2026-05-19,ethereum-above-2200-on-may-19,1778967900,0.42,-0.42,-0.057056065904523,0
ETH,2026-05-21,ethereum-above-2200-on-may-21,1778977800,0.44,-0.44,-0.2664001714797558,0
BTC,2026-05-21,bitcoin-above-78k-on-may-21,1779014700,0.58,-0.58,-0.43619606159574476,0
ETH,2026-05-21,ethereum-above-2100-on-may-21,1779021900,0.8200000000000001,0.17999999999999994,0.3322996910446653,1
ETH,2026-05-20,ethereum-above-2100-on-may-20,1779021900,0.85,0.15000000000000002,0.2971782535557359,1
BTC,2026-05-20,bitcoin-above-78k-on-may-20,1779026400,0.53,-0.53,-0.42207028924915574,0
ETH,2026-05-18,ethereum-above-2200-on-may-18,1779027300,0.38,-0.38,0.3179896498054311,0
ETH,2026-05-17,ethereum-above-2200-on-may-17,1779030000,0.04,-0.04,-0.044351833226271724,0
ETH,2026-05-20,ethereum-above-2200-on-may-20,1779030900,0.44,-0.44,-0.2174845864999344,0
BTC,2026-05-20,bitcoin-above-76k-on-may-20,1779030900,0.78,0.21999999999999997,0.28490438312816313,1
ETH,2026-05-19,ethereum-above-2200-on-may-19,1779055200,0.45,-0.45,0.03231326405265672,0
ETH,2026-05-18,ethereum-above-2100-on-may-18,1779061500,0.616,0.384,0.48401625619714833,1
XRP,2026-05-21,xrp-above-1pt4-on-may-21,1779081300,0.44,-0.44,-0.2713815095132148,0
XRP,2026-05-20,xrp-above-1pt4-on-may-20,1779081300,0.44,-0.44,-0.31540617135728366,0
XRP,2026-05-19,xrp-above-1pt4-on-may-19,1779081300,0.42,-0.42,-0.18683373519567045,0
ETH,2026-05-19,ethereum-above-2100-on-may-19,1779092100,0.632,0.368,0.42724434159248176,1
BTC,2026-05-21,bitcoin-above-78k-on-may-21,1779106500,0.42,-0.42,-0.4039646168487805,0
SOL,2026-05-20,solana-above-90-on-may-20,1779109200,0.09999999999999999,-0.09999999999999999,-0.12205381309657673,0
SOL,2026-05-21,solana-above-90-on-may-21,1779109200,0.14,-0.14,-0.19231703829553426,0
ETH,2026-05-20,ethereum-above-2100-on-may-20,1779115500,0.56,0.43999999999999995,0.3202812536753831,1
ETH,2026-05-21,ethereum-above-2100-on-may-21,1779115500,0.54,0.45999999999999996,0.37356851814909364,1
BTC,2026-05-21,bitcoin-above-76k-on-may-21,1779120000,0.55,0.44999999999999996,0.31742304857463566,1
ETH,2026-05-21,ethereum-above-2200-on-may-21,1779147900,0.2,-0.2,-0.20311558377893718,0
ETH,2026-05-20,ethereum-above-2200-on-may-20,1779150600,0.15000000000000002,-0.15000000000000002,-0.14542251856261745,0
XRP,2026-05-19,xrp-above-1pt4-on-may-19,1779169500,0.25,-0.25,-0.002470562786002356,0
ETH,2026-05-22,ethereum-above-2000-on-may-22-2026,1779181200,0.901,0.09899999999999998,0.12200572820854444,1
ETH,2026-05-22,ethereum-above-2100-on-may-22-2026,1779181200,0.65,0.35,0.4080090005748169,1
ETH,2026-05-19,ethereum-above-2100-on-may-19,1779199200,0.829,0.17100000000000004,0.2750644663408291,1
ETH,2026-05-20,ethereum-above-2100-on-may-20,1779219000,0.61,0.39,0.157055834121694,1
BTC,2026-05-25,bitcoin-above-78k-on-may-25-2026,1779221700,0.38,-0.38,-0.4515235478534541,0
BTC,2026-05-24,bitcoin-above-80k-on-may-24-2026,1779221700,0.14,-0.14,-0.09534233947979404,0
BTC,2026-05-23,bitcoin-above-78k-on-may-23-2026,1779221700,0.34,-0.34,-0.15762707048795255,0
BTC,2026-05-24,bitcoin-above-78k-on-may-24-2026,1779224400,0.37,-0.37,-0.293387793522558,0
ETH,2026-05-21,ethereum-above-2100-on-may-21,1779228000,0.59,0.41000000000000003,0.29319857218870937,1
ETH,2026-05-23,ethereum-above-2200-on-may-23-2026,1779228000,0.16,-0.16,-0.0022758868173008706,0
ETH,2026-05-24,ethereum-above-2200-on-may-24-2026,1779228000,0.19,-0.19,-0.1317713777580478,0
ETH,2026-05-25,ethereum-above-2200-on-may-25-2026,1779228000,0.21000000000000002,-0.21000000000000002,-0.23661480867482493,0
ETH,2026-05-24,ethereum-above-2100-on-may-24-2026,1779228000,0.55,-0.55,-0.4760730780837863,0
ETH,2026-05-25,ethereum-above-2100-on-may-25-2026,1779228000,0.55,0.44999999999999996,0.41776959235585287,1
ETH,2026-05-23,ethereum-above-2100-on-may-23-2026,1779228900,0.54,-0.54,-0.3429155365101517,0
XRP,2026-05-25,xrp-above-1pt4-on-may-25-2026,1779242400,0.26,-0.26,-0.2765022001159744,0
ETH,2026-05-22,ethereum-above-2100-on-may-22-2026,1779272100,0.67,0.32999999999999996,0.3926484215410616,1
BTC,2026-05-23,bitcoin-above-76k-on-may-23-2026,1779280200,0.74,-0.74,-0.4839823629386631,0
BTC,2026-05-23,bitcoin-above-80k-on-may-23-2026,1779282000,0.13,-0.13,0.07573673545622397,0
BTC,2026-05-25,bitcoin-above-76k-on-may-25-2026,1779283800,0.68,0.31999999999999995,0.28456610105938984,1
ETH,2026-05-23,ethereum-above-2200-on-may-23-2026,1779314400,0.15000000000000002,-0.15000000000000002,0.08748070841823047,0
ETH,2026-05-24,ethereum-above-2200-on-may-24-2026,1779314400,0.18000000000000002,-0.18000000000000002,-0.06260473551959667,0
BTC,2026-05-23,bitcoin-above-78k-on-may-23-2026,1779318000,0.41000000000000003,-0.41000000000000003,-0.03972668678824287,0
BTC,2026-05-26,bitcoin-above-80k-on-may-26-2026,1779332400,0.25,-0.25,-0.09628709837493277,0
BTC,2026-05-27,bitcoin-above-78k-on-may-27-2026,1779346800,0.45,-0.45,-0.1920825024013758,0
ETH,2026-05-25,ethereum-above-2000-on-may-25-2026,1779352200,0.92,0.07999999999999996,0.09805319480581838,1
BTC,2026-05-27,bitcoin-above-76k-on-may-27-2026,1779359400,0.67,-0.67,-0.4501653365041251,0
ETH,2026-05-26,ethereum-above-2200-on-may-26-2026,1779400800,0.2,-0.2,-0.031887298323310054,0
BTC,2026-05-24,bitcoin-above-78k-on-may-24-2026,1779430500,0.35000000000000003,-0.35000000000000003,-0.0769462688210451,0
BTC,2026-05-26,bitcoin-above-80k-on-may-26-2026,1779433200,0.12,-0.12,-0.031152607058235637,0
BTC,2026-05-26,bitcoin-above-78k-on-may-26-2026,1779435000,0.43,-0.43,-0.2624196639806454,0
SOL,2026-05-24,solana-above-90-on-may-24-2026,1779438600,0.17,-0.17,0.03759557412595965,0
BTC,2026-05-27,bitcoin-above-78k-on-may-27-2026,1779438600,0.42,-0.42,-0.09976571684604224,0
SOL,2026-05-26,solana-above-90-on-may-26-2026,1779443100,0.24000000000000002,-0.24000000000000002,-0.019076981561372636,0
XRP,2026-05-23,xrp-above-1pt4-on-may-23-2026,1779449400,0.06999999999999999,-0.06999999999999999,0.04466844660968633,0
ETH,2026-05-27,ethereum-above-2200-on-may-27-2026,1779454800,0.2,-0.2,0.016309922607444155,0
ETH,2026-05-22,ethereum-above-2100-on-may-22-2026,1779457500,0.961,0.039000000000000035,0.059269292083235565,1
ETH,2026-05-25,ethereum-above-2200-on-may-25-2026,1779458400,0.08,-0.08,-0.06978563758689159,0
BTC,2026-05-27,bitcoin-above-76k-on-may-27-2026,1779462000,0.62,-0.62,-0.41696791186499094,0
BTC,2026-05-25,bitcoin-above-76k-on-may-25-2026,1779462000,0.68,0.31999999999999995,0.1484800157848893,1
BTC,2026-05-28,bitcoin-above-76k-on-may-28-2026,1779466500,0.62,-0.62,-0.10689024736298358,0
XRP,2026-05-26,xrp-above-1pt4-on-may-26-2026,1779466500,0.2,-0.2,-0.1645408339025537,0
XRP,2026-05-25,xrp-above-1pt4-on-may-25-2026,1779471000,0.15000000000000002,-0.15000000000000002,-0.15260108356187949,0
ETH,2026-05-27,ethereum-above-2100-on-may-27-2026,1779471000,0.62,-0.62,-0.38256610872830377,0
ETH,2026-05-28,ethereum-above-2000-on-may-28-2026,1779475500,0.84,-0.84,-0.5667860064146855,0
ETH,2026-05-23,ethereum-above-2100-on-may-23-2026,1779475500,0.31,-0.31,0.389505270562106,0
BTC,2026-05-28,bitcoin-above-74k-on-may-28-2026,1779475500,0.8,-0.8,-0.45730172857417306,0
ETH,2026-05-28,ethereum-above-2200-on-may-28-2026,1779475500,0.12,-0.12,0.198618597285676,0
BTC,2026-05-26,bitcoin-above-76k-on-may-26-2026,1779476400,0.62,0.38,0.3910519391062734,1
BTC,2026-05-28,bitcoin-above-72k-on-may-28-2026,1779478200,0.898,0.10199999999999998,0.2867305873468292,1
ETH,2026-05-24,ethereum-above-2100-on-may-24-2026,1779478200,0.22,-0.22,-0.32404278234785533,0
BTC,2026-05-24,bitcoin-above-74k-on-may-24-2026,1779478200,0.903,0.09699999999999998,0.08688565870844835,1
BTC,2026-05-27,bitcoin-above-74k-on-may-27-2026,1779478200,0.76,0.24,0.33405193628860924,1
ETH,2026-05-24,ethereum-above-2000-on-may-24-2026,1779478200,0.92,0.07999999999999996,0.05778923122994298,1
ETH,2026-05-23,ethereum-above-2000-on-may-23-2026,1779478200,0.952,0.04800000000000004,0.0812930310431928,1
BTC,2026-05-25,bitcoin-above-74k-on-may-25-2026,1779478200,0.869,0.131,-0.005322418354836822,1
BTC,2026-05-26,bitcoin-above-74k-on-may-26-2026,1779478200,0.8200000000000001,0.17999999999999994,0.15656889158021003,1
ETH,2026-05-26,ethereum-above-2000-on-may-26-2026,1779482700,0.81,0.18999999999999995,0.1413990542565147,1
ETH,2026-05-25,ethereum-above-2100-on-may-25-2026,1779491700,0.34,0.6599999999999999,0.35172108381166156,1
ETH,2026-05-27,ethereum-above-2200-on-may-27-2026,1779590700,0.2,-0.2,-0.048163959082292984,0
BTC,2026-05-27,bitcoin-above-78k-on-may-27-2026,1779590700,0.32,-0.32,-0.11287370535951513,0
BTC,2026-05-26,bitcoin-above-76k-on-may-26-2026,1779591600,0.66,0.33999999999999997,0.3981590597175194,1
BTC,2026-05-28,bitcoin-above-76k-on-may-28-2026,1779592500,0.63,-0.63,-0.0994414598443697,0
BTC,2026-05-28,bitcoin-above-78k-on-may-28-2026,1779596100,0.33,-0.33,0.1830360614494861,0
ETH,2026-05-26,ethereum-above-2200-on-may-26-2026,1779606000,0.152,-0.152,-0.01451194673642442,0
BTC,2026-05-27,bitcoin-above-76k-on-may-27-2026,1779634800,0.59,-0.59,-0.4112632895182483,0
ETH,2026-05-25,ethereum-above-2100-on-may-25-2026,1779675300,0.55,0.44999999999999996,0.26045897926242123,1
BTC,2026-05-28,bitcoin-above-78k-on-may-28-2026,1779685200,0.4,-0.4,0.35917083576746023,0
ETH,2026-05-28,ethereum-above-2200-on-may-28-2026,1779724800,0.15000000000000002,-0.15000000000000002,0.31597141634475817,0
ETH,2026-05-26,ethereum-above-2100-on-may-26-2026,1779748200,0.59,-0.59,-0.3174171092261213,0
ETH,2026-05-27,ethereum-above-2100-on-may-27-2026,1779792300,0.73,-0.73,-0.3370412090072552,0
ETH,2026-05-28,ethereum-above-2100-on-may-28-2026,1779792300,0.68,-0.68,0.08182592743324157,0
ETH,2026-05-31,ethereum-above-2100-on-may-31-2026,1779826500,0.39,-0.39,-0.13852823019550242,0
BTC,2026-05-31,bitcoin-above-78k-on-may-31-2026,1779826500,0.23,-0.23,0.05594620707166745,0
ETH,2026-05-29,ethereum-above-2100-on-may-29-2026,1779826500,0.36,-0.36,-0.1470735473775617,0
BTC,2026-06-01,bitcoin-above-78k-on-june-1-2026,1779837300,0.23,-0.23,0.27629216246588284,0
BTC,2026-06-02,bitcoin-above-78k-on-june-2-2026,1779839100,0.25,-0.25,0.6731156903075238,0
BTC,2026-06-02,bitcoin-above-76k-on-june-2-2026,1779839100,0.5,-0.5,0.6093321751899312,0
ETH,2026-05-30,ethereum-above-2200-on-may-30-2026,1779843600,0.06999999999999999,-0.06999999999999999,0.045657981149884036,0
ETH,2026-05-31,ethereum-above-2200-on-may-31-2026,1779844500,0.09,-0.09,0.05451169203615844,0
BTC,2026-05-29,bitcoin-above-76k-on-may-29-2026,1779855300,0.42,-0.42,-0.07195546396450925,0
XRP,2026-05-30,xrp-above-1pt4-on-may-30-2026,1779885000,0.11,-0.11,-0.13242365472253376,0
BTC,2026-06-02,bitcoin-above-74k-on-june-2-2026,1779894900,0.66,-0.66,0.2780625795478793,0
BTC,2026-06-03,bitcoin-above-78k-on-june-3-2026,1779901200,0.18000000000000002,-0.18000000000000002,0.660319113781143,0
BTC,2026-06-03,bitcoin-above-74k-on-june-3-2026,1779903000,0.63,-0.63,0.40093191752973045,0
SOL,2026-06-03,solana-above-90-on-june-3-2026,1779904800,0.08,-0.08,0.3074187388196982,0
SOL,2026-06-01,solana-above-90-on-june-1-2026,1779906600,0.060000000000000005,-0.060000000000000005,0.0709746130687795,0
SOL,2026-06-02,solana-above-90-on-june-2-2026,1779906600,0.08,-0.08,0.1910180291830656,0
ETH,2026-05-29,ethereum-above-2100-on-may-29-2026,1779915600,0.25,-0.25,-0.08156950855527861,0
ETH,2026-05-30,ethereum-above-2100-on-may-30-2026,1779915600,0.29000000000000004,-0.29000000000000004,-0.11646852015737705,0
ETH,2026-06-01,ethereum-above-2100-on-june-1-2026,1779915600,0.33,-0.33,0.025062241608382163,0
ETH,2026-06-02,ethereum-above-2100-on-june-2-2026,1779915600,0.35000000000000003,-0.35000000000000003,0.1857897575614484,0
ETH,2026-05-31,ethereum-above-2100-on-may-31-2026,1779916500,0.3,-0.3,-0.09500456054605111,0
ETH,2026-06-03,ethereum-above-2000-on-june-3-2026,1779917400,0.6900000000000001,-0.6900000000000001,-0.020513073316286712,0
ETH,2026-05-28,ethereum-above-2000-on-may-28-2026,1779918300,0.77,-0.77,-0.47095117090211347,0
SOL,2026-05-29,solana-above-80-on-may-29-2026,1779924600,0.79,0.20999999999999996,0.18095565894070031,1
ETH,2026-05-31,ethereum-above-2000-on-may-31-2026,1779934500,0.6,0.4,0.4456341771935194,1
SOL,2026-06-03,solana-above-80-on-june-3-2026,1779935400,0.65,-0.65,-0.004854839457678728,0
SOL,2026-06-02,solana-above-80-on-june-2-2026,1779935400,0.67,-0.67,-0.21988324827468592,0
SOL,2026-06-01,solana-above-80-on-june-1-2026,1779935400,0.6900000000000001,-0.6900000000000001,-0.491794407245717,0
SOL,2026-05-31,solana-above-80-on-may-31-2026,1779938100,0.71,0.29000000000000004,0.29945184500567673,1
BTC,2026-06-03,bitcoin-above-72k-on-june-3-2026,1779940800,0.64,-0.64,0.18609907762328493,0
BTC,2026-06-02,bitcoin-above-72k-on-june-2-2026,1779940800,0.66,-0.66,0.07725164257941086,0
BTC,2026-06-01,bitcoin-above-74k-on-june-1-2026,1779944400,0.37,-0.37,-0.08385602796122088,0
BTC,2026-06-02,bitcoin-above-76k-on-june-2-2026,1779952500,0.16,-0.16,0.3707878565418068,0
ETH,2026-06-02,ethereum-above-2000-on-june-2-2026,1779954300,0.47000000000000003,-0.47000000000000003,-0.17130328255311422,0
XRP,2026-05-29,xrp-above-1pt3-on-may-29-2026,1779955200,0.39,0.61,0.3074397725245712,1
XRP,2026-05-30,xrp-above-1pt3-on-may-30-2026,1779961500,0.42,0.5800000000000001,0.1946013840491091,1
ETH,2026-06-01,ethereum-above-2100-on-june-1-2026,1780002900,0.13,-0.13,0.020316893739251357,0
ETH,2026-05-30,ethereum-above-2000-on-may-30-2026,1780005600,0.67,0.32999999999999996,0.2903808791989803,1
ETH,2026-06-02,ethereum-above-2100-on-june-2-2026,1780009200,0.14,-0.14,0.10492713023256395,0
ETH,2026-06-01,ethereum-above-2000-on-june-1-2026,1780009200,0.53,-0.53,-0.37317711103068085,0
ETH,2026-05-31,ethereum-above-2100-on-may-31-2026,1780010100,0.060000000000000005,-0.060000000000000005,-0.06573068780354405,0
ETH,2026-05-29,ethereum-above-2000-on-may-29-2026,1780013700,0.67,0.32999999999999996,0.1453741808105808,1
XRP,2026-05-29,xrp-above-1pt3-on-may-29-2026,1780047000,0.87,0.13,0.1563725097318694,1
XRP,2026-06-03,xrp-above-1pt4-on-june-3-2026,1780049700,0.11,-0.11,0.19451831293089883,0
SOL,2026-06-02,solana-above-80-on-june-2-2026,1780055100,0.68,-0.68,-0.15696080771075227,0
SOL,2026-06-01,solana-above-80-on-june-1-2026,1780056000,0.7,-0.7,-0.4912026184830932,0
SOL,2026-06-03,solana-above-80-on-june-3-2026,1780056000,0.65,-0.65,0.08760864333471097,0
XRP,2026-06-03,xrp-above-1pt3-on-june-3-2026,1780056000,0.54,-0.54,-0.06270176620909584,0
XRP,2026-06-02,xrp-above-1pt3-on-june-2-2026,1780056000,0.55,-0.55,0.005595315172349902,0
XRP,2026-05-31,xrp-above-1pt3-on-may-31-2026,1780063200,0.53,0.47,0.22814498122093751,1
XRP,2026-06-01,xrp-above-1pt3-on-june-1-2026,1780064100,0.56,-0.56,-0.4052824210219645,0
XRP,2026-05-30,xrp-above-1pt3-on-may-30-2026,1780065000,0.53,0.47,0.0051731627328034935,1
ETH,2026-06-03,ethereum-above-2100-on-june-3-2026,1780072200,0.2,-0.2,0.3967303944350022,0
ETH,2026-06-04,ethereum-above-2100-on-june-4-2026,1780073100,0.27,-0.27,0.631473842923936,0
XRP,2026-06-02,xrp-above-1pt4-on-june-2-2026,1780074900,0.08,-0.08,0.2939544756507853,0
BTC,2026-06-04,bitcoin-above-74k-on-june-4-2026-965,1780080300,0.45,-0.45,0.9837055114196642,0
BTC,2026-06-03,bitcoin-above-76k-on-june-3-2026,1780083900,0.17,-0.17,0.6563336207057608,0
BTC,2026-06-02,bitcoin-above-76k-on-june-2-2026,1780083900,0.12,-0.12,0.5753145497121817,0
BTC,2026-06-02,bitcoin-above-74k-on-june-2-2026,1780091100,0.43,-0.43,0.7710339413099936,0
ETH,2026-06-03,ethereum-above-2000-on-june-3-2026,1780114500,0.5700000000000001,-0.5700000000000001,0.2789702566521187,0
BTC,2026-06-04,bitcoin-above-74k-on-june-4-2026-965,1780171200,0.5,-0.5,1.1913009274324697,0
BTC,2026-06-02,bitcoin-above-74k-on-june-2-2026,1780177500,0.5,-0.5,1.0159124482129387,0
BTC,2026-06-04,bitcoin-above-72k-on-june-4-2026-876,1780178400,0.78,-0.78,0.4399720266839644,0
BTC,2026-06-04,bitcoin-above-76k-on-june-4-2026-893,1780188300,0.21000000000000002,-0.21000000000000002,1.0099653119121312,0
ETH,2026-06-03,ethereum-above-1900-on-june-3-2026,1780231500,0.92,-0.92,-0.5983045620326364,0
ETH,2026-06-02,ethereum-above-2000-on-june-2-2026,1780237800,0.5700000000000001,-0.5700000000000001,0.0698345003361347,0
ETH,2026-06-03,ethereum-above-2000-on-june-3-2026,1780238700,0.55,-0.55,0.38831536040941883,0
BTC,2026-06-03,bitcoin-above-72k-on-june-3-2026,1780243200,0.78,-0.78,0.2765818135385898,0
ETH,2026-06-01,ethereum-above-2000-on-june-1-2026,1780245000,0.55,-0.55,-0.23313748414147556,0
BTC,2026-06-04,bitcoin-above-74k-on-june-4-2026-965,1780257600,0.45,-0.45,1.1921169652132158,0
BTC,2026-06-02,bitcoin-above-74k-on-june-2-2026,1780265700,0.48,-0.48,1.1402048301749554,0
BTC,2026-06-04,bitcoin-above-72k-on-june-4-2026-876,1780276500,0.75,-0.75,0.6337132451927394,0
SOL,2026-06-01,solana-above-80-on-june-1-2026,1780290900,0.92,-0.92,-0.706825170274217,0
SOL,2026-06-02,solana-above-80-on-june-2-2026,1780307100,0.6900000000000001,-0.6900000000000001,0.11203400946044006,0
SOL,2026-06-04,solana-above-80-on-june-4-2026,1780316100,0.55,-0.55,0.7979931230131512,0
ETH,2026-06-04,ethereum-above-2000-on-june-4-2026,1780317000,0.43,-0.43,0.6532226622005397,0
ETH,2026-06-03,ethereum-above-2000-on-june-3-2026,1780326000,0.31,-0.31,0.40669153960525456,0
ETH,2026-06-04,ethereum-above-1900-on-june-4-2026,1780359300,0.9,-0.9,-0.3628074670220598,0
BTC,2026-06-05,bitcoin-above-68k-on-june-5-2026-638-564-578,1780398000,0.744,-0.744,0.4498146346306289,0
BTC,2026-06-05,bitcoin-above-70k-on-june-5-2026-628-939,1780398000,0.46,-0.46,1.058483347312736,0
SOL,2026-06-04,solana-above-80-on-june-4-2026,1780402500,0.33,-0.33,0.8756647299387743,0
ETH,2026-06-04,ethereum-above-2000-on-june-4-2026,1780407000,0.38,-0.38,0.7983497527933202,0
ETH,2026-06-05,ethereum-above-2000-on-june-5-2026,1780407000,0.41000000000000003,-0.41000000000000003,1.6355623211222845,0
ETH,2026-06-04,ethereum-above-1800-on-june-4-2026,1780410600,0.928,-0.928,-0.680070431400121,0
ETH,2026-06-05,ethereum-above-1800-on-june-5-2026,1780410600,0.904,-0.904,-0.24110073944456234,0
SOL,2026-06-04,solana-above-70-on-june-4-2026,1780420500,0.925,-0.925,-0.7484350049093365,0
SOL,2026-06-03,solana-above-80-on-june-3-2026,1780421400,0.09,-0.09,0.21507745357910543,0
SOL,2026-06-03,solana-above-70-on-june-3-2026,1780426800,0.948,0.052000000000000046,0.08304452807284654,1
BTC,2026-06-04,bitcoin-above-64k-on-june-4-2026-539,1780428600,0.881,-0.881,-0.6256893221670495,0
BTC,2026-06-06,bitcoin-above-68k-on-june-6-2026-331-336-128,1780430400,0.417,-0.417,0.4157835825408461,0
BTC,2026-06-09,bitcoin-above-64k-on-june-9-2026-453-432,1780430400,0.78,-0.78,-0.34533864781135665,0
ETH,2026-06-03,ethereum-above-1900-on-june-3-2026,1780430400,0.58,-0.58,-0.03275902190508739,0
BTC,2026-06-09,bitcoin-above-70k-on-june-9-2026,1780434000,0.22,-0.22,0.33831687881318195,0
BTC,2026-06-06,bitcoin-above-66k-on-june-6-2026-133-165-898-474,1780434900,0.703,-0.703,0.04100451340266398,0
BTC,2026-06-08,bitcoin-above-68k-on-june-8-2026-717,1780435800,0.49,-0.49,-0.04338000212152804,0
BTC,2026-06-08,bitcoin-above-70k-on-june-8-2026-448,1780435800,0.27,-0.27,0.12202478020064006,0
ETH,2026-06-07,ethereum-above-1900-on-june-7-2026,1780437600,0.49,-0.49,0.5162016177560027,0
ETH,2026-06-06,ethereum-above-1800-on-june-6-2026,1780440300,0.797,-0.797,0.12044482624752018,0
ETH,2026-06-08,ethereum-above-1900-on-june-8-2026,1780440300,0.46,-0.46,0.21528719030737292,0
ETH,2026-06-06,ethereum-above-1900-on-june-6-2026,1780440300,0.45,-0.45,0.920985202785463,0
ETH,2026-06-08,ethereum-above-1800-on-june-8-2026,1780442100,0.73,-0.73,-0.24460976843966536,0
ETH,2026-06-09,ethereum-above-1900-on-june-9-2026,1780442100,0.42,-0.42,0.28005143464330523,0
ETH,2026-06-09,ethereum-above-2000-on-june-9-2026,1780442100,0.16,-0.16,0.3083211051668854,0
ETH,2026-06-09,ethereum-above-1800-on-june-9-2026,1780443900,0.67,-0.67,-0.080872342864594,0
ETH,2026-06-05,ethereum-above-1900-on-june-5-2026,1780488900,0.38,-0.38,1.1310578257572823,0
ETH,2026-06-04,ethereum-above-1800-on-june-4-2026,1780497000,0.8210000000000001,-0.8210000000000001,-0.4793438879874199,0
ETH,2026-06-05,ethereum-above-1700-on-june-5-2026,1780500600,0.9420000000000001,-0.9420000000000001,-0.5355330842610143,0
BTC,2026-06-08,bitcoin-above-62k-on-june-8-2026-644,1780500600,0.89,0.10999999999999999,0.26371817074531084,1
BTC,2026-06-04,bitcoin-above-66k-on-june-4-2026-369,1780500600,0.632,-0.632,-0.03638062764069838,0
ETH,2026-06-10,ethereum-above-1900-on-june-10-2026,1780505100,0.26,-0.26,0.20069496419108762,0
ETH,2026-06-10,ethereum-above-2000-on-june-10-2026,1780506000,0.06999999999999999,-0.06999999999999999,0.18661881495674815,0
ETH,2026-06-05,ethereum-above-1800-on-june-5-2026,1780507800,0.641,-0.641,0.5867883018642397,0
ETH,2026-06-10,ethereum-above-1800-on-june-10-2026,1780516800,0.5,-0.5,-0.05537143506221237,0
ETH,2026-06-09,ethereum-above-1700-on-june-9-2026,1780517700,0.8,-0.8,-0.4246532689205745,0
BTC,2026-06-09,bitcoin-above-64k-on-june-9-2026-453-432,1780517700,0.66,-0.66,-0.22614859719364044,0
ETH,2026-06-10,ethereum-above-1700-on-june-10-2026,1780517700,0.78,-0.78,-0.45414736544020345,0
ETH,2026-06-07,ethereum-above-1900-on-june-7-2026,1780524000,0.29000000000000004,-0.29000000000000004,0.5077984426250725,0
ETH,2026-06-06,ethereum-above-1700-on-june-6-2026,1780533900,0.823,-0.823,-0.20769368126684695,0
BTC,2026-06-08,bitcoin-above-64k-on-june-8-2026-139,1780533900,0.444,-0.444,-0.45531413688847805,0
BTC,2026-06-07,bitcoin-above-64k-on-june-7-2026-536,1780533900,0.439,-0.439,-0.25520853221619244,0
ETH,2026-06-06,ethereum-above-1800-on-june-6-2026,1780533900,0.483,-0.483,0.5400853296692746,0
ETH,2026-06-09,ethereum-above-1800-on-june-9-2026,1780534800,0.48,-0.48,-0.014586877920125807,0
ETH,2026-06-08,ethereum-above-1700-on-june-8-2026,1780534800,0.784,-0.784,-0.5339062941146022,0
ETH,2026-06-08,ethereum-above-1800-on-june-8-2026,1780534800,0.48,-0.48,-0.13784671646072694,0
ETH,2026-06-07,ethereum-above-1800-on-june-7-2026,1780534800,0.48,-0.48,0.13719136330130433,0
BTC,2026-06-07,bitcoin-above-68k-on-june-7-2026-634,1780542900,0.11199999999999999,-0.11199999999999999,0.0007201445806401113,0
ETH,2026-06-08,ethereum-above-1900-on-june-8-2026,1780544700,0.23,-0.23,0.061708107999136536,0
BTC,2026-06-06,bitcoin-above-68k-on-june-6-2026-331-336-128,1780544700,0.111,-0.111,0.13446890330968103,0
SOL,2026-06-09,solana-above-80-on-june-9-2026,1780544700,0.08,-0.08,0.12982181342099353,0
SOL,2026-06-10,solana-above-70-on-june-10-2026,1780544700,0.5700000000000001,-0.5700000000000001,-0.24285236297540747,0
XRP,2026-06-08,xrp-above-1pt3-on-june-8-2026,1780544700,0.09,-0.09,0.013396595924979826,0
XRP,2026-06-05,xrp-above-1pt3-on-june-5-2026,1780544700,0.02,-0.02,0.20549738745922533,0
XRP,2026-06-07,xrp-above-1pt2-on-june-7-2026,1780545600,0.54,-0.54,-0.12083198824449687,0
BTC,2026-06-08,bitcoin-above-68k-on-june-8-2026-717,1780546500,0.17,-0.17,-0.10430181053432748,0
ETH,2026-06-06,ethereum-above-1900-on-june-6-2026,1780546500,0.18000000000000002,-0.18000000000000002,0.560721623558366,0
ETH,2026-06-09,ethereum-above-1900-on-june-9-2026,1780546500,0.26,-0.26,0.1599356987706992,0
BTC,2026-06-06,bitcoin-above-64k-on-june-6-2026-957-953-472-848,1780549200,0.551,-0.551,-0.1196110866131817,0
SOL,2026-06-08,solana-above-70-on-june-8-2026,1780550100,0.486,-0.486,-0.26994088325599064,0
XRP,2026-06-10,xrp-above-1pt2-on-june-10-2026,1780550100,0.43,-0.43,-0.14504726472039253,0
BTC,2026-06-04,bitcoin-above-60k-on-june-4-2026,1780553700,0.96,0.040000000000000036,0.04609655787225356,1
ETH,2026-06-08,ethereum-above-1600-on-june-8-2026,1780558200,0.899,0.10099999999999998,0.22431872503372974,1
XRP,2026-06-05,xrp-above-1pt1-on-june-5-2026,1780559100,0.921,-0.921,-0.7550909047478969,0
ETH,2026-06-07,ethereum-above-1600-on-june-7-2026,1780560000,0.912,0.08799999999999997,0.29503686821204156,1
XRP,2026-06-04,xrp-above-1pt1-on-june-4-2026,1780560900,0.96,0.040000000000000036,0.03859447405500414,1
XRP,2026-06-06,xrp-above-1pt1-on-june-6-2026,1780563600,0.839,-0.839,-0.5854267631606993,0
SOL,2026-06-09,solana-above-70-on-june-9-2026,1780563600,0.43,-0.43,-0.12436669208620788,0
XRP,2026-06-09,xrp-above-1pt2-on-june-9-2026,1780567200,0.29000000000000004,-0.29000000000000004,-0.14760806320784559,0
ETH,2026-06-04,ethereum-above-1800-on-june-4-2026,1780586100,0.133,-0.133,0.13357387593579284,0
ETH,2026-06-05,ethereum-above-1700-on-june-5-2026,1780587000,0.852,-0.852,-0.1865922890724605,0
BTC,2026-06-05,bitcoin-above-64k-on-june-5-2026-299,1780588800,0.47100000000000003,-0.47100000000000003,0.3279811662990168,0
BTC,2026-06-08,bitcoin-above-62k-on-june-8-2026-644,1780588800,0.741,0.259,0.27819455452098857,1
BTC,2026-06-10,bitcoin-above-64k-on-june-10-2026,1780590600,0.46,-0.46,-0.3533394674038102,0
BTC,2026-06-10,bitcoin-above-66k-on-june-10-2026,1780591500,0.28,-0.28,-0.1743180552303395,0
ETH,2026-06-10,ethereum-above-1900-on-june-10-2026,1780591500,0.14,-0.14,0.1039266029049078,0
BTC,2026-06-11,bitcoin-above-64k-on-june-11-2026,1780592400,0.44,-0.44,-0.36841432339878766,0
BTC,2026-06-11,bitcoin-above-62k-on-june-11-2026,1780592400,0.63,0.37,0.4349670830048094,1
SOL,2026-06-11,solana-above-70-on-june-11-2026,1780598700,0.45,-0.45,-0.22710070659945067,0
ETH,2026-06-05,ethereum-above-1800-on-june-5-2026,1780600500,0.325,-0.325,1.118011915472722,0
BTC,2026-06-09,bitcoin-above-64k-on-june-9-2026-453-432,1780604100,0.44,-0.44,-0.16656058767610543,0
BTC,2026-06-07,bitcoin-above-62k-on-june-7-2026,1780621200,0.74,0.26,0.44327941557932315,1
ETH,2026-06-11,ethereum-above-1700-on-june-11-2026,1780621200,0.68,-0.68,-0.38372816501182266,0
ETH,2026-06-08,ethereum-above-1700-on-june-8-2026,1780621200,0.739,-0.739,-0.49428912158562266,0
BTC,2026-06-07,bitcoin-above-64k-on-june-7-2026-536,1780621200,0.4,-0.4,-0.17156052135132113,0
ETH,2026-06-11,ethereum-above-1800-on-june-11-2026,1780621200,0.37,-0.37,-0.046155399792914886,0
BTC,2026-06-08,bitcoin-above-64k-on-june-8-2026-139,1780622100,0.397,-0.397,-0.44520525514219556,0
ETH,2026-06-07,ethereum-above-1800-on-june-7-2026,1780622100,0.26,-0.26,0.30714409158619616,0
ETH,2026-06-06,ethereum-above-1700-on-june-6-2026,1780622100,0.773,-0.773,0.06822199488368452,0
ETH,2026-06-10,ethereum-above-1700-on-june-10-2026,1780623900,0.6900000000000001,-0.6900000000000001,-0.4036307327839585,0
ETH,2026-06-09,ethereum-above-1800-on-june-9-2026,1780623900,0.33,-0.33,0.08722223481097097,0
ETH,2026-06-10,ethereum-above-1800-on-june-10-2026,1780623900,0.35000000000000003,-0.35000000000000003,-0.03207742039333639,0
BTC,2026-06-10,bitcoin-above-62k-on-june-10-2026,1780624800,0.67,0.32999999999999996,0.4096194785281321,1
BTC,2026-06-09,bitcoin-above-62k-on-june-9-2026,1780624800,0.681,-0.681,-0.4427845764688193,0
BTC,2026-06-10,bitcoin-above-58k-on-june-10-2026,1780629300,0.864,0.136,0.1253039417000798,1
ETH,2026-06-11,ethereum-above-1600-on-june-11-2026,1780632000,0.8200000000000001,0.17999999999999994,0.33546478699708804,1
BTC,2026-06-08,bitcoin-above-66k-on-june-8-2026-811,1780632000,0.09999999999999999,-0.09999999999999999,-0.16779651030612347,0
BTC,2026-06-07,bitcoin-above-60k-on-june-7-2026-159,1780633800,0.89,0.10999999999999999,0.19631593629401883,1
BTC,2026-06-09,bitcoin-above-66k-on-june-9-2026-493,1780633800,0.18000000000000002,-0.18000000000000002,-0.0009631137284148716,0
BTC,2026-06-06,bitcoin-above-64k-on-june-6-2026-957-953-472-848,1780635600,0.406,-0.406,0.18374802636214804,0
ETH,2026-06-07,ethereum-above-1500-on-june-7-2026,1780639200,0.9390000000000001,0.06099999999999994,0.11498088256458938,1
ETH,2026-06-10,ethereum-above-1600-on-june-10-2026,1780639200,0.738,0.262,0.3293930021044752,1
BTC,2026-06-07,bitcoin-above-58k-on-june-7-2026-356-993,1780640100,0.914,0.08599999999999997,0.08625373762084391,1
BTC,2026-06-06,bitcoin-above-60k-on-june-6-2026-252,1780641000,0.764,0.236,0.3515424347383381,1
BTC,2026-06-09,bitcoin-above-58k-on-june-9-2026,1780641900,0.851,0.14900000000000002,0.20450917208435537,1
ETH,2026-06-09,ethereum-above-1700-on-june-9-2026,1780641900,0.37,-0.37,-0.2841425676144863,0
XRP,2026-06-05,xrp-above-1pt1-on-june-5-2026,1780651800,0.876,-0.876,-0.6473237627085493,0
ETH,2026-06-11,ethereum-above-1500-on-june-11-2026,1780653600,0.87,0.13,0.17865255514515277,1
ETH,2026-06-06,ethereum-above-1600-on-june-6-2026,1780653600,0.848,-0.848,-0.4745715486369466,0
ETH,2026-06-09,ethereum-above-1500-on-june-9-2026,1780654500,0.903,0.09699999999999998,0.1487700929160463,1
ETH,2026-06-07,ethereum-above-1700-on-june-7-2026,1780654500,0.392,-0.392,-0.1697401481060959,0
BTC,2026-06-11,bitcoin-above-66k-on-june-11-2026,1780655400,0.17,-0.17,-0.1845778876329439,0
BTC,2026-06-10,bitcoin-above-56k-on-june-10-2026,1780659900,0.913,0.08699999999999997,0.06982998053919785,1
XRP,2026-06-06,xrp-above-1pt1-on-june-6-2026,1780665300,0.706,-0.706,-0.4613865286313331,0
ETH,2026-06-08,ethereum-above-1500-on-june-8-2026,1780668900,0.834,0.16600000000000004,0.01796318462170754,1
BTC,2026-06-08,bitcoin-above-60k-on-june-8-2026,1780677900,0.62,0.38,0.04433381950567222,1
BTC,2026-06-08,bitcoin-above-62k-on-june-8-2026-644,1780678800,0.431,0.569,0.28185471353983416,1
BTC,2026-06-11,bitcoin-above-64k-on-june-11-2026,1780678800,0.26,-0.26,-0.366442524501117,0
BTC,2026-06-11,bitcoin-above-62k-on-june-11-2026,1780678800,0.44,0.56,0.4381107333756098,1
BTC,2026-06-11,bitcoin-above-60k-on-june-11-2026,1780679700,0.6,0.4,0.25779828137807126,1
BTC,2026-06-11,bitcoin-above-58k-on-june-11-2026,1780679700,0.76,0.24,0.12737206041140947,1
BTC,2026-06-10,bitcoin-above-64k-on-june-10-2026,1780680600,0.18000000000000002,-0.18000000000000002,-0.31259071698583524,0
ETH,2026-06-06,ethereum-above-1500-on-june-6-2026,1780680600,0.895,0.10499999999999998,0.1872510054049874,1
BTC,2026-06-11,bitcoin-above-54k-on-june-11-2026,1780682400,0.904,0.09599999999999997,0.028301022769037565,1
BTC,2026-06-08,bitcoin-above-58k-on-june-8-2026,1780683300,0.81,0.18999999999999995,-0.07103246848566647,1
BTC,2026-06-08,bitcoin-above-56k-on-june-8-2026,1780685100,0.86,0.14,-0.0816591744226002,1
BTC,2026-06-09,bitcoin-above-64k-on-june-9-2026-453-432,1780694100,0.25,-0.25,-0.18686315121694919,0
BTC,2026-06-09,bitcoin-above-60k-on-june-9-2026,1780713900,0.627,0.373,0.3447580321507964,1
BTC,2026-06-10,bitcoin-above-58k-on-june-10-2026,1780715700,0.762,0.238,0.11381190481027638,1
BTC,2026-06-09,bitcoin-above-58k-on-june-9-2026,1780728300,0.777,0.22299999999999998,0.191492888417875,1
ETH,2026-06-09,ethereum-above-1600-on-june-9-2026,1780731000,0.381,0.619,0.3962291013052367,1
ETH,2026-06-10,ethereum-above-1600-on-june-10-2026,1780731000,0.396,0.604,0.3569381081957348,1
ETH,2026-06-10,ethereum-above-1700-on-june-10-2026,1780731900,0.15000000000000002,-0.15000000000000002,-0.301882494128561,0
ETH,2026-06-08,ethereum-above-1700-on-june-8-2026,1780738200,0.08399999999999999,-0.08399999999999999,-0.2898943274556576,0
ETH,2026-06-07,ethereum-above-1600-on-june-7-2026,1780753500,0.248,0.752,0.42041601709570203,1
ETH,2026-06-08,ethereum-above-1500-on-june-8-2026,1780760700,0.754,0.246,-0.14906965606710876,1
BTC,2026-06-10,bitcoin-above-64k-on-june-10-2026,1780795800,0.22,-0.22,-0.30442673584650765,0
BTC,2026-06-10,bitcoin-above-56k-on-june-10-2026,1780804800,0.916,0.08399999999999996,0.049201996136721465,1
BTC,2026-06-10,bitcoin-above-58k-on-june-10-2026,1780805700,0.834,0.16600000000000004,0.09808274888296872,1
BTC,2026-06-10,bitcoin-above-66k-on-june-10-2026,1780820100,0.15000000000000002,-0.15000000000000002,-0.16245393805521996,0
ETH,2026-06-09,ethereum-above-1600-on-june-9-2026,1780824600,0.646,0.354,0.362876888393066,1
BTC,2026-06-09,bitcoin-above-60k-on-june-9-2026,1780835400,0.724,0.276,0.3491244334367596,1
BTC,2026-06-09,bitcoin-above-58k-on-june-9-2026,1780837200,0.858,0.14200000000000002,0.18544517336931896,1
ETH,2026-06-11,ethereum-above-1500-on-june-11-2026,1780847100,0.8220000000000001,0.17799999999999994,0.15404148273853244,1
BTC,2026-06-11,bitcoin-above-62k-on-june-11-2026,1780848900,0.52,0.48,0.42083943920280453,1
ETH,2026-06-11,ethereum-above-1700-on-june-11-2026,1780852500,0.3,-0.3,-0.3287630390742203,0
BTC,2026-06-11,bitcoin-above-64k-on-june-11-2026,1780856100,0.33,-0.33,-0.37488737887930595,0
ETH,2026-06-09,ethereum-above-1800-on-june-9-2026,1780876800,0.106,-0.106,0.00682370675872368,0
ETH,2026-06-10,ethereum-above-1800-on-june-10-2026,1780880400,0.17700000000000002,-0.17700000000000002,-0.08065085432353458,0
BTC,2026-06-10,bitcoin-above-64k-on-june-10-2026,1780882200,0.37,-0.37,-0.34387161080204454,0
ETH,2026-06-09,ethereum-above-1700-on-june-9-2026,1780902000,0.34,-0.34,-0.22120610348877154,0
ETH,2026-06-10,ethereum-above-1700-on-june-10-2026,1780905600,0.4,-0.4,-0.33970315923625594,0
BTC,2026-06-08,bitcoin-above-64k-on-june-8-2026-139,1780910100,0.245,-0.245,-0.3599106806202991,0
XRP,2026-06-10,xrp-above-1pt2-on-june-10-2026,1780929000,0.29000000000000004,-0.29000000000000004,-0.10161256009988082,0
XRP,2026-06-09,xrp-above-1pt2-on-june-9-2026,1780930800,0.26,-0.26,0.037743156008831824,0
BTC,2026-06-11,bitcoin-above-68k-on-june-11-2026,1780931700,0.077,-0.077,0.006554926926873844,0
ETH,2026-06-11,ethereum-above-1800-on-june-11-2026,1780956000,0.118,-0.118,0.02746900586772097,0
BTC,2026-06-11,bitcoin-above-66k-on-june-11-2026,1780960500,0.16,-0.16,-0.08043003449063188,0
BTC,2026-06-11,bitcoin-above-62k-on-june-11-2026,1780962300,0.67,0.32999999999999996,0.3748684920544238,1
ETH,2026-06-09,ethereum-above-1700-on-june-9-2026,1780988400,0.36,-0.36,0.1526427789076048,0
BTC,2026-06-12,bitcoin-above-60k-on-june-12-2026,1781000100,0.83,0.17000000000000004,0.093592529257793,1
ETH,2026-06-11,ethereum-above-1600-on-june-11-2026,1781006400,0.81,0.18999999999999995,0.27426779394439704,1
ETH,2026-06-10,ethereum-above-1700-on-june-10-2026,1781007300,0.35000000000000003,-0.35000000000000003,-0.1840670201233558,0
ETH,2026-06-12,ethereum-above-1600-on-june-12-2026,1781009100,0.78,0.21999999999999997,0.2543859994389028,1
BTC,2026-06-12,bitcoin-above-64k-on-june-12-2026,1781012700,0.26,-0.26,-0.4149376435329064,0
BTC,2026-06-12,bitcoin-above-62k-on-june-12-2026,1781012700,0.5700000000000001,0.42999999999999994,0.2536216499523942,1
ETH,2026-06-10,ethereum-above-1600-on-june-10-2026,1781015400,0.744,0.256,0.16299106335815694,1
ETH,2026-06-12,ethereum-above-1700-on-june-12-2026,1781017200,0.26,-0.26,-0.31947710543802604,0
BTC,2026-06-11,bitcoin-above-60k-on-june-11-2026,1781017200,0.74,0.26,0.09434998414519716,1
BTC,2026-06-14,bitcoin-above-64k-on-june-14-2026,1781035200,0.26,0.74,0.5438265832087013,1
BTC,2026-06-15,bitcoin-above-64k-on-june-15-2026,1781035200,0.28,0.72,0.25187369940319226,1
BTC,2026-06-14,bitcoin-above-62k-on-june-14-2026,1781035200,0.51,0.49,0.26809281117317885,1
BTC,2026-06-15,bitcoin-above-62k-on-june-15-2026,1781035200,0.52,0.48,-0.03762489241259759,1
BTC,2026-06-13,bitcoin-above-62k-on-june-13-2026,1781035200,0.52,0.48,0.21115115172454224,1
XRP,2026-06-15,xrp-above-1pt2-on-june-15-2026,1781037900,0.24000000000000002,0.76,0.3714008049982374,1
XRP,2026-06-11,xrp-above-1pt2-on-june-11-2026,1781037900,0.11,-0.11,0.01925806907694376,0
XRP,2026-06-12,xrp-above-1pt2-on-june-12-2026,1781039700,0.16,-0.16,-0.10740192370830225,0
XRP,2026-06-14,xrp-above-1pt2-on-june-14-2026,1781042400,0.2,-0.2,-0.19584426177494887,0
ETH,2026-06-14,ethereum-above-1700-on-june-14-2026,1781062200,0.27,-0.27,-0.35167527205532007,0
ETH,2026-06-15,ethereum-above-1700-on-june-15-2026,1781062200,0.29000000000000004,0.71,0.17493498581001587,1
ETH,2026-06-13,ethereum-above-1700-on-june-13-2026,1781062200,0.25,-0.25,-0.3899038540085846,0
ETH,2026-06-16,ethereum-above-1700-on-june-16-2026,1781074800,0.3,0.7,0.32819547826204604,1
ETH,2026-06-16,ethereum-above-1600-on-june-16-2026,1781075700,0.62,0.38,-0.003648668555637946,1
ETH,2026-06-15,ethereum-above-1800-on-june-15-2026,1781076600,0.08,0.92,0.6560950038340115,1
ETH,2026-06-14,ethereum-above-1800-on-june-14-2026,1781076600,0.060000000000000005,-0.060000000000000005,-0.09429194795340973,0
BTC,2026-06-16,bitcoin-above-60k-on-june-16-2026,1781079300,0.67,0.32999999999999996,-0.03512994873005204,1
BTC,2026-06-13,bitcoin-above-60k-on-june-13-2026,1781086500,0.68,0.31999999999999995,-0.01962701725905236,1
BTC,2026-06-14,bitcoin-above-60k-on-june-14-2026,1781086500,0.66,0.33999999999999997,0.04119319787492964,1
BTC,2026-06-12,bitcoin-above-62k-on-june-12-2026,1781099100,0.56,0.43999999999999995,0.25322780490458474,1
BTC,2026-06-15,bitcoin-above-66k-on-june-15-2026,1781099100,0.11,0.89,0.5828518325110044,1
BTC,2026-06-13,bitcoin-above-66k-on-june-13-2026,1781099100,0.06999999999999999,-0.06999999999999999,-0.18436642710177414,0
BTC,2026-06-14,bitcoin-above-62k-on-june-14-2026,1781121600,0.49,0.51,0.20629334828117912,1
BTC,2026-06-15,bitcoin-above-62k-on-june-15-2026,1781121600,0.5,0.5,-0.13967391736694978,1
BTC,2026-06-14,bitcoin-above-64k-on-june-14-2026,1781121600,0.2,0.8,0.5652567474505626,1
BTC,2026-06-13,bitcoin-above-62k-on-june-13-2026,1781121600,0.48,0.52,0.14818587865831467,1
BTC,2026-06-15,bitcoin-above-64k-on-june-15-2026,1781121600,0.23,0.77,0.24001303206040037,1
BTC,2026-06-17,bitcoin-above-62k-on-june-17-2026,1781122500,0.47000000000000003,0.53,0.12654074008027,1
BTC,2026-06-16,bitcoin-above-62k-on-june-16-2026,1781127900,0.46,0.54,0.07220509270372338,1
ETH,2026-06-14,ethereum-above-1600-on-june-14-2026,1781160300,0.76,0.24,0.22730574841141124,1
ETH,2026-06-14,ethereum-above-1700-on-june-14-2026,1781168400,0.3,-0.3,-0.3167139582851583,0
ETH,2026-06-13,ethereum-above-1700-on-june-13-2026,1781171100,0.27,-0.27,-0.3639103820603585,0
ETH,2026-06-16,ethereum-above-1600-on-june-16-2026,1781179200,0.73,0.27,-0.06049819677334595,1
ETH,2026-06-15,ethereum-above-1700-on-june-15-2026,1781179200,0.34,0.6599999999999999,-0.0016148141921468184,1
ETH,2026-06-17,ethereum-above-1600-on-june-17-2026,1781179200,0.71,0.29000000000000004,0.00510017012010805,1
ETH,2026-06-16,ethereum-above-1700-on-june-16-2026,1781179200,0.36,0.64,0.24261120401286707,1
BTC,2026-06-16,bitcoin-above-64k-on-june-16-2026,1781191800,0.33,0.6699999999999999,0.29389664049962877,1
BTC,2026-06-18,bitcoin-above-62k-on-june-18-2026,1781195400,0.56,0.43999999999999995,0.449686480335509,1
BTC,2026-06-18,bitcoin-above-64k-on-june-18-2026,1781200800,0.45,-0.45,-0.33216580127564915,0
BTC,2026-06-17,bitcoin-above-64k-on-june-17-2026,1781200800,0.46,0.54,0.29045941241297824,1
ETH,2026-06-17,ethereum-above-1700-on-june-17-2026,1781200800,0.45,0.55,0.26701989153834177,1
BTC,2026-06-14,bitcoin-above-64k-on-june-14-2026,1781208000,0.42,0.5800000000000001,0.4914149060346757,1
ETH,2026-06-12,ethereum-above-1700-on-june-12-2026,1781208000,0.32,-0.32,-0.1695982106438855,0
BTC,2026-06-13,bitcoin-above-64k-on-june-13-2026,1781214300,0.39,0.61,0.4501042134332796,1
ETH,2026-06-18,ethereum-above-1700-on-june-18-2026,1781223300,0.4,-0.4,-0.4347869008948209,0
BTC,2026-06-15,bitcoin-above-64k-on-june-15-2026,1781232300,0.43,0.5700000000000001,-0.015627666410676477,1
BTC,2026-06-16,bitcoin-above-66k-on-june-16-2026,1781236800,0.16,-0.16,-0.38674018483224804,0
BTC,2026-06-17,bitcoin-above-62k-on-june-17-2026,1781238600,0.72,0.28,0.07261237288723685,1
BTC,2026-06-17,bitcoin-above-66k-on-june-17-2026,1781238600,0.22,-0.22,-0.41746634414136263,0
XRP,2026-06-14,xrp-above-1pt2-on-june-14-2026,1781254800,0.09,-0.09,-0.06173131138057077,0
ETH,2026-06-14,ethereum-above-1700-on-june-14-2026,1781254800,0.3,-0.3,-0.23861515417528933,0
XRP,2026-06-13,xrp-above-1pt2-on-june-13-2026,1781256600,0.060000000000000005,-0.060000000000000005,-0.08927543572520792,0
SOL,2026-06-16,solana-above-70-on-june-16-2026,1781257500,0.21000000000000002,0.79,0.3331358726069724,1
SOL,2026-06-14,solana-above-70-on-june-14-2026,1781257500,0.11,-0.11,-0.12957002527578082,0
ETH,2026-06-16,ethereum-above-1700-on-june-16-2026,1781265600,0.35000000000000003,0.6499999999999999,0.17075374868269388,1
ETH,2026-06-15,ethereum-above-1700-on-june-15-2026,1781265600,0.32,0.6799999999999999,-0.18628970019760227,1
SOL,2026-06-17,solana-above-70-on-june-17-2026,1781277300,0.35000000000000003,0.6499999999999999,0.24003570719067358,1
XRP,2026-06-15,xrp-above-1pt2-on-june-15-2026,1781282700,0.09999999999999999,0.9,0.46079703193024957,1
BTC,2026-06-16,bitcoin-above-64k-on-june-16-2026,1781283600,0.49,0.51,0.19123976796549075,1
ETH,2026-06-17,ethereum-above-1700-on-june-17-2026,1781291700,0.36,0.64,0.2328846308344416,1
BTC,2026-06-17,bitcoin-above-64k-on-june-17-2026,1781294400,0.43,0.5700000000000001,0.24586036372733627,1
BTC,2026-06-17,bitcoin-above-64k-on-june-17-2026,1781381700,0.55,0.44999999999999996,0.1985485894551811,1
ETH,2026-06-15,ethereum-above-1700-on-june-15-2026,1781388000,0.38,0.62,-0.47017187653794756,1
BTC,2026-06-18,bitcoin-above-66k-on-june-18-2026,1781448300,0.21000000000000002,-0.21000000000000002,-0.05399007570441655,0
BTC,2026-06-17,bitcoin-above-62k-on-june-17-2026,1781459100,0.8,0.19999999999999996,-0.039747121019851284,1
ETH,2026-06-15,ethereum-above-1700-on-june-15-2026,1781482500,0.77,0.22999999999999998,-0.5338373865978064,1
ETH,2026-06-16,ethereum-above-1700-on-june-16-2026,1781482500,0.68,0.31999999999999995,0.046259756350992165,1
BTC,2026-06-17,bitcoin-above-66k-on-june-17-2026,1781482500,0.45,-0.45,-0.4350507518357509,0
BTC,2026-06-18,bitcoin-above-68k-on-june-18-2026,1781482500,0.18000000000000002,-0.18000000000000002,0.19858433541523704,0
SOL,2026-06-16,solana-above-70-on-june-16-2026,1781482500,0.7,0.30000000000000004,0.1044646723417684,1
ETH,2026-06-15,ethereum-above-1800-on-june-15-2026,1781530200,0.71,0.29000000000000004,0.04913286895350874,1
XRP,2026-06-17,xrp-above-1pt2-on-june-17-2026,1781550900,0.92,0.07999999999999996,0.2415736815429882,1
BTC,2026-06-19,bitcoin-above-68k-on-june-19-2026,1781603100,0.26,-0.26,0.2803921320457019,0
BTC,2026-06-19,bitcoin-above-66k-on-june-19-2026,1781605800,0.61,-0.61,-0.021528623095758093,0
BTC,2026-06-22,bitcoin-above-66k-on-june-22-2026,1781640000,0.46,-0.46,-0.33381611851801585,0
BTC,2026-06-21,bitcoin-above-66k-on-june-21-2026,1781640900,0.47000000000000003,-0.47000000000000003,-0.2281975724259135,0
ETH,2026-06-21,ethereum-above-1800-on-june-21-2026,1781642700,0.49,-0.49,-0.20678875896098747,0
ETH,2026-06-22,ethereum-above-1800-on-june-22-2026,1781642700,0.49,-0.49,-0.28885775587632345,0
BTC,2026-06-20,bitcoin-above-68k-on-june-20-2026,1781643600,0.17,-0.17,0.040045669585485666,0
BTC,2026-06-22,bitcoin-above-64k-on-june-22-2026,1781645400,0.75,0.25,0.356457568221467,1
SOL,2026-06-22,solana-above-80-on-june-22-2026,1781648100,0.09999999999999999,-0.09999999999999999,-0.06639662922597221,0
ETH,2026-06-20,ethereum-above-1900-on-june-20-2026,1781651700,0.09899999999999999,-0.09899999999999999,0.04009686000789671,0
ETH,2026-06-19,ethereum-above-1800-on-june-19-2026,1781698500,0.29000000000000004,-0.29000000000000004,-0.011633938674999178,0
ETH,2026-06-18,ethereum-above-1800-on-june-18-2026,1781711100,0.24000000000000002,-0.24000000000000002,0.2538068771262285,0
XRP,2026-06-20,xrp-above-1pt2-on-june-20-2026,1781712900,0.58,-0.58,-0.16875338161770803,0
XRP,2026-06-21,xrp-above-1pt2-on-june-21-2026,1781712900,0.5700000000000001,-0.5700000000000001,-0.197165710008393,0
SOL,2026-06-18,solana-above-70-on-june-18-2026,1781713800,0.91,-0.91,-0.697492020251278,0
BTC,2026-06-19,bitcoin-above-68k-on-june-19-2026,1781719200,0.09999999999999999,-0.09999999999999999,0.27403897130872457,0
ETH,2026-06-19,ethereum-above-1700-on-june-19-2026,1781719200,0.86,0.14,0.36322084715730196,1
ETH,2026-06-18,ethereum-above-1700-on-june-18-2026,1781719200,0.89,-0.89,-0.649498852666529,0
BTC,2026-06-21,bitcoin-above-64k-on-june-21-2026,1781719200,0.78,0.21999999999999997,0.4374374831847456,1
XRP,2026-06-19,xrp-above-1pt2-on-june-19-2026,1781722800,0.59,-0.59,-0.018878458498215234,0
XRP,2026-06-21,xrp-above-1pt3-on-june-21-2026,1781722800,0.060000000000000005,-0.060000000000000005,0.09021160661938718,0
XRP,2026-06-23,xrp-above-1pt2-on-june-23-2026,1781722800,0.53,-0.53,0.010229060897019804,0
XRP,2026-06-22,xrp-above-1pt2-on-june-22-2026,1781727300,0.37,-0.37,-0.15045103745321672,0
ETH,2026-06-20,ethereum-above-1800-on-june-20-2026,1781730000,0.22,-0.22,-0.1769877200549105,0
ETH,2026-06-20,ethereum-above-1700-on-june-20-2026,1781731800,0.73,0.27,0.2998881232155674,1
ETH,2026-06-21,ethereum-above-1800-on-june-21-2026,1781741700,0.27,-0.27,-0.15806109422463815,0
BTC,2026-06-22,bitcoin-above-64k-on-june-22-2026,1781771400,0.62,0.38,0.34566029202051757,1
ETH,2026-06-22,ethereum-above-1700-on-june-22-2026,1781788500,0.73,0.27,0.2947678424555505,1
ETH,2026-06-23,ethereum-above-1700-on-june-23-2026,1781792100,0.64,-0.64,-0.37048766845267783,0
ETH,2026-06-22,ethereum-above-1600-on-june-22-2026,1781797500,0.868,0.132,0.024107833994371303,1
BTC,2026-06-20,bitcoin-above-62k-on-june-20-2026,1781797500,0.671,0.32899999999999996,0.09000322491153429,1
BTC,2026-06-20,bitcoin-above-60k-on-june-20-2026,1781797500,0.904,0.09599999999999997,-0.004344643857320266,1
BTC,2026-06-21,bitcoin-above-62k-on-june-21-2026,1781799300,0.625,0.375,0.11194457823245901,1
BTC,2026-06-24,bitcoin-above-62k-on-june-24-2026,1781799300,0.59,-0.59,-0.3158413339528147,0
BTC,2026-06-23,bitcoin-above-68k-on-june-23-2026,1781813700,0.05,-0.05,-0.02018787938277225,0
ETH,2026-06-19,ethereum-above-1700-on-june-19-2026,1781837100,0.51,0.49,0.45590548839429956,1
ETH,2026-06-20,ethereum-above-1700-on-june-20-2026,1781841600,0.46,0.54,0.24797278698663971,1
ETH,2026-06-21,ethereum-above-1700-on-june-21-2026,1781851500,0.48,0.52,0.33917907383124846,1
BTC,2026-06-22,bitcoin-above-64k-on-june-22-2026,1781874000,0.27,0.73,0.40542989118102835,1
ETH,2026-06-22,ethereum-above-1700-on-june-22-2026,1781877600,0.52,0.48,0.25676336615901324,1
ETH,2026-06-23,ethereum-above-1700-on-june-23-2026,1781878500,0.5,-0.5,-0.3216371150675513,0
BTC,2026-06-23,bitcoin-above-62k-on-june-23-2026,1781893800,0.71,0.29000000000000004,0.3784122824142744,1
BTC,2026-06-24,bitcoin-above-64k-on-june-24-2026,1781915400,0.44,-0.44,0.11546500408637267,0
BTC,2026-06-24,bitcoin-above-64k-on-june-24-2026,1782013500,0.59,-0.59,0.15336443321531368,0
BTC,2026-06-23,bitcoin-above-66k-on-june-23-2026,1782015300,0.17,-0.17,0.11898248388022761,0
ETH,2026-06-22,ethereum-above-1700-on-june-22-2026,1782015300,0.78,0.21999999999999997,0.17607286382564818,1
BTC,2026-06-24,bitcoin-above-66k-on-june-24-2026,1782022500,0.19,-0.19,0.3528136967194831,0
ETH,2026-06-24,ethereum-above-1800-on-june-24-2026,1782023400,0.2,-0.2,0.23101816532600183,0
ETH,2026-06-25,ethereum-above-1700-on-june-25-2026,1782026100,0.66,-0.66,-0.009523135106879077,0
ETH,2026-06-24,ethereum-above-1700-on-june-24-2026,1782026100,0.68,-0.68,-0.17097409769245497,0
ETH,2026-06-23,ethereum-above-1700-on-june-23-2026,1782026100,0.71,-0.71,-0.3246126291442578,0
BTC,2026-06-21,bitcoin-above-64k-on-june-21-2026,1782044100,0.54,0.45999999999999996,0.3492998500401703,1
BTC,2026-06-25,bitcoin-above-66k-on-june-25-2026,1782046800,0.23,-0.23,0.35553732600021737,0
BTC,2026-06-23,bitcoin-above-64k-on-june-23-2026,1782072000,0.56,-0.56,-0.18259799555814693,0
BTC,2026-06-25,bitcoin-above-62k-on-june-25-2026,1782079200,0.76,-0.76,-0.25979213282206726,0
BTC,2026-06-23,bitcoin-above-62k-on-june-23-2026,1782079200,0.8200000000000001,0.17999999999999994,0.35171402693620074,1
BTC,2026-06-22,bitcoin-above-64k-on-june-22-2026,1782079200,0.38,0.62,0.29239710206280345,1
BTC,2026-06-25,bitcoin-above-66k-on-june-25-2026,1782133200,0.34,-0.34,0.6735103115633743,0
BTC,2026-06-25,bitcoin-above-64k-on-june-25-2026,1782138600,0.68,-0.68,0.22135306390796106,0
BTC,2026-06-24,bitcoin-above-66k-on-june-24-2026,1782138600,0.26,-0.26,0.6950335328166858,0
ETH,2026-06-25,ethereum-above-1800-on-june-25-2026,1782144900,0.21000000000000002,-0.21000000000000002,0.4776623245393589,0
ETH,2026-06-24,ethereum-above-1600-on-june-24-2026,1782202500,0.85,0.15000000000000002,0.32472469341776766,1
SOL,2026-06-23,solana-above-70-on-june-23-2026,1782207000,0.18100000000000002,-0.18100000000000002,-0.1764387906435272,0
ETH,2026-06-26,ethereum-above-1700-on-june-26-2026,1782210600,0.29000000000000004,-0.29000000000000004,-0.04544966930589597,0
BTC,2026-06-26,bitcoin-above-64k-on-june-26-2026,1782224100,0.3,-0.3,0.020230469308277488,0
BTC,2026-06-24,bitcoin-above-62k-on-june-24-2026,1782231300,0.715,-0.715,-0.11615949321087793,0
ETH,2026-06-24,ethereum-above-1700-on-june-24-2026,1782231300,0.21000000000000002,-0.21000000000000002,0.11212997141341374,0
XRP,2026-06-24,xrp-above-1pt1-on-june-24-2026,1782231300,0.53,-0.53,0.010022988190636406,0
BTC,2026-06-25,bitcoin-above-64k-on-june-25-2026,1782235800,0.21000000000000002,-0.21000000000000002,0.29986432445760985,0
BTC,2026-06-29,bitcoin-above-64k-on-june-29-2026,1782244800,0.31,-0.31,-0.0050018602508520305,0
ETH,2026-06-30,ethereum-above-1700-on-june-30-2026,1782244800,0.38,-0.38,-0.06723468394758136,0
ETH,2026-06-28,ethereum-above-1700-on-june-28-2026,1782244800,0.35000000000000003,-0.35000000000000003,-0.03512335835308361,0
BTC,2026-06-28,bitcoin-above-62k-on-june-28-2026,1782244800,0.59,-0.59,-0.24941226802328442,0
ETH,2026-06-27,ethereum-above-1600-on-june-27-2026,1782261900,0.81,0.18999999999999995,0.40307769773121077,1
ETH,2026-06-25,ethereum-above-1700-on-june-25-2026,1782262800,0.29000000000000004,-0.29000000000000004,0.30926230752662787,0
SOL,2026-06-27,solana-above-70-on-june-27-2026,1782278100,0.44,0.56,0.2738344486610513,1
SOL,2026-06-28,solana-above-70-on-june-28-2026,1782278100,0.44,0.56,0.3693871177270544,1
ETH,2026-06-27,ethereum-above-1800-on-june-27-2026,1782279900,0.060000000000000005,-0.060000000000000005,0.06843586659719611,0
BTC,2026-06-29,bitcoin-above-66k-on-june-29-2026,1782280800,0.12,-0.12,0.12540792741951473,0
BTC,2026-06-27,bitcoin-above-66k-on-june-27-2026,1782280800,0.06999999999999999,-0.06999999999999999,0.08790721163037633,0
ETH,2026-06-26,ethereum-above-1600-on-june-26-2026,1782290700,0.85,-0.85,-0.5749264796257472,0
XRP,2026-06-30,xrp-above-1pt1-on-june-30-2026,1782292500,0.49,-0.49,-0.1457371977487643,0
XRP,2026-06-29,xrp-above-1pt1-on-june-29-2026,1782297000,0.4,-0.4,-0.1792905798005828,0
XRP,2026-06-28,xrp-above-1pt1-on-june-28-2026,1782297000,0.39,-0.39,-0.168151746074591,0
XRP,2026-06-26,xrp-above-1pt1-on-june-26-2026,1782297000,0.39,-0.39,-0.10942521144041945,0
XRP,2026-06-26,xrp-above-1-on-june-26-2026,1782299700,0.922,0.07799999999999996,0.15038267449798048,1
ETH,2026-06-24,ethereum-above-1600-on-june-24-2026,1782300600,0.972,0.028000000000000025,0.04462967629481488,1
ETH,2026-06-26,ethereum-above-1700-on-june-26-2026,1782301500,0.31,-0.31,0.13067409519268952,0
SOL,2026-06-30,solana-above-70-on-june-30-2026,1782305100,0.45,0.55,0.3095722765950717,1
BTC,2026-06-27,bitcoin-above-60k-on-june-27-2026,1782306900,0.846,0.15400000000000003,0.2979837842031387,1
ETH,2026-06-26,ethereum-above-1500-on-june-26-2026,1782307800,0.951,0.049000000000000044,0.10720128295004319,1
XRP,2026-06-27,xrp-above-1-on-june-27-2026,1782307800,0.906,0.09399999999999997,0.1079135129173332,1
BTC,2026-06-28,bitcoin-above-60k-on-june-28-2026,1782307800,0.785,-0.785,-0.5452441402360985,0
ETH,2026-06-25,ethereum-above-1600-on-june-25-2026,1782307800,0.8180000000000001,-0.8180000000000001,-0.4411186631450391,0
BTC,2026-06-30,bitcoin-above-58k-on-june-30-2026,1782308700,0.86,0.14,0.3568322959052861,1
ETH,2026-07-01,ethereum-above-1600-on-july-1-2026,1782318600,0.58,0.42000000000000004,0.46021828605993165,1
BTC,2026-07-01,bitcoin-above-56k-on-july-1-2026,1782319500,0.87,0.13,0.13840648899655134,1
BTC,2026-07-01,bitcoin-above-60k-on-july-1-2026,1782319500,0.51,0.49,0.5063563292621807,1
ETH,2026-07-01,ethereum-above-1500-on-july-1-2026,1782319500,0.83,0.17000000000000004,0.17939812820578427,1
ETH,2026-06-27,ethereum-above-1500-on-june-27-2026,1782320400,0.853,0.14700000000000002,0.107113599584282,1
SOL,2026-06-26,solana-above-60-on-june-26-2026,1782320400,0.937,0.06299999999999994,-0.07419690075041604,1
BTC,2026-07-01,bitcoin-above-58k-on-july-1-2026,1782321300,0.68,0.31999999999999995,0.2949456886114105,1
ETH,2026-06-29,ethereum-above-1500-on-june-29-2026,1782321300,0.798,0.20199999999999996,0.22233864895439745,1
ETH,2026-06-28,ethereum-above-1500-on-june-28-2026,1782322200,0.797,0.20299999999999996,0.19134020942728108,1
XRP,2026-07-01,xrp-above-1pt1-on-july-1-2026,1782325800,0.31,-0.31,-0.27579408306547126,0
XRP,2026-06-27,xrp-above-1pt1-on-june-27-2026,1782325800,0.29000000000000004,-0.29000000000000004,-0.33532575184669994,0
BTC,2026-06-27,bitcoin-above-62k-on-june-27-2026,1782333900,0.3,-0.3,-0.2898701965735691,0
BTC,2026-06-27,bitcoin-above-64k-on-june-27-2026,1782336600,0.064,-0.064,-0.061199669319380076,0
ETH,2026-07-01,ethereum-above-1700-on-july-1-2026,1782338400,0.25,-0.25,-0.2427815569484975,0
ETH,2026-06-30,ethereum-above-1700-on-june-30-2026,1782338400,0.23,-0.23,-0.07962215286361113,0
ETH,2026-06-28,ethereum-above-1700-on-june-28-2026,1782338400,0.17,-0.17,-0.046594056206254994,0
ETH,2026-06-29,ethereum-above-1700-on-june-29-2026,1782338400,0.21000000000000002,-0.21000000000000002,-0.09148532298698316,0
SOL,2026-06-26,solana-above-70-on-june-26-2026,1782343800,0.25,0.75,0.22152063837747238,1
SOL,2026-06-25,solana-above-70-on-june-25-2026,1782343800,0.15000000000000002,-0.15000000000000002,0.03657836974056167,0
ETH,2026-06-28,ethereum-above-1600-on-june-28-2026,1782381600,0.75,-0.75,-0.4685284800708102,0
ETH,2026-06-25,ethereum-above-1600-on-june-25-2026,1782394200,0.932,-0.932,-0.6706098730801702,0
ETH,2026-06-26,ethereum-above-1600-on-june-26-2026,1782395100,0.41000000000000003,-0.41000000000000003,-0.40470737050927114,0
BTC,2026-06-30,bitcoin-above-58k-on-june-30-2026,1782395100,0.76,0.24,0.4078238250016475,1
ETH,2026-06-30,ethereum-above-1500-on-june-30-2026,1782395100,0.8,0.19999999999999996,0.2654946702066483,1
BTC,2026-06-27,bitcoin-above-60k-on-june-27-2026,1782395100,0.508,0.492,0.3567782623725152,1
BTC,2026-06-28,bitcoin-above-60k-on-june-28-2026,1782395100,0.504,-0.504,-0.47250449035457254,0
ETH,2026-06-26,ethereum-above-1500-on-june-26-2026,1782397800,0.812,0.18799999999999994,0.08461899699206643,1
BTC,2026-06-26,bitcoin-above-58k-on-june-26-2026,1782405000,0.792,0.20799999999999996,0.0959421354966353,1
ETH,2026-07-01,ethereum-above-1600-on-july-1-2026,1782405000,0.4,0.6,0.46506393149084096,1
ETH,2026-06-29,ethereum-above-1500-on-june-29-2026,1782407700,0.78,0.21999999999999997,0.18271744874490697,1
ETH,2026-06-28,ethereum-above-1500-on-june-28-2026,1782408600,0.801,0.19899999999999995,0.16589856704083153,1
BTC,2026-07-01,bitcoin-above-58k-on-july-1-2026,1782409500,0.6900000000000001,0.30999999999999994,0.2542885170530274,1
BTC,2026-07-01,bitcoin-above-60k-on-july-1-2026,1782410400,0.47000000000000003,0.53,0.4811446007669769,1
BTC,2026-06-30,bitcoin-above-56k-on-june-30-2026,1782412200,0.87,0.13,0.2137438753314179,1
BTC,2026-06-30,bitcoin-above-60k-on-june-30-2026,1782423900,0.49,-0.49,-0.28787256781000564,0
BTC,2026-06-26,bitcoin-above-56k-on-june-26-2026,1782426600,0.964,0.03600000000000003,0.013290835708926516,1
ETH,2026-06-29,ethereum-above-1600-on-june-29-2026,1782427500,0.37,-0.37,-0.41038149845659544,0
ETH,2026-07-02,ethereum-above-1600-on-july-2-2026,1782429300,0.41000000000000003,0.59,0.2158632713943292,1
ETH,2026-07-02,ethereum-above-1500-on-july-2-2026,1782431100,0.73,0.27,-0.04101097246204538,1
BTC,2026-06-29,bitcoin-above-58k-on-june-29-2026,1782441900,0.627,0.373,0.23446792016005977,1
ETH,2026-06-30,ethereum-above-1600-on-june-30-2026,1782446400,0.32,-0.32,-0.3508485038319268,0
BTC,2026-06-29,bitcoin-above-60k-on-june-29-2026,1782453600,0.5,-0.5,-0.4774599360707672,0
BTC,2026-06-28,bitcoin-above-58k-on-june-28-2026,1782455400,0.8130000000000001,0.18699999999999994,0.20446322920811,1
BTC,2026-07-01,bitcoin-above-64k-on-july-1-2026,1782456300,0.09999999999999999,-0.09999999999999999,-0.08164722166151134,0
BTC,2026-07-01,bitcoin-above-56k-on-july-1-2026,1782461700,0.88,0.12,0.12914689106744703,1
ETH,2026-06-28,ethereum-above-1600-on-june-28-2026,1782468000,0.23,-0.23,-0.3631085744701017,0
BTC,2026-07-02,bitcoin-above-62k-on-july-2-2026,1782482400,0.32,-0.32,-0.45363015668034906,0
ETH,2026-07-02,ethereum-above-1700-on-july-2-2026,1782488700,0.15000000000000002,-0.15000000000000002,-0.3788444798833307,0
ETH,2026-07-01,ethereum-above-1600-on-july-1-2026,1782493200,0.42,0.5800000000000001,0.4364141976633192,1
ETH,2026-07-01,ethereum-above-1500-on-july-1-2026,1782494100,0.79,0.20999999999999996,0.12884887282357246,1
BTC,2026-07-01,bitcoin-above-58k-on-july-1-2026,1782496800,0.75,0.25,0.24133859578248132,1
ETH,2026-06-29,ethereum-above-1600-on-june-29-2026,1782513900,0.36,-0.36,-0.38091392766482934,0
ETH,2026-06-30,ethereum-above-1700-on-june-30-2026,1782515700,0.063,-0.063,-0.04102799273691598,0
ETH,2026-06-30,ethereum-above-1600-on-june-30-2026,1782532800,0.4,-0.4,-0.3300007084727685,0
BTC,2026-06-29,bitcoin-above-60k-on-june-29-2026,1782540000,0.56,-0.56,-0.46202241875346667,0
ETH,2026-06-28,ethereum-above-1600-on-june-28-2026,1782555300,0.28,-0.28,-0.24547793561248932,0
ETH,2026-07-01,ethereum-above-1600-on-july-1-2026,1782579600,0.53,0.47,0.4182221480278041,1
BTC,2026-07-01,bitcoin-above-58k-on-july-1-2026,1782586800,0.84,0.16000000000000003,0.20282226692214983,1
BTC,2026-07-02,bitcoin-above-60k-on-july-2-2026,1782595800,0.5700000000000001,0.42999999999999994,0.2766862667191852,1
BTC,2026-06-30,bitcoin-above-60k-on-june-30-2026,1782596700,0.56,-0.56,-0.22629836988595975,0
ETH,2026-06-29,ethereum-above-1600-on-june-29-2026,1782601200,0.33,-0.33,-0.33916921683789386,0
ETH,2026-06-30,ethereum-above-1600-on-june-30-2026,1782619200,0.36,-0.36,-0.3154662534080598,0
BTC,2026-07-01,bitcoin-above-62k-on-july-1-2026,1782656100,0.25,-0.25,-0.2425351021748651,0
BTC,2026-06-30,bitcoin-above-62k-on-june-30-2026,1782656100,0.21000000000000002,-0.21000000000000002,0.01820888311862076,0
BTC,2026-07-01,bitcoin-above-60k-on-july-1-2026,1782680400,0.46,0.54,0.47703016747891674,1
BTC,2026-07-02,bitcoin-above-60k-on-july-2-2026,1782682200,0.47000000000000003,0.53,0.29751242090099705,1
BTC,2026-07-01,bitcoin-above-58k-on-july-1-2026,1782685800,0.6900000000000001,0.30999999999999994,0.22292102512049577,1
BTC,2026-07-02,bitcoin-above-56k-on-july-2-2026,1782688500,0.83,0.17000000000000004,0.0002823694657597686,1
ETH,2026-07-02,ethereum-above-1600-on-july-2-2026,1782691200,0.37,0.63,0.17624966554847016,1
ETH,2026-07-01,ethereum-above-1500-on-july-1-2026,1782691200,0.79,0.20999999999999996,0.06894249554538931,1
ETH,2026-06-29,ethereum-above-1600-on-june-29-2026,1782692100,0.24000000000000002,-0.24000000000000002,-0.3114642464738037,0
SOL,2026-06-29,solana-above-70-on-june-29-2026,1782702900,0.87,0.13,0.07225027218423216,1
ETH,2026-06-30,ethereum-above-1600-on-june-30-2026,1782705600,0.39,-0.39,-0.27859193359630285,0
BTC,2026-06-29,bitcoin-above-60k-on-june-29-2026,1782729000,0.61,-0.61,-0.39838321247017605,0
XRP,2026-06-30,xrp-above-1pt1-on-june-30-2026,1782741600,0.04,-0.04,0.01894774709002134,0
BTC,2026-07-01,bitcoin-above-62k-on-july-1-2026,1782747900,0.14,-0.14,-0.1714313209849536,0
ETH,2026-07-01,ethereum-above-1600-on-july-1-2026,1782756000,0.66,0.33999999999999997,0.38972929505336146,1
BTC,2026-07-02,bitcoin-above-60k-on-july-2-2026,1782768600,0.5700000000000001,0.42999999999999994,0.22129455851989802,1
ETH,2026-07-02,ethereum-above-1600-on-july-2-2026,1782779400,0.5,0.5,0.022257286610914306,1
ETH,2026-06-30,ethereum-above-1600-on-june-30-2026,1782807300,0.32,-0.32,0.00757728336211011,0
BTC,2026-07-03,bitcoin-above-58k-on-july-3-2026,1782809100,0.68,0.31999999999999995,-0.02215482859240464,1
ETH,2026-07-01,ethereum-above-1500-on-july-1-2026,1782810900,0.914,0.08599999999999997,0.0020933342320491877,1
BTC,2026-07-03,bitcoin-above-60k-on-july-3-2026,1782818100,0.41000000000000003,0.59,0.2170542660867067,1
ETH,2026-07-02,ethereum-above-1500-on-july-2-2026,1782830700,0.8200000000000001,0.17999999999999994,-0.21075782808877525,1
ETH,2026-07-04,ethereum-above-1600-on-july-4-2026,1782849600,0.4,0.6,-0.24831997393855387,1
BTC,2026-07-05,bitcoin-above-60k-on-july-5-2026,1782849600,0.32,0.6799999999999999,0.2047451013041312,1
ETH,2026-07-06,ethereum-above-1600-on-july-6-2026,1782849600,0.42,0.5800000000000001,-0.08259998719890216,1
ETH,2026-07-05,ethereum-above-1600-on-july-5-2026,1782849600,0.41000000000000003,0.59,-0.11127174742719381,1
BTC,2026-07-04,bitcoin-above-54k-on-july-4-2026,1782856800,0.932,0.06799999999999995,-0.10973536176488863,1
BTC,2026-07-04,bitcoin-above-56k-on-july-4-2026,1782857700,0.84,0.16000000000000003,-0.19508536138932708,1
BTC,2026-07-07,bitcoin-above-58k-on-july-7-2026,1782860400,0.5700000000000001,0.42999999999999994,-0.1370769820522474,1
BTC,2026-07-07,bitcoin-above-56k-on-july-7-2026,1782864000,0.78,0.21999999999999997,-0.20384658421863017,1
BTC,2026-07-05,bitcoin-above-58k-on-july-5-2026,1782864000,0.61,0.39,-0.13305195194036057,1
BTC,2026-07-04,bitcoin-above-60k-on-july-4-2026,1782864000,0.3,0.7,0.13717860703257623,1
BTC,2026-07-04,bitcoin-above-58k-on-july-4-2026,1782864000,0.62,0.38,-0.22292497751825813,1
BTC,2026-07-06,bitcoin-above-58k-on-july-6-2026,1782864900,0.604,0.396,-0.16435049085953635,1
BTC,2026-07-06,bitcoin-above-60k-on-july-6-2026,1782864900,0.33,0.6699999999999999,0.13000872920421214,1
ETH,2026-07-06,ethereum-above-1700-on-july-6-2026,1782878400,0.13,0.87,0.4611249098891574,1
ETH,2026-07-07,ethereum-above-1700-on-july-7-2026,1782878400,0.16,0.84,0.4085537929860791,1
BTC,2026-07-06,bitcoin-above-62k-on-july-6-2026,1782881100,0.15000000000000002,0.85,0.4961164149358383,1
ETH,2026-07-02,ethereum-above-1600-on-july-2-2026,1782881100,0.46,0.54,-0.11391661445194179,1
ETH,2026-07-04,ethereum-above-1700-on-july-4-2026,1782882000,0.08,0.92,0.5057960929103238,1
BTC,2026-07-05,bitcoin-above-62k-on-july-5-2026,1782882000,0.15000000000000002,0.85,0.5498890048282592,1
ETH,2026-07-05,ethereum-above-1700-on-july-5-2026,1782882900,0.09,0.91,0.5216394350425615,1
ETH,2026-07-03,ethereum-above-1600-on-july-3-2026,1782900000,0.39,0.61,-0.1686464098365278,1
BTC,2026-07-05,bitcoin-above-60k-on-july-5-2026,1782936000,0.52,0.48,0.016313633583133036,1
ETH,2026-07-04,ethereum-above-1600-on-july-4-2026,1782936900,0.58,0.42000000000000004,-0.45980162201344255,1
ETH,2026-07-05,ethereum-above-1600-on-july-5-2026,1782936900,0.58,0.42000000000000004,-0.2837962370215197,1
BTC,2026-07-08,bitcoin-above-58k-on-july-8-2026,1782937800,0.73,0.27,0.09549679399597419,1
BTC,2026-07-08,bitcoin-above-60k-on-july-8-2026,1782937800,0.5,0.5,0.2818585041609588,1
ETH,2026-07-06,ethereum-above-1600-on-july-6-2026,1782938700,0.5700000000000001,0.42999999999999994,-0.2203867988120365,1
BTC,2026-07-07,bitcoin-above-60k-on-july-7-2026,1782938700,0.51,0.49,-0.020297392259091995,1
ETH,2026-07-08,ethereum-above-1600-on-july-8-2026,1782947700,0.56,0.43999999999999995,0.07462261335164277,1
ETH,2026-07-07,ethereum-above-1600-on-july-7-2026,1782947700,0.58,0.42000000000000004,-0.22731112955653743,1
BTC,2026-07-07,bitcoin-above-58k-on-july-7-2026,1782950400,0.76,0.24,-0.15052352078166503,1
BTC,2026-07-05,bitcoin-above-58k-on-july-5-2026,1782950400,0.8200000000000001,0.17999999999999994,-0.12541903365904367,1
BTC,2026-07-06,bitcoin-above-60k-on-july-6-2026,1782951300,0.49,0.51,-0.0029773359371223496,1
ETH,2026-07-07,ethereum-above-1700-on-july-7-2026,1782964800,0.24000000000000002,0.76,0.24983756504256005,1
ETH,2026-07-06,ethereum-above-1700-on-july-6-2026,1782964800,0.21000000000000002,0.79,0.28636729444582565,1
BTC,2026-07-06,bitcoin-above-62k-on-july-6-2026,1782972000,0.25,0.75,0.349442954305209,1
SOL,2026-07-06,solana-above-90-on-july-6-2026,1782990900,0.091,-0.091,-0.06127970123472288,0
SOL,2026-07-05,solana-above-90-on-july-5-2026,1782990900,0.064,-0.064,-0.037163052460615104,0
SOL,2026-07-02,solana-above-80-on-july-2-2026,1782990900,0.86,0.14,0.2653534489181124,1
ETH,2026-07-04,ethereum-above-1700-on-july-4-2026,1783011600,0.49,0.51,-0.07253273602957133,1
XRP,2026-07-03,xrp-above-1pt1-on-july-3-2026,1783014300,0.35000000000000003,0.6499999999999999,0.23725159542529112,1
BTC,2026-07-09,bitcoin-above-62k-on-july-9-2026,1783017000,0.47000000000000003,0.53,0.40163290382106087,1
BTC,2026-07-08,bitcoin-above-62k-on-july-8-2026,1783018800,0.47000000000000003,-0.47000000000000003,-0.46869625599461534,0
BTC,2026-07-06,bitcoin-above-64k-on-july-6-2026,1783019700,0.10099999999999999,-0.10099999999999999,-0.27699897232816123,0
BTC,2026-07-07,bitcoin-above-64k-on-july-7-2026,1783026000,0.13,-0.13,-0.35916678825303155,0
BTC,2026-07-07,bitcoin-above-62k-on-july-7-2026,1783026000,0.42,0.5800000000000001,0.19780527607878762,1
BTC,2026-07-06,bitcoin-above-62k-on-july-6-2026,1783058400,0.43,0.5700000000000001,0.18152146568390065,1
ETH,2026-07-09,ethereum-above-1800-on-july-9-2026,1783075500,0.27,-0.27,-0.24611071593131784,0
ETH,2026-07-05,ethereum-above-1700-on-july-5-2026,1783075500,0.81,0.18999999999999995,0.05486354978934449,1
BTC,2026-07-03,bitcoin-above-62k-on-july-3-2026,1783087200,0.453,-0.453,-0.23539909421305233,0
ETH,2026-07-07,ethereum-above-1800-on-july-7-2026,1783091700,0.20500000000000002,-0.20500000000000002,-0.41118426226875043,0
BTC,2026-07-09,bitcoin-above-62k-on-july-9-2026,1783114200,0.59,0.41000000000000003,0.37329508016250396,1
BTC,2026-07-07,bitcoin-above-64k-on-july-7-2026,1783116000,0.25,-0.25,-0.4404101501655741,0
BTC,2026-07-08,bitcoin-above-62k-on-july-8-2026,1783131300,0.59,-0.59,-0.4692402643856003,0
ETH,2026-07-06,ethereum-above-1700-on-july-6-2026,1783179000,0.92,0.07999999999999996,0.10365739157052206,1
ETH,2026-07-08,ethereum-above-1800-on-july-8-2026,1783195200,0.45,-0.45,-0.14816290626271789,0
BTC,2026-07-09,bitcoin-above-62k-on-july-9-2026,1783203300,0.6900000000000001,0.30999999999999994,0.3566433946325731,1
ETH,2026-07-06,ethereum-above-1800-on-july-6-2026,1783206000,0.373,-0.373,-0.3615829128195119,0
BTC,2026-07-08,bitcoin-above-60k-on-july-8-2026,1783224900,0.88,0.12,0.2095518426938091,1
BTC,2026-07-07,bitcoin-above-60k-on-july-7-2026,1783233000,0.9,0.09999999999999998,0.010812324792909597,1
ETH,2026-07-07,ethereum-above-1800-on-july-7-2026,1783279800,0.367,-0.367,-0.45398878411949684,0
ETH,2026-07-08,ethereum-above-1800-on-july-8-2026,1783288800,0.42,-0.42,-0.12236595180379112,0
ETH,2026-07-09,ethereum-above-1700-on-july-9-2026,1783292400,0.8200000000000001,0.17999999999999994,0.3131771742282412,1
BTC,2026-07-06,bitcoin-above-64k-on-july-6-2026,1783292400,0.38,-0.38,-0.26328342287818307,0
SOL,2026-07-08,solana-above-80-on-july-8-2026,1783294200,0.66,-0.66,-0.2619795922358976,0
SOL,2026-07-07,solana-above-80-on-july-7-2026,1783296000,0.66,0.33999999999999997,0.2957215143657351,1
SOL,2026-07-09,solana-above-80-on-july-9-2026,1783298700,0.63,-0.63,-0.3315175329168128,0
ETH,2026-07-06,ethereum-above-1800-on-july-6-2026,1783299600,0.41400000000000003,-0.41400000000000003,-0.3135591844659484,0
ETH,2026-07-06,ethereum-above-1700-on-july-6-2026,1783339200,0.956,0.04400000000000004,0.034258130107378146,1
BTC,2026-07-08,bitcoin-above-60k-on-july-8-2026,1783339200,0.861,0.139,0.20930876183816557,1
ETH,2026-07-09,ethereum-above-1800-on-july-9-2026,1783373400,0.53,-0.53,-0.1551360517806168,0
ETH,2026-07-07,ethereum-above-1800-on-july-7-2026,1783373400,0.5710000000000001,-0.5710000000000001,-0.4096406443126827,0
ETH,2026-07-08,ethereum-above-1800-on-july-8-2026,1783386000,0.51,-0.51,0.03275360387569226,0
ETH,2026-07-10,ethereum-above-1900-on-july-10-2026,1783444500,0.09,-0.09,-0.0554009078148958,0
BTC,2026-07-14,bitcoin-above-66k-on-july-14-2026,1783455300,0.21000000000000002,-0.21000000000000002,-0.30986888582705363,0
BTC,2026-07-11,bitcoin-above-64k-on-july-11-2026,1783456200,0.46,0.54,0.47334404885192694,1
BTC,2026-07-14,bitcoin-above-62k-on-july-14-2026,1783457100,0.6900000000000001,0.30999999999999994,0.19531962406148218,1
ETH,2026-07-09,ethereum-above-1800-on-july-9-2026,1783459800,0.34,-0.34,-0.10234099046402403,0
XRP,2026-07-12,xrp-above-1pt1-on-july-12-2026,1783460700,0.5700000000000001,0.42999999999999994,0.5000431820037586,1
XRP,2026-07-13,xrp-above-1pt1-on-july-13-2026,1783460700,0.56,-0.56,-0.33098020612421725,0
BTC,2026-07-11,bitcoin-above-62k-on-july-11-2026,1783461600,0.72,0.28,0.18285067938695893,1
XRP,2026-07-10,xrp-above-1pt1-on-july-10-2026,1783462500,0.58,0.42000000000000004,0.4989655700759778,1
XRP,2026-07-11,xrp-above-1pt1-on-july-11-2026,1783462500,0.58,0.42000000000000004,0.4324483567864726,1
XRP,2026-07-08,xrp-above-1pt1-on-july-8-2026,1783462500,0.7,-0.7,-0.16598731614889872,0
BTC,2026-07-14,bitcoin-above-64k-on-july-14-2026,1783466100,0.46,0.54,0.3958912379186674,1
ETH,2026-07-12,ethereum-above-1800-on-july-12-2026,1783471500,0.42,0.5800000000000001,0.4328624702711869,1
ETH,2026-07-13,ethereum-above-1800-on-july-13-2026,1783471500,0.43,-0.43,-0.40639234753362324,0
ETH,2026-07-14,ethereum-above-1800-on-july-14-2026,1783471500,0.43,0.5700000000000001,0.279291296298672,1
ETH,2026-07-11,ethereum-above-1800-on-july-11-2026,1783471500,0.4,0.6,0.466123403912846,1
ETH,2026-07-14,ethereum-above-1900-on-july-14-2026,1783473300,0.13,-0.13,-0.3146702266663693,0
ETH,2026-07-12,ethereum-above-1900-on-july-12-2026,1783474200,0.09999999999999999,-0.09999999999999999,-0.18857099882445105,0
ETH,2026-07-13,ethereum-above-1900-on-july-13-2026,1783474200,0.12,-0.12,-0.12656853611497942,0
ETH,2026-07-11,ethereum-above-1900-on-july-11-2026,1783474200,0.060000000000000005,-0.060000000000000005,-0.13320589324140297,0
ETH,2026-07-08,ethereum-above-1700-on-july-8-2026,1783476000,0.91,0.08999999999999997,0.20163821293013612,1
ETH,2026-07-09,ethereum-above-1700-on-july-9-2026,1783476000,0.81,0.18999999999999995,0.2576736609991895,1
ETH,2026-07-14,ethereum-above-1700-on-july-14-2026,1783480500,0.7,0.30000000000000004,-0.012389736788291639,1
ETH,2026-07-13,ethereum-above-1700-on-july-13-2026,1783482300,0.7,0.30000000000000004,0.24166761697530983,1
SOL,2026-07-08,solana-above-80-on-july-8-2026,1783494900,0.09,-0.09,0.07528913395783582,0
BTC,2026-07-08,bitcoin-above-60k-on-july-8-2026,1783501200,0.966,0.03400000000000003,0.04079510303194674,1
BTC,2026-07-14,bitcoin-above-60k-on-july-14-2026,1783508400,0.76,0.24,-0.008925087346522281,1
XRP,2026-07-14,xrp-above-1pt1-on-july-14-2026,1783519200,0.38,0.62,0.5000507556884083,1
ETH,2026-07-12,ethereum-above-1700-on-july-12-2026,1783521900,0.61,0.39,0.021218106110440393,1
BTC,2026-07-10,bitcoin-above-62k-on-july-10-2026,1783521900,0.45,0.55,0.11231976222409329,1
SOL,2026-07-09,solana-above-80-on-july-9-2026,1783530900,0.06999999999999999,-0.06999999999999999,-0.11617517972618582,0
XRP,2026-07-09,xrp-above-1pt1-on-july-9-2026,1783532700,0.32,-0.32,-0.3238723549724515,0
BTC,2026-07-14,bitcoin-above-62k-on-july-14-2026,1783548000,0.54,0.45999999999999996,0.1032703699334589,1
BTC,2026-07-12,bitcoin-above-62k-on-july-12-2026,1783548900,0.54,0.45999999999999996,0.09696011207396849,1
BTC,2026-07-13,bitcoin-above-62k-on-july-13-2026,1783549800,0.55,0.44999999999999996,0.4081582781642303,1
BTC,2026-07-15,bitcoin-above-64k-on-july-15-2026,1783552500,0.28,0.72,0.37505015682428533,1
BTC,2026-07-15,bitcoin-above-62k-on-july-15-2026,1783553400,0.53,0.47,0.0813577022140613,1
BTC,2026-07-14,bitcoin-above-64k-on-july-14-2026,1783553400,0.25,0.75,0.4513048826898896,1
ETH,2026-07-11,ethereum-above-1800-on-july-11-2026,1783558800,0.17,0.83,0.5500384815601987,1
BTC,2026-07-11,bitcoin-above-62k-on-july-11-2026,1783560600,0.58,0.42000000000000004,0.05406372905108292,1
ETH,2026-07-12,ethereum-above-1800-on-july-12-2026,1783563300,0.19,0.81,0.5057051931713279,1
ETH,2026-07-13,ethereum-above-1800-on-july-13-2026,1783563300,0.23,-0.23,-0.36286657564664115,0
ETH,2026-07-11,ethereum-above-1700-on-july-11-2026,1783587600,0.8,0.19999999999999996,-0.050565046082476695,1
ETH,2026-07-09,ethereum-above-1700-on-july-9-2026,1783594800,0.961,0.039000000000000035,0.04865699595025423,1
ETH,2026-07-10,ethereum-above-1700-on-july-10-2026,1783595700,0.8200000000000001,0.17999999999999994,-0.029080548145472868,1
BTC,2026-07-16,bitcoin-above-64k-on-july-16-2026,1783629900,0.4,0.6,0.41177273989220753,1
ETH,2026-07-15,ethereum-above-1800-on-july-15-2026,1783631700,0.28,0.72,0.096183574481431,1
BTC,2026-07-16,bitcoin-above-62k-on-july-16-2026,1783631700,0.68,0.31999999999999995,0.15535838271619581,1
ETH,2026-07-16,ethereum-above-1700-on-july-16-2026,1783641600,0.67,0.32999999999999996,-0.10039316403809484,1
BTC,2026-07-13,bitcoin-above-64k-on-july-13-2026,1783649700,0.48,-0.48,-0.19992076751521431,0
BTC,2026-07-15,bitcoin-above-64k-on-july-15-2026,1783652400,0.5,0.5,0.27730037090523,1
ETH,2026-07-14,ethereum-above-1800-on-july-14-2026,1783663200,0.38,0.62,0.19226543426228854,1
ETH,2026-07-10,ethereum-above-1800-on-july-10-2026,1783680300,0.462,-0.462,-0.27450479937695066,0
ETH,2026-07-16,ethereum-above-1900-on-july-16-2026,1783685700,0.15000000000000002,-0.15000000000000002,-0.33867969615524307,0
SOL,2026-07-13,solana-above-80-on-july-13-2026,1783692000,0.37,-0.37,-0.06198105947723381,0
BTC,2026-07-10,bitcoin-above-64k-on-july-10-2026,1783692900,0.72,0.28,0.460841454192614,1
ETH,2026-07-16,ethereum-above-1800-on-july-16-2026,1783781100,0.56,0.43999999999999995,0.12184767699349386,1
ETH,2026-07-16,ethereum-above-1900-on-july-16-2026,1783794600,0.19,-0.19,-0.35407369863847915,0
BTC,2026-07-16,bitcoin-above-64k-on-july-16-2026,1783809000,0.55,0.44999999999999996,0.3726667055467719,1
ETH,2026-07-15,ethereum-above-1800-on-july-15-2026,1783827900,0.53,0.47,-0.07464877534346293,1
ETH,2026-07-15,ethereum-above-1900-on-july-15-2026,1783882800,0.14,0.86,0.5331354407677225,1
ETH,2026-07-16,ethereum-above-1800-on-july-16-2026,1783882800,0.59,0.41000000000000003,0.16642691773911994,1
ETH,2026-07-13,ethereum-above-1800-on-july-13-2026,1783891800,0.64,-0.64,-0.30337748156791194,0
SOL,2026-07-14,solana-above-80-on-july-14-2026,1783909800,0.09,-0.09,-0.14129197135653382,0
ETH,2026-07-16,ethereum-above-1700-on-july-16-2026,1783913400,0.84,0.16000000000000003,-0.05267230804886855,1
ETH,2026-07-15,ethereum-above-1800-on-july-15-2026,1783930500,0.42,0.5800000000000001,-0.15811232098280936,1
BTC,2026-07-16,bitcoin-above-62k-on-july-16-2026,1783937700,0.7,0.30000000000000004,0.046201767870589605,1
XRP,2026-07-14,xrp-above-1pt1-on-july-14-2026,1783957500,0.18000000000000002,0.82,0.5518022971082076,1
ETH,2026-07-16,ethereum-above-1800-on-july-16-2026,1783969200,0.31,0.69,0.16795495113028414,1
ETH,2026-07-14,ethereum-above-1800-on-july-14-2026,1783972800,0.25,0.75,-0.06611850550033915,1
ETH,2026-07-15,ethereum-above-1700-on-july-15-2026,1783977300,0.839,0.16100000000000003,-0.4513210604722597,1
ETH,2026-07-15,ethereum-above-1800-on-july-15-2026,1784026800,0.47000000000000003,0.53,-0.4970684060351471,1
BTC,2026-07-14,bitcoin-above-64k-on-july-14-2026,1784034000,0.38,0.62,-0.10272540998184054,1
ETH,2026-07-15,ethereum-above-1900-on-july-15-2026,1784089800,0.21000000000000002,0.79,0.31530444626156706,1
SOL,2026-07-16,solana-above-80-on-july-16-2026,1784099700,0.17,-0.17,-0.013418840919951491,0
ETH,2026-07-16,ethereum-above-1900-on-july-16-2026,1784152800,0.722,-0.722,-0.34499184744411443,0
