slug,K,T_pm,ts,bid,bid_sz,ask,ask_sz,result_id,fv,sigma,x,S_idx,S_bin,extrap,tte_d,label,asset,mid,spread,dt,date,S_T,n_bid,n_ask,n_bid_sz,n_ask_sz,n_mid,n_ts,exp_dt,is_test,event,gap_yes,gap_no,delta,ret_T,ev_raw,ev_hedged,entry
xrp-above-1pt6-on-may-21,1.6,1779379260,1778784300,0.24,8.33,0.15,2925.0,1,0.2570097060112309,0.5357050171048995,0.04421315467632572,1.5283,1.5308,0,6.886111111111111,0,XRP,0.195,-0.09,2026-05-14 18:45:00+00:00,2026-05-14,1.3639,0.24,0.15,8.33,2925.0,0.195,1778785200.0,2026-05-21 16:01:00+00:00,True,2026-05-21,0.10700970601123092,-0.01700970601123092,4.424330106374389,-0.11544223161871774,-0.15892499999999998,0.3518295408977383,0.15
xrp-above-1pt5-on-may-20,1.5,1779292860,1778784300,0.57,5000.0,0.46,2925.0,1,0.6157502612532865,0.544134348216069,-0.020325366461245747,1.5283,1.5308,0,5.886111111111111,0,XRP,0.515,-0.10999999999999993,2026-05-14 18:45:00+00:00,2026-05-14,1.3755,0.59,0.46,5.05,2925.0,0.525,1778785200.0,2026-05-20 16:01:00+00:00,True,2026-05-20,0.15575026125328645,-0.04575026125328652,5.5821616220808155,-0.10697317318691799,-0.47738800000000003,0.11975354195621801,0.46
xrp-above-1pt5-on-may-18,1.5,1779120060,1778784300,0.59,5.05,0.45,2925.0,1,0.6391814148993519,0.5555056839106448,-0.020325366461245747,1.5283,1.5308,0,3.886111111111111,0,XRP,0.52,-0.13999999999999996,2026-05-14 18:45:00+00:00,2026-05-14,1.3756,0.62,0.45,5.05,2925.0,0.535,1778785200.0,2026-05-18 16:01:00+00:00,True,2026-05-18,0.18918141489935186,-0.049181414899351905,6.599959652765776,-0.10690047499343608,-0.467325,0.23821382181817485,0.45
solana-above-90-on-may-18,90.0,1779120060,1778788800,0.71,2925.0,0.71,5.05,1,0.7733554003648411,0.7784277365796073,-0.02851912084335651,92.8834,92.9,0,3.8340277777777776,0,SOL,0.71,0.0,2026-05-14 20:00:00+00:00,2026-05-14,84.12,0.71,0.71,2925.0,5.05,0.71,1778789700.0,2026-05-18 16:01:00+00:00,True,2026-05-18,0.06335540036484111,-0.06335540036484111,4.69071225350438,-0.09927929498529384,-0.724413,-0.2587223944932063,0.71
solana-above-90-on-may-19,90.0,1779206460,1778789700,0.69,2925.0,0.7,2925.0,1,0.809054706682053,0.7055683608596693,-0.025107745725561022,92.88825,92.66,0,4.823611111111111,0,SOL,0.695,0.010000000000000009,2026-05-14 20:15:00+00:00,2026-05-14,84.34,0.69,0.69,2925.0,2925.0,0.69,1778790600.0,2026-05-19 16:01:00+00:00,True,2026-05-19,0.10905470668205308,-0.11905470668205309,4.675161846608077,-0.09408063167008848,-0.704973,-0.26513082031121477,0.69
bitcoin-above-80k-on-may-18,80000.0,1779120060,1778839200,0.58,7.66,0.59,100.0,1,0.6407114357594873,0.29781114981749596,-0.007934503010912744,80430.39,80489.8,0,3.2506944444444446,0,BTC,0.585,0.010000000000000009,2026-05-15 10:00:00+00:00,2026-05-15,76324.55,0.61,0.62,116.77,100.0,0.615,1778840100.0,2026-05-18 16:01:00+00:00,True,2026-05-18,0.05071143575948733,-0.06071143575948734,13.90489746927453,-0.053135825558433505,-0.636492,0.10235620633527498,0.62
bitcoin-above-80k-on-may-19,80000.0,1779206460,1778839200,0.55,11401.0,0.57,5.0,1,0.6207661069460874,0.31304320931516544,-0.00785621861021389,80430.39,80489.8,0,4.250694444444444,0,BTC,0.56,0.019999999999999907,2026-05-15 10:00:00+00:00,2026-05-15,76528.0,0.58,0.6,11401.0,5.0,0.59,1778840100.0,2026-05-19 16:01:00+00:00,True,2026-05-19,0.05076610694608741,-0.07076610694608731,11.651900248008165,-0.05047378138389628,-0.6168,-0.02868453417506911,0.6
bitcoin-above-82k-on-may-18,82000.0,1779120060,1778842800,0.26,11406.0,0.27,110.24,1,0.3270812783064829,0.27820653508829274,0.012005780150843984,80716.84,80716.23,0,3.2090277777777776,0,BTC,0.265,0.010000000000000009,2026-05-15 11:00:00+00:00,2026-05-15,76324.55,0.26,0.27,5.0,20.05,0.265,1778843700.0,2026-05-18 16:01:00+00:00,True,2026-05-18,0.05708127830648291,-0.06708127830648292,12.635209271424353,-0.05594502753317584,-0.283797,0.42308013057727406,0.27
bitcoin-above-78k-on-may-20,78000.0,1779292860,1778857200,0.61,6561.06,0.62,3.65,1,0.6760991994647101,0.3594112775485136,-0.016110284002977995,79161.01,79150.37,0,5.042361111111111,0,BTC,0.615,0.010000000000000009,2026-05-15 15:00:00+00:00,2026-05-15,77481.22,0.65,0.67,276.98,105.0,0.66,1778858100.0,2026-05-20 16:01:00+00:00,True,2026-05-20,0.05609919946471009,-0.0660991994647101,8.956691131980397,-0.021313876570650432,-0.685477,-0.4945751907315305,0.67
bitcoin-above-78k-on-may-19,78000.0,1779206460,1778930100,0.51,5112.09,0.53,100.0,1,0.5800309426560093,0.37227775909489824,-0.003821899894410589,78072.33,78084.01,0,3.198611111111111,0,BTC,0.52,0.020000000000000018,2026-05-16 11:15:00+00:00,2026-05-16,76528.0,0.51,0.53,5112.04,100.0,0.52,1778931000.0,2026-05-19 16:01:00+00:00,True,2026-05-19,0.05003094265600927,-0.07003094265600929,11.446410654226524,-0.02012861143010763,-0.5474370000000001,-0.3170366476716303,0.53
ethereum-above-1700-on-may-26-2026,1700.0,1779811260,1779220800,0.83,5.0,0.82,8.5,0,0.9926447701414621,0.6311708330543877,-0.2144113563329285,2111.58,2113.15,0,6.834027777777778,1,ETH,0.825,-0.010000000000000009,2026-05-19 20:00:00+00:00,2026-05-19,2087.37,0.83,0.82,5.0,8.5,0.825,1779221700.0,2026-05-26 16:01:00+00:00,True,2026-05-26,0.17264477014146218,-0.16264477014146217,0.21555646588293176,-0.01227482487473873,0.16966800000000004,0.17231391786933062,0.82
bitcoin-above-80k-on-may-24-2026,80000.0,1779638460,1779334200,0.16,11401.0,0.17,30.0,1,0.22919747484845718,0.2864941492602172,0.02216451300455492,77964.07,78034.9,0,3.5215277777777776,0,BTC,0.165,0.010000000000000009,2026-05-21 03:30:00+00:00,2026-05-21,76388.0,0.16,0.17,11315.87,30.0,0.165,1779335100.0,2026-05-24 16:01:00+00:00,True,2026-05-24,0.059197474848457166,-0.06919747484845717,9.473734008388528,-0.021330546744267483,-0.179877,0.022202926108688043,0.17
bitcoin-above-78k-on-may-25-2026,78000.0,1779724860,1779359400,0.37,11401.0,0.4,20.0,1,0.4507311830563251,0.30065571287726495,0.005186625232712604,77190.62,77383.3,0,4.229861111111111,0,BTC,0.385,0.030000000000000027,2026-05-21 10:30:00+00:00,2026-05-21,77614.07,0.37,0.42,11321.0,6306.05,0.395,1779360300.0,2026-05-25 16:01:00+00:00,True,2026-05-25,0.05073118305632507,-0.0807311830563251,11.911930543005722,0.0029777301449361764,-0.437052,-0.4725225146622941,0.42
bitcoin-above-78k-on-may-24-2026,78000.0,1779638460,1779362100,0.37,5250.0,0.38,5.01,1,0.4330486967627364,0.3002951104463041,0.00568520836826467,77274.63,77310.69,0,3.198611111111111,0,BTC,0.375,0.010000000000000009,2026-05-21 11:15:00+00:00,2026-05-21,76388.0,0.37,0.38,5128.75,5.01,0.375,1779363000.0,2026-05-24 16:01:00+00:00,True,2026-05-24,0.05304869676273638,-0.06304869676273639,13.44020582177964,-0.012006622626100513,-0.396492,-0.23512052068077274,0.38
bitcoin-above-78k-on-may-28-2026,78000.0,1779984060,1779384600,0.42,6308.27,0.43,5.0,1,0.5019004846233085,0.32216666988715836,0.0011538041568742035,77927.58,77980.54,0,6.938194444444445,0,BTC,0.425,0.010000000000000009,2026-05-21 17:30:00+00:00,2026-05-21,72890.01,0.42,0.43,6308.27,5.0,0.425,1779385500.0,2026-05-28 16:01:00+00:00,True,2026-05-28,0.0719004846233085,-0.08190048462330851,8.978101628577633,-0.06750771579585811,-0.44715699999999997,0.15893413312834975,0.43
bitcoin-above-78k-on-may-26-2026,78000.0,1779811260,1779462000,0.25,6401.0,0.27,6.05,1,0.33246254110528606,0.25230568978332474,0.012883317996603428,76644.65,76774.23,0,4.042361111111111,0,BTC,0.26,0.020000000000000018,2026-05-22 15:00:00+00:00,2026-05-22,76478.64,0.26,0.3,6471.0,6519.55,0.28,1779462900.0,2026-05-26 16:01:00+00:00,True,2026-05-26,0.06246254110528604,-0.08246254110528606,12.475440646776866,-0.0038575508119189283,-0.3147,-0.26657535380397945,0.3
ethereum-above-2100-on-may-26-2026,2100.0,1779811260,1779475500,0.4,4200.0,0.45,20.0,1,0.5921739121399987,0.31260754382270284,-0.004185885623416209,2099.02,2108.05,0,3.886111111111111,0,ETH,0.42500000000000004,0.04999999999999999,2026-05-22 18:45:00+00:00,2026-05-22,2087.37,0.49,0.52,5020.0,4200.0,0.505,1779476400.0,2026-05-26 16:01:00+00:00,True,2026-05-26,0.1421739121399987,-0.19217391213999868,12.303216606977564,-0.009858449208331083,-0.5374720000000001,-0.41618136398101624,0.52
bitcoin-above-76k-on-may-28-2026,76000.0,1779984060,1779475500,0.54,6.05,0.55,1.0,1,0.6061792328523131,0.3029388422765767,-0.007764873234673406,76327.01,76589.0,0,5.886111111111111,0,BTC,0.545,0.010000000000000009,2026-05-22 18:45:00+00:00,2026-05-22,72890.01,0.58,0.61,8.0,6304.45,0.595,1779476400.0,2026-05-28 16:01:00+00:00,True,2026-05-28,0.05617923285231308,-0.06617923285231309,10.200898408528257,-0.04950187071432651,-0.626653,-0.12168944581105523,0.61
bitcoin-above-76k-on-may-26-2026,76000.0,1779811260,1779475500,0.55,23.52,0.57,140.0,0,0.6463516975769414,0.2534664160904364,-0.007648496363471916,76327.01,76589.0,0,3.886111111111111,1,BTC,0.56,0.019999999999999907,2026-05-22 18:45:00+00:00,2026-05-22,76478.64,0.61,0.63,20.0,20.0,0.62,1779476400.0,2026-05-26 16:01:00+00:00,True,2026-05-26,0.07635169757694149,-0.0963516975769414,14.658749889483841,-0.00144197714321085,0.35368299999999997,0.37482058228868026,0.63
bitcoin-above-74k-on-may-26-2026,74000.0,1779811260,1779478200,0.81,110.0,0.83,6301.0,0,0.8835912163610751,0.29207443205226347,-0.03143258376489485,75878.04,76259.51,0,3.854861111111111,1,BTC,0.8200000000000001,0.019999999999999907,2026-05-22 19:30:00+00:00,2026-05-22,76478.64,0.79,0.81,50.0,6389.46,0.8,1779479100.0,2026-05-26 16:01:00+00:00,True,2026-05-26,0.05359121636107511,-0.07359121636107502,8.165978407921882,0.002869357136318068,0.17922699999999994,0.15579589158021004,0.81
bitcoin-above-76k-on-may-27-2026,76000.0,1779897660,1779478200,0.48,6.05,0.49,100.0,1,0.5796039145760841,0.2884491675012141,-0.004494747231404059,75878.04,76259.51,0,4.854861111111111,0,BTC,0.485,0.010000000000000009,2026-05-22 19:30:00+00:00,2026-05-22,75358.0,0.46,0.48,6301.0,20.0,0.47,1779479100.0,2026-05-27 16:01:00+00:00,True,2026-05-27,0.08960391457608408,-0.09960391457608408,11.948102762008654,-0.011892038384137084,-0.49747199999999997,-0.3553847033365788,0.48
bitcoin-above-74k-on-may-27-2026,74000.0,1779897660,1779478200,0.75,100.0,0.78,6317.68,0,0.8363103632792079,0.3153809216176299,-0.031162994313565104,75878.04,76259.51,0,4.854861111111111,1,BTC,0.765,0.030000000000000027,2026-05-22 19:30:00+00:00,2026-05-22,75358.0,0.74,0.77,6417.05,20.0,0.755,1779479100.0,2026-05-27 16:01:00+00:00,True,2026-05-27,0.05631036327920791,-0.08631036327920794,7.908815398213492,-0.011892038384137084,0.217603,0.31165493628860924,0.77
bitcoin-above-78k-on-may-28-2026,78000.0,1779984060,1779675300,0.38,266.11,0.39,6.6,1,0.4481357873692145,0.3246652771733499,0.005092829858224978,77312.62,77403.24,0,3.573611111111111,0,BTC,0.385,0.010000000000000009,2026-05-25 02:15:00+00:00,2026-05-25,72890.01,0.34,0.36,6598.58,8.0,0.35,1779676200.0,2026-05-28 16:01:00+00:00,True,2026-05-28,0.05813578736921449,-0.0681357873692145,12.020765132644144,-0.0600770475975303,-0.37612799999999996,0.3460440790325949,0.36
bitcoin-above-76k-on-june-1-2026,76000.0,1780329660,1779894000,0.35,5096.53,0.37,110.0,1,0.42095482853079724,0.3272299499474425,0.008402808960015459,74883.73,75031.92,0,5.042361111111111,0,BTC,0.36,0.020000000000000018,2026-05-27 15:00:00+00:00,2026-05-27,71161.39,0.37,0.39,32.77,281.7,0.38,1779894900.0,2026-06-01 16:01:00+00:00,True,2026-06-01,0.05095482853079725,-0.07095482853079726,9.747597571888813,-0.05296322694170407,-0.40665300000000004,0.10961122233635068,0.39
bitcoin-above-76k-on-may-31-2026,76000.0,1780243260,1779897600,0.38,110.0,0.4,5.0,1,0.4557237521855718,0.31997466983289946,0.004457647539254135,75194.77,75326.01,0,4.000694444444445,0,BTC,0.39,0.020000000000000018,2026-05-27 16:00:00+00:00,2026-05-27,73644.92,0.38,0.4,5.0,222.07,0.39,1779898500.0,2026-05-31 16:01:00+00:00,True,2026-05-31,0.055723752185571795,-0.07572375218557181,11.442576138181158,-0.022570327840797117,-0.4168,-0.15853730521796905,0.4
bitcoin-above-76k-on-june-2-2026,76000.0,1780416060,1779900300,0.38,100.55,0.39,5.0,1,0.4401639884056552,0.3265538705024533,0.007401518880524966,75027.75,75151.26,0,5.969444444444445,0,BTC,0.385,0.010000000000000009,2026-05-27 16:45:00+00:00,2026-05-27,67298.23,0.39,0.43,6307.05,105.0,0.41000000000000003,1779901200.0,2026-06-02 16:01:00+00:00,True,2026-06-02,0.05016398840565517,-0.06016398840565518,9.160048872142324,-0.11036894636925501,-0.44715699999999997,0.563827942709231,0.43
bitcoin-above-74k-on-may-31-2026,74000.0,1780243260,1779905700,0.62,5143.09,0.63,5.0,1,0.6844234011352557,0.32914387334167916,-0.014514025599744617,74591.14,74738.01,0,3.9069444444444446,0,BTC,0.625,0.010000000000000009,2026-05-27 18:15:00+00:00,2026-05-27,73644.92,0.65,0.66,155.61,57.48,0.655,1779906600.0,2026-05-31 16:01:00+00:00,True,2026-05-31,0.05442340113525568,-0.06442340113525569,11.282438879655226,-0.014733632418764783,-0.675708,-0.5094766927599795,0.66
bitcoin-above-74k-on-june-1-2026,74000.0,1780329660,1779907500,0.63,11412.05,0.64,55.08,1,0.6970028650294933,0.3364018766895612,-0.017801757867578406,74855.2,74985.79,0,4.886111111111111,0,BTC,0.635,0.010000000000000009,2026-05-27 18:45:00+00:00,2026-05-27,71161.39,0.65,0.67,5.0,347.1,0.66,1779908400.0,2026-06-01 16:01:00+00:00,True,2026-06-01,0.057002865029493255,-0.06700286502949326,9.73655225151397,-0.052348232865952166,-0.685477,-0.1757856954262358,0.67
bitcoin-above-74k-on-june-2-2026,74000.0,1780416060,1779957000,0.37,15.0,0.38,5.0,1,0.4388348245225122,0.33850696200382724,0.006584226693696264,73149.24,73263.27,0,5.313194444444444,0,BTC,0.375,0.010000000000000009,2026-05-28 08:30:00+00:00,2026-05-28,67298.23,0.38,0.39,105.0,5.0,0.385,1779957900.0,2026-06-02 16:01:00+00:00,True,2026-06-02,0.05883482452251221,-0.06883482452251222,9.430062446178262,-0.08492545574292895,-0.40665300000000004,0.39419935092596825,0.39
bitcoin-above-72k-on-june-1-2026,72000.0,1780329660,1779959700,0.702,5000.0,0.708,5.0,1,0.7594115723370626,0.3364025238425097,-0.02183780890265724,73187.20999999999,73311.19,0,4.281944444444445,0,BTC,0.705,0.006000000000000005,2026-05-28 09:15:00+00:00,2026-05-28,71161.39,0.714,0.728,5000.0,5.0,0.721,1779960600.0,2026-06-01 16:01:00+00:00,True,2026-06-01,0.05141157233706262,-0.05741157233706262,9.771267346012088,-0.0297628614887293,-0.7418611199999999,-0.45104024341129856,0.728
bitcoin-above-72k-on-june-2-2026,72000.0,1780416060,1779961500,0.68,6301.0,0.69,10.0,1,0.7493334764270684,0.3483800685449222,-0.024083155512879807,73370.39,73491.3,0,5.261111111111111,0,BTC,0.685,0.009999999999999898,2026-05-28 09:45:00+00:00,2026-05-28,67298.23,0.68,0.69,6301.0,5.0,0.685,1779962400.0,2026-06-02 16:01:00+00:00,True,2026-06-02,0.05933347642706843,-0.06933347642706833,8.543829420043489,-0.0880330957096463,-0.704973,0.04716675306158036,0.69
ethereum-above-2100-on-june-2-2026,2100.0,1780416060,1780073100,0.21,4200.0,0.22,7.05,1,0.274345439815889,0.3947039826242356,0.024176831960191873,2038.47,2042.21,0,3.9694444444444446,0,ETH,0.215,0.010000000000000009,2026-05-29 16:45:00+00:00,2026-05-29,1912.25,0.21,0.23,9200.0,7.05,0.22,1780074000.0,2026-06-02 16:01:00+00:00,True,2026-06-02,0.05434543981588899,-0.064345439815889,7.593961268861057,-0.06575199558752438,-0.242397,0.2569211078419833,0.23
bitcoin-above-74k-on-june-2-2026,74000.0,1780416060,1780081200,0.38,5.0,0.4,35.0,1,0.4556678035457438,0.2936990377847179,0.004497552638153017,73253.64,73374.52,0,3.8756944444444446,0,BTC,0.39,0.020000000000000018,2026-05-29 19:00:00+00:00,2026-05-29,67298.23,0.39,0.41,5.0,35.0,0.4,1780082100.0,2026-06-02 16:01:00+00:00,True,2026-06-02,0.0556678035457438,-0.07566780354574382,12.618397905572715,-0.08644280023297564,-0.426933,0.6638366494116203,0.41
bitcoin-above-74k-on-june-3-2026,74000.0,1780502460,1780178400,0.49,15.0,0.5,20.0,1,0.5601387399131127,0.300710310667007,-0.002491653096661949,73866.37,73981.99,0,3.7506944444444446,0,BTC,0.495,0.010000000000000009,2026-05-30 22:00:00+00:00,2026-05-30,66104.0,0.48,0.49,35.0,5.0,0.485,1780179300.0,2026-06-03 16:01:00+00:00,True,2026-06-03,0.06013873991311269,-0.0701387399131127,13.08383899560885,-0.11259242580558448,-0.507493,0.9656481713653025,0.49
bitcoin-above-76k-on-june-3-2026,76000.0,1780502460,1780189200,0.18,10.0,0.19,120.0,1,0.24079002550150555,0.30124379565711895,0.02219363702031702,73948.31,74038.2,0,3.625694444444444,0,BTC,0.185,0.010000000000000009,2026-05-31 01:00:00+00:00,2026-05-31,66104.0,0.19,0.2,10.0,655.1,0.195,1780190100.0,2026-06-03 16:01:00+00:00,True,2026-06-03,0.05079002550150555,-0.06079002550150556,8.973489091378257,-0.11335191682774763,-0.2112,0.8059621891406088,0.2
bitcoin-above-74k-on-june-4-2026-965,74000.0,1780588860,1780231500,0.49,110.0,0.51,15.0,1,0.5701021224456738,0.3238693795499898,-0.0037903970208219714,73877.97,73974.89,0,4.136111111111111,0,BTC,0.5,0.020000000000000018,2026-05-31 12:45:00+00:00,2026-05-31,63876.0,0.49,0.5,375.0,15.0,0.495,1780232400.0,2026-06-04 16:01:00+00:00,True,2026-06-04,0.06010212244567381,-0.08010212244567383,11.567279947248949,-0.1467820073176995,-0.5175,1.1803685698629738,0.5
bitcoin-above-76k-on-june-4-2026-893,76000.0,1780588860,1780231500,0.19,6411.0,0.2,10.0,1,0.2546879328918631,0.3045088554543372,0.02287785006133924,73877.97,73974.89,0,4.136111111111111,0,BTC,0.195,0.010000000000000009,2026-05-31 12:45:00+00:00,2026-05-31,63876.0,0.18,0.2,110.0,120.0,0.19,1780232400.0,2026-06-04 16:01:00+00:00,True,2026-06-04,0.05468793289186308,-0.06468793289186309,8.580230592841227,-0.1467820073176995,-0.2112,1.04822346966597,0.2
bitcoin-above-68k-on-june-9-2026,68000.0,1781020860,1780430400,0.4,110.0,0.41,5.0,1,0.46517483093152645,0.43656085020926383,0.008234752300051664,67124.7,67315.14,0,6.834027777777778,0,BTC,0.405,0.009999999999999953,2026-06-02 20:00:00+00:00,2026-06-02,61201.47,0.41,0.42,110.0,5.0,0.415,1780431300.0,2026-06-09 16:01:00+00:00,True,2026-06-09,0.055174830931526475,-0.06517483093152643,6.547058476236782,-0.09521396536557399,-0.437052,0.1863193990027966,0.42
bitcoin-above-66k-on-june-9-2026-493,66000.0,1781020860,1780434000,0.63,72.46,0.64,5.0,1,0.7019938636624755,0.4669750141410536,-0.026986330430360576,67504.23,67587.77,0,6.792361111111111,0,BTC,0.635,0.010000000000000009,2026-06-02 21:00:00+00:00,2026-06-02,61201.47,0.63,0.65,85.92,110.0,0.64,1780434900.0,2026-06-09 16:01:00+00:00,True,2026-06-09,0.0619938636624755,-0.07199386366247551,5.908187412623409,-0.09925584068401427,-0.665925,-0.07950289144135236,0.65
bitcoin-above-70k-on-june-9-2026,70000.0,1781020860,1780434000,0.21,71.0,0.23,5.0,1,0.2961751746352117,0.42544453367432983,0.03185416959257315,67504.23,67587.77,0,6.792361111111111,0,BTC,0.22,0.020000000000000018,2026-06-02 21:00:00+00:00,2026-06-02,61201.47,0.21,0.23,71.0,5.0,0.22,1780434900.0,2026-06-09 16:01:00+00:00,True,2026-06-09,0.06617517463521169,-0.08617517463521171,5.625027957705889,-0.09925584068401427,-0.242397,0.31591987881318195,0.23
bitcoin-above-68k-on-june-6-2026-331-336-128,68000.0,1780761660,1780435800,0.479,5000.0,0.488,20.0,1,0.5457452203244213,0.4770414875756184,-0.0019398954266204888,67766.35,67887.99,0,3.771527777777778,0,BTC,0.4835,0.009000000000000008,2026-06-02 21:30:00+00:00,2026-06-02,60787.86,0.461,0.479,5000.0,10.0,0.47,1780436700.0,2026-06-06 16:01:00+00:00,True,2026-06-06,0.05774522032442131,-0.06674522032442132,8.213061666499144,-0.11046904317594942,-0.49646913,0.41081993384322907,0.479
bitcoin-above-70k-on-june-6-2026-134-422,70000.0,1780761660,1780437600,0.19,20.0,0.2,71.66,1,0.25092816716666055,0.449889194447126,0.03181395702337461,67407.53,67566.01,0,3.7506944444444446,0,BTC,0.195,0.010000000000000009,2026-06-02 22:00:00+00:00,2026-06-02,60787.86,0.18,0.19,20.0,115.62,0.185,1780438500.0,2026-06-06 16:01:00+00:00,True,2026-06-06,0.05092816716666054,-0.06092816716666055,6.358177765900709,-0.10571494796379491,-0.200773,0.47138143166675117,0.19
bitcoin-above-68k-on-june-7-2026-634,68000.0,1780848060,1780439400,0.398,5000.0,0.418,10.0,1,0.47304706626945187,0.4572145027346549,0.006677657882959971,67114.12,67294.0,0,4.729861111111111,0,BTC,0.40800000000000003,0.019999999999999962,2026-06-02 22:30:00+00:00,2026-06-02,62078.25,0.39,0.415,5.0,100.0,0.40249999999999997,1780440300.0,2026-06-07 16:01:00+00:00,True,2026-06-07,0.05504706626945188,-0.07504706626945185,7.470809487631132,-0.08067539358560653,-0.43199424999999997,0.1707162458177251,0.415
bitcoin-above-66k-on-june-6-2026-133-165-898-474,66000.0,1780761660,1780439400,0.647,379.0,0.658,100.0,1,0.7155720674657594,0.5082556002904101,-0.02298531105197532,67114.12,67294.0,0,3.729861111111111,0,BTC,0.6525000000000001,0.01100000000000001,2026-06-02 22:30:00+00:00,2026-06-02,60787.86,0.606,0.617,5000.0,100.0,0.6114999999999999,1780440300.0,2026-06-06 16:01:00+00:00,True,2026-06-06,0.05757206746575938,-0.06857206746575939,7.297754515428718,-0.10168098164767946,-0.63354177,0.10850107295257727,0.617
bitcoin-above-66k-on-june-7-2026-855,66000.0,1780848060,1780440300,0.598,20.0,0.6,10.0,1,0.6688918874814159,0.48723864636745534,-0.018139754424225277,66728.01,66956.01,0,4.719444444444444,0,BTC,0.599,0.0020000000000000018,2026-06-02 22:45:00+00:00,2026-06-02,62078.25,0.537,0.543,10.0,100.0,0.54,1780441200.0,2026-06-07 16:01:00+00:00,True,2026-06-07,0.06889188748141595,-0.07089188748141595,7.009629918515851,-0.07564015054753133,-0.56037057,-0.030161107680981236,0.543
ethereum-above-1900-on-june-7-2026,1900.0,1780848060,1780485300,0.43,5000.0,0.45,5.0,1,0.5036216369652805,0.5130904695439547,0.0047856327042682945,1883.48,1888.0,0,4.198611111111111,0,ETH,0.44,0.020000000000000018,2026-06-03 11:15:00+00:00,2026-06-03,1628.3,0.43,0.45,5000.0,5.0,0.44,1780486200.0,2026-06-07 16:01:00+00:00,True,2026-06-07,0.053621636965280495,-0.07362163696528051,7.176142750676591,-0.14798154193527152,-0.467325,0.5946116693927426,0.45
bitcoin-above-70k-on-june-7-2026-544,70000.0,1780848060,1780492500,0.09,308.68,0.1,5.0,1,0.19833296744607987,0.41714750086262165,0.03777693699174724,67032.41,67122.01,0,4.115277777777778,0,BTC,0.095,0.010000000000000009,2026-06-03 13:15:00+00:00,2026-06-03,62078.25,0.14,0.15,10.0,20.0,0.14500000000000002,1780493400.0,2026-06-07 16:01:00+00:00,True,2026-06-07,0.09833296744607986,-0.10833296744607987,5.62679037390505,-0.07811632203064303,-0.15892499999999998,0.2806191688468892,0.15
bitcoin-above-68k-on-june-8-2026-717,68000.0,1780934460,1780498800,0.34,110.0,0.35,25.0,1,0.401565613216199,0.4229089835858191,0.014632326398478045,66776.93,66864.95,0,5.042361111111111,0,BTC,0.345,0.009999999999999953,2026-06-03 15:00:00+00:00,2026-06-03,63700.01,0.33,0.34,315.0,17.05,0.335,1780499700.0,2026-06-08 16:01:00+00:00,True,2026-06-08,0.05156561321619901,-0.06156561321619897,7.512793196576902,-0.048490193985135294,-0.355708,0.008588799472218633,0.34
solana-above-30-on-june-7-2026,30.0,1780848060,1780500600,0.972,100.0,0.7,6.0,0,1.0,0.7349870513901691,-0.9058362739702961,74.215,74.22,0,4.021527777777778,1,SOL,0.836,-0.272,2026-06-03 15:30:00+00:00,2026-06-03,64.93,0.972,0.7,100.0,6.0,0.836,1780501500.0,2026-06-07 16:01:00+00:00,True,2026-06-07,0.30000000000000004,-0.028000000000000025,9.414432959340051e-30,-0.13372388911205602,0.28530000000000005,0.28530000000000005,0.7
bitcoin-above-62k-on-june-9-2026,62000.0,1781020860,1780533900,0.639,5000.0,0.644,100.0,1,0.6975240801742597,0.5368369418015202,-0.026417792018789903,63332.53,63595.33,0,5.636111111111111,0,BTC,0.6415,0.0050000000000000044,2026-06-04 00:45:00+00:00,2026-06-04,61201.47,0.632,0.643,5000.0,10.0,0.6375,1780534800.0,2026-06-09 16:01:00+00:00,True,2026-06-09,0.05352408017425969,-0.058524080174259696,5.629947819712917,-0.03836883113951959,-0.65906857,-0.4430540527811286,0.643
ethereum-above-1700-on-june-7-2026,1700.0,1780848060,1780538400,0.688,5000.0,0.698,4144.0,1,0.7583179601157425,0.7167993855060687,-0.037615590197348045,1759.08,1759.77,0,3.584027777777778,0,ETH,0.693,0.010000000000000009,2026-06-04 02:00:00+00:00,2026-06-04,1628.3,0.63,0.676,5020.0,50.0,0.653,1780539300.0,2026-06-07 16:01:00+00:00,True,2026-06-07,0.06031796011574253,-0.07031796011574254,5.073531765487829,-0.07764659290422835,-0.69133168,-0.29738922441849563,0.676
bitcoin-above-60k-on-june-10-2026,60000.0,1781107260,1780539300,0.69,98.59,0.7,6411.0,0,0.7574375953949405,0.6178138350850509,-0.04019524611827418,62262.41,62402.13,0,6.573611111111111,1,BTC,0.695,0.010000000000000009,2026-06-04 02:15:00+00:00,2026-06-04,62574.0,0.74,0.75,81.1,10.0,0.745,1780540200.0,2026-06-10 16:01:00+00:00,True,2026-06-10,0.05743759539494053,-0.06743759539494054,4.38300340120496,0.0027504469589370766,0.236875,0.22481978162414495,0.75
bitcoin-above-58k-on-june-10-2026,58000.0,1781107260,1780539300,0.807,65.0,0.81,100.0,0,0.8670496231007206,0.6893300791585512,-0.07409679779395555,62262.41,62402.13,0,6.573611111111111,1,BTC,0.8085,0.0030000000000000027,2026-06-04 02:15:00+00:00,2026-06-04,62574.0,0.848,0.849,100.0,5.0,0.8485,1780540200.0,2026-06-10 16:01:00+00:00,True,2026-06-10,0.05704962310072059,-0.060049623100720595,3.2685143978395677,0.0027504469589370766,0.14202607000000003,0.13303619451422014,0.849
bitcoin-above-62k-on-june-10-2026,62000.0,1781107260,1780539300,0.52,100.0,0.53,6301.0,0,0.5921597371664745,0.5652386078805649,-0.007405423295283405,62262.41,62402.13,0,6.573611111111111,1,BTC,0.525,0.010000000000000009,2026-06-04 02:15:00+00:00,2026-06-04,62574.0,0.59,0.6,110.0,6309.0,0.595,1780540200.0,2026-06-10 16:01:00+00:00,True,2026-06-10,0.062159737166474494,-0.0721597371664745,5.2533561909516875,0.0027504469589370766,0.38320000000000004,0.3687509224403837,0.6
bitcoin-above-58k-on-june-9-2026,58000.0,1781020860,1780539300,0.812,100.0,0.817,100.0,0,0.8775850010927718,0.7116644130341755,-0.07444472617010098,62262.41,62402.13,0,5.573611111111111,1,BTC,0.8145,0.004999999999999893,2026-06-04 02:15:00+00:00,2026-06-04,61201.47,0.858,0.862,10.0,10.0,0.86,1780540200.0,2026-06-09 16:01:00+00:00,True,2026-06-09,0.06058500109277187,-0.06558500109277177,3.3259171199694384,-0.019428200570536385,0.12967308,0.19428966488774696,0.862
bitcoin-above-60k-on-june-9-2026,60000.0,1781020860,1780539300,0.687,5.0,0.706,6301.0,0,0.768892938891418,0.6340301622088406,-0.04054317449441956,62262.41,62402.13,0,5.573611111111111,1,BTC,0.6965,0.018999999999999906,2026-06-04 02:15:00+00:00,2026-06-04,61201.47,0.736,0.742,10.0,10.0,0.739,1780540200.0,2026-06-09 16:01:00+00:00,True,2026-06-09,0.062892938891418,-0.08189293889141791,4.576768580292655,-0.019428200570536385,0.24459948,0.33351785794285477,0.742
bitcoin-above-62k-on-june-8-2026-644,62000.0,1780934460,1780541100,0.595,9.96,0.629,5.0,0,0.6908136899072432,0.6393074098048224,-0.02394897091095413,63355.38,63410.0,0,4.552777777777778,1,BTC,0.612,0.03400000000000003,2026-06-04 02:45:00+00:00,2026-06-04,63700.01,0.62,0.644,9.96,6309.0,0.632,1780542000.0,2026-06-08 16:01:00+00:00,True,2026-06-08,0.06181368990724323,-0.09581368990724326,5.373731930792475,0.0045631418520364645,0.33995152,0.31543041892497614,0.644
ethereum-above-1900-on-june-10-2026,1900.0,1781107260,1780570800,0.06,74.32,0.07,59.99,1,0.1228337212718296,0.632891198698375,0.09131686100675836,1733.17,1736.86,0,6.209027777777778,0,ETH,0.065,0.010000000000000009,2026-06-04 11:00:00+00:00,2026-06-04,1656.82,0.06,0.15,74.32,12.0,0.105,1780571700.0,2026-06-10 16:01:00+00:00,True,2026-06-10,0.05283372127182959,-0.0628337212718296,2.555661208279329,-0.04717878278782784,-0.15892499999999998,-0.03835201497531188,0.15
bitcoin-above-64k-on-june-11-2026,64000.0,1781193660,1780597800,0.47,5.0,0.44,5.0,1,0.5136054339605102,0.4798289866437683,0.001610138640489295,63907.84,63896.27,0,6.896527777777778,0,BTC,0.45499999999999996,-0.02999999999999997,2026-06-04 18:30:00+00:00,2026-06-04,62795.24,0.48,0.44,5000.0,5.0,0.45999999999999996,1780598700.0,2026-06-11 16:01:00+00:00,True,2026-06-11,0.07360543396051017,-0.0436054339605102,6.038582998821575,-0.017381712799653344,-0.457248,-0.35228708459761393,0.44
bitcoin-above-64k-on-june-8-2026-139,64000.0,1780934460,1780601400,0.492,5000.0,0.512,100.0,1,0.5638109658972784,0.46486784084749033,-0.0035382887006460495,63984.74,64128.0,0,3.854861111111111,0,BTC,0.502,0.020000000000000018,2026-06-04 19:30:00+00:00,2026-06-04,63700.01,0.451,0.503,6301.0,6301.0,0.477,1780602300.0,2026-06-08 16:01:00+00:00,True,2026-06-08,0.051810965897278405,-0.07181096589727842,8.349352063922993,-0.006696366458368309,-0.52049937,-0.4645890488900379,0.503
bitcoin-above-62k-on-june-9-2026,62000.0,1781020860,1780626600,0.583,100.0,0.591,100.0,1,0.65921567266273,0.4698534515725771,-0.015184590494273694,62586.31,62705.48,0,4.563194444444444,0,BTC,0.587,0.008000000000000007,2026-06-05 02:30:00+00:00,2026-06-05,61201.47,0.605,0.609,5000.0,10.0,0.607,1780627500.0,2026-06-09 16:01:00+00:00,True,2026-06-09,0.06821567266272999,-0.07621567266273,7.459239338869662,-0.0242776353010116,-0.62566833,-0.4445756377079635,0.609
bitcoin-above-64k-on-june-9-2026-453-432,64000.0,1781020860,1780633800,0.38,110.0,0.41,110.0,1,0.46028805175637,0.45936438808199664,0.00876053368741135,63103.04,63240.32,0,4.479861111111111,0,BTC,0.395,0.02999999999999997,2026-06-05 04:30:00+00:00,2026-06-05,61201.47,0.38,0.41,210.0,110.0,0.395,1780634700.0,2026-06-09 16:01:00+00:00,True,2026-06-09,0.05028805175637002,-0.08028805175637,7.578414005850244,-0.03277086357936324,-0.426933,-0.17858182846634593,0.41
bitcoin-above-64k-on-june-10-2026,64000.0,1781107260,1780633800,0.38,115.0,0.4,10.0,1,0.457492447287223,0.4636236242920571,0.009570417184451544,63103.04,63240.32,0,5.479861111111111,0,BTC,0.39,0.020000000000000018,2026-06-05 04:30:00+00:00,2026-06-05,62574.0,0.38,0.42,115.0,110.0,0.4,1780634700.0,2026-06-10 16:01:00+00:00,True,2026-06-10,0.05749244728722297,-0.07749244728722299,6.825640011435551,-0.010592216049889833,-0.437052,-0.36475334632010215,0.42
ethereum-above-1600-on-june-8-2026,1600.0,1780934460,1780641900,0.697,5000.0,0.733,18.0,0,0.7881141689715894,0.73945906710265,-0.039441155750250034,1664.37,1664.95,0,3.386111111111111,1,ETH,0.715,0.03600000000000003,2026-06-05 06:45:00+00:00,2026-06-05,1688.75,0.686,0.743,5000.0,5000.0,0.7145,1780642800.0,2026-06-08 16:01:00+00:00,True,2026-06-08,0.05511416897158938,-0.09111416897158942,4.885146751368914,0.014193517340804762,0.24363343,0.17429601487206928,0.743
xrp-above-1pt1-on-june-10-2026,1.1,1781107260,1780644600,0.58,5000.0,0.57,5000.0,0,0.6220593428528634,0.6518223889872018,-0.020604444792031034,1.1213,1.1229,0,5.354861111111111,1,XRP,0.575,-0.010000000000000009,2026-06-05 07:30:00+00:00,2026-06-05,1.1274,0.13,0.57,61.46,5000.0,0.35,1780645500.0,2026-06-10 16:01:00+00:00,True,2026-06-10,0.0520593428528634,-0.04205934285286339,4.930592786985844,0.003999472068981524,0.41284300000000007,0.3931232318649284,0.57
solana-above-60-on-june-10-2026,60.0,1781107260,1780650900,0.803,5000.0,0.806,5000.0,0,0.8577625249472923,0.8519379131759711,-0.10014694860493863,66.2261,66.32,0,5.281944444444444,1,SOL,0.8045,0.0030000000000000027,2026-06-05 09:15:00+00:00,2026-06-05,65.35,0.813,0.806,5000.0,5000.0,0.8095,1780651800.0,2026-06-10 16:01:00+00:00,True,2026-06-10,0.05176252494729228,-0.05476252494729228,2.535559820373138,-0.014734070756808515,0.18305451999999994,0.22041363780149845,0.806
bitcoin-above-60k-on-june-9-2026,60000.0,1781020860,1780650900,0.82,15.0,0.787,5.0,0,0.8424093332774281,0.5929864477168791,-0.050054858367826735,63076.38,63099.64,0,4.281944444444445,1,BTC,0.8035,-0.03299999999999992,2026-06-05 09:15:00+00:00,2026-06-05,61201.47,0.818,0.787,5.0,5.0,0.8025,1780651800.0,2026-06-09 16:01:00+00:00,True,2026-06-09,0.05540933327742803,-0.022409333277428112,4.681093504936586,-0.03054385546344117,0.20126582999999998,0.34424447342563624,0.787
bitcoin-above-62k-on-june-8-2026-644,62000.0,1780934460,1780655400,0.587,20.0,0.588,5.0,0,0.6477717650686073,0.50988048816338,-0.010352358561260636,62576.5,62586.01,0,3.229861111111111,1,BTC,0.5874999999999999,0.0010000000000000009,2026-06-05 10:30:00+00:00,2026-06-05,63700.01,0.585,0.593,5000.0,5.0,0.589,1780656300.0,2026-06-08 16:01:00+00:00,True,2026-06-08,0.059771765068607374,-0.060771765068607375,8.195220788181889,0.017642948861957875,0.39010543000000003,0.24551756872165287,0.593
bitcoin-above-62k-on-june-10-2026,62000.0,1781107260,1780655400,0.59,10.0,0.56,5.0,0,0.6110028532023192,0.5114973468642655,-0.009289172217145761,62576.5,62586.01,0,5.229861111111111,1,BTC,0.575,-0.029999999999999916,2026-06-05 10:30:00+00:00,2026-06-05,62574.0,0.59,0.6,15.0,100.0,0.595,1780656300.0,2026-06-10 16:01:00+00:00,True,2026-06-10,0.05100285320231912,-0.021002853202319205,6.466673996034046,-0.0001919143348880091,0.38320000000000004,0.3844410474388865,0.6
bitcoin-above-60k-on-june-10-2026,60000.0,1781107260,1780666200,0.7,10.0,0.71,10.0,0,0.7624378016821916,0.5717179027125215,-0.03519404275665822,61975.41,62116.0,0,5.104861111111111,1,BTC,0.705,0.010000000000000009,2026-06-05 13:30:00+00:00,2026-06-05,62574.0,0.69,0.7,85.0,100.0,0.695,1780667100.0,2026-06-10 16:01:00+00:00,True,2026-06-10,0.05243780168219159,-0.062437801682191596,5.261390697041248,0.007346251660188193,0.28530000000000005,0.24664849985696208,0.7
bitcoin-above-58k-on-june-9-2026,58000.0,1781020860,1780668000,0.741,6301.0,0.764,100.0,0,0.8293902075526928,0.6103287180131877,-0.04627396236233585,60781.05,60732.36,0,4.084027777777778,1,BTC,0.7525,0.02300000000000002,2026-06-05 14:00:00+00:00,2026-06-05,61201.47,0.776,0.785,100.0,100.0,0.7805,1780668900.0,2026-06-09 16:01:00+00:00,True,2026-06-09,0.06539020755269276,-0.08839020755269278,4.90134091375691,0.007694539153008606,0.20318574999999997,0.16547219043685446,0.785
bitcoin-above-60k-on-june-11-2026,60000.0,1781193660,1780668900,0.57,73.68,0.58,100.0,0,0.6344303740188132,0.5666804116120943,-0.014975684102465995,60860.34,60865.45,0,6.073611111111111,1,BTC,0.575,0.010000000000000009,2026-06-05 14:15:00+00:00,2026-06-05,62795.24,0.53,0.54,240.0,18.0,0.535,1780669800.0,2026-06-11 16:01:00+00:00,True,2026-06-11,0.05443037401881323,-0.06443037401881324,5.388650794745928,0.031213584177256386,0.44261199999999995,0.27441289481635844,0.54
ethereum-above-1600-on-june-10-2026,1600.0,1781107260,1780669800,0.495,4200.0,0.5,0.36,0,0.5598167429507355,0.7256533235916947,-0.005635614246706019,1604.38,1603.42,0,5.063194444444445,1,ETH,0.4975,0.0050000000000000044,2026-06-05 14:30:00+00:00,2026-06-05,1656.82,0.525,0.575,4200.0,8.82,0.55,1780670700.0,2026-06-10 16:01:00+00:00,True,2026-06-10,0.05981674295073547,-0.06481674295073547,4.667094463495414,0.03276125444669271,0.40789375000000005,0.254993880754676,0.575
ethereum-above-1600-on-june-9-2026,1600.0,1781020860,1780669800,0.489,4200.0,0.49,8.99,0,0.5688911513443736,0.7232415566091482,-0.006581958277918688,1604.38,1603.42,0,4.063194444444444,1,ETH,0.4895,0.0010000000000000009,2026-06-05 14:30:00+00:00,2026-06-05,1638.95,0.489,0.49,4387.5,8.99,0.4895,1780670700.0,2026-06-09 16:01:00+00:00,True,2026-06-09,0.07889115134437363,-0.07989115134437363,5.227774576594155,0.021916944847271063,0.49250700000000003,0.3779301529308201,0.49
ethereum-above-1500-on-june-10-2026,1500.0,1781107260,1780669800,0.743,4674.52,0.759,6.46,0,0.8249954856162545,0.8314379388128134,-0.07017413538427719,1604.38,1603.42,0,5.063194444444445,1,ETH,0.751,0.016000000000000014,2026-06-05 14:30:00+00:00,2026-06-05,1656.82,0.783,0.821,5.0,4200.0,0.802,1780670700.0,2026-06-10 16:01:00+00:00,True,2026-06-10,0.06599548561625446,-0.08199548561625447,3.336631003547376,0.03276125444669271,0.16871287000000004,0.05940065269806083,0.821
bitcoin-above-58k-on-june-10-2026,58000.0,1781107260,1780669800,0.713,80.0,0.717,100.0,0,0.7728050629743181,0.6208812794221187,-0.04087653084231303,60401.695,60394.6,0,5.063194444444445,1,BTC,0.715,0.0040000000000000036,2026-06-05 14:30:00+00:00,2026-06-05,62574.0,0.763,0.786,8.0,11.0,0.7745,1780670700.0,2026-06-10 16:01:00+00:00,True,2026-06-10,0.05580506297431809,-0.05980506297431809,4.773824546371517,0.03545015939664491,0.20222571999999997,0.03299287889951358,0.786
bitcoin-above-56k-on-june-10-2026,56000.0,1781107260,1780685100,0.802,10.0,0.808,10.0,0,0.8709826293074174,0.6976841037670943,-0.0692263496341855,59856.26,59952.0,0,4.886111111111111,1,BTC,0.805,0.006000000000000005,2026-06-05 18:45:00+00:00,2026-06-05,62574.0,0.755,0.813,5000.0,13.35,0.784,1780686000.0,2026-06-10 16:01:00+00:00,True,2026-06-10,0.06298262930741738,-0.06898262930741739,3.576043453596988,0.042805614315799274,0.17635783000000005,0.023283093148788542,0.813
bitcoin-above-60k-on-june-9-2026,60000.0,1781020860,1780741800,0.537,50.0,0.544,10.0,0,0.5971208875100182,0.6047468954874042,-0.009390333676953948,60403.495,60527.28,0,3.229861111111111,1,BTC,0.5405,0.007000000000000006,2026-06-06 10:30:00+00:00,2026-06-06,61201.47,0.548,0.56,10.0,30.0,0.554,1780742700.0,2026-06-09 16:01:00+00:00,True,2026-06-09,0.0531208875100182,-0.060120887510018206,6.957903271451702,0.011077036338907624,0.42275199999999996,0.34567905261952525,0.56
bitcoin-above-66k-on-june-11-2026,66000.0,1781193660,1780820100,0.16,128.46,0.18,10.0,1,0.23276875281882017,0.7392970198756179,0.05631374220794573,62316.68,62383.58,0,4.323611111111111,0,BTC,0.16999999999999998,0.01999999999999999,2026-06-07 08:15:00+00:00,2026-06-07,62795.24,0.17,0.18,5120.22,10.0,0.175,1780821000.0,2026-06-11 16:01:00+00:00,True,2026-06-11,0.05276875281882018,-0.07276875281882017,3.7689097513047325,0.006577174701067084,-0.190332,-0.21512077786688652,0.18
bitcoin-above-68k-on-june-11-2026,68000.0,1781193660,1780820100,0.059,203.0,0.076,231.48,1,0.12877557145527238,0.7392980583911851,0.08616670535762687,62316.68,62383.58,0,4.323611111111111,0,BTC,0.0675,0.017,2026-06-07 08:15:00+00:00,2026-06-07,62795.24,0.064,0.076,187.0,231.48,0.07,1780821000.0,2026-06-11 16:01:00+00:00,True,2026-06-11,0.05277557145527238,-0.06977557145527238,2.6729719930261435,0.006577174701067084,-0.08091568,-0.09849628376919242,0.076
bitcoin-above-58k-on-june-16-2026,58000.0,1781625660,1781072100,0.73,5.0,0.77,5.0,0,0.822702340784563,0.5494586135048225,-0.05649590408448543,61375.61,61393.44,0,6.406944444444444,1,BTC,0.75,0.040000000000000036,2026-06-10 06:15:00+00:00,2026-06-10,65912.0,0.79,0.83,4995.0,6.66,0.81,1781073000.0,2026-06-16 16:01:00+00:00,True,2026-06-16,0.05270234078456293,-0.09270234078456296,4.153159325538612,0.07101752995891274,0.16012300000000004,-0.13482411682557613,0.83
bitcoin-above-64k-on-june-14-2026,64000.0,1781452860,1781099100,0.25,6311.0,0.28,10.0,0,0.3313260063784634,0.47067816734551887,0.026229476049767497,62298.58,62380.01,0,4.094444444444444,1,BTC,0.265,0.030000000000000027,2026-06-10 13:45:00+00:00,2026-06-10,64058.03,0.24,0.25,6301.0,110.83,0.245,1781100000.0,2026-06-14 16:01:00+00:00,True,2026-06-14,0.05132600637846335,-0.08132600637846338,6.919861280932926,0.026544519801104723,0.736875,0.5531906052073781,0.25
bitcoin-above-64k-on-june-13-2026,64000.0,1781366460,1781099100,0.25,10.0,0.26,20.0,0,0.31443576799554157,0.5026974398265521,0.025504430699302708,62298.58,62380.01,0,3.0944444444444446,1,BTC,0.255,0.010000000000000009,2026-06-10 13:45:00+00:00,2026-06-10,64256.01,0.22,0.23,10.0,129.26,0.225,1781100000.0,2026-06-13 16:01:00+00:00,True,2026-06-13,0.05443576799554156,-0.06443576799554157,7.297120806204494,0.029630388769251836,0.757603,0.5413864736159645,0.23
bitcoin-above-60k-on-june-17-2026,60000.0,1781712060,1781130600,0.53,100.0,0.58,0.43,0,0.6572669355573124,0.47845455835491196,-0.020581436791403746,61281.66,61253.99,0,6.729861111111111,1,BTC,0.5549999999999999,0.04999999999999993,2026-06-10 22:30:00+00:00,2026-06-10,65804.8,0.57,0.58,6301.0,0.43,0.575,1781131500.0,2026-06-17 16:01:00+00:00,True,2026-06-17,0.07726693555731245,-0.1272669355573124,5.894728834523854,0.07166379383866368,0.40294800000000003,-0.01949063193214373,0.58
bitcoin-above-64k-on-june-15-2026,64000.0,1781539260,1781154000,0.31,134.53,0.32,46.0,0,0.3728576058900365,0.428598748686723,0.018463922251524954,62559.96,62726.86,0,4.459027777777777,1,BTC,0.315,0.010000000000000009,2026-06-11 05:00:00+00:00,2026-06-11,67178.0,0.31,0.32,47.0,46.0,0.315,1781154900.0,2026-06-15 16:01:00+00:00,True,2026-06-15,0.05285760589003652,-0.06285760589003653,7.617869529681572,0.06855606791473669,0.6647679999999999,0.14251681915754677,0.32
bitcoin-above-58k-on-june-18-2026,58000.0,1781798460,1781195400,0.83,6301.0,0.84,5.0,0,0.8936776138707103,0.51383247916016,-0.07768951020631717,62572.7,62639.78,0,6.979861111111111,1,BTC,0.835,0.010000000000000009,2026-06-11 16:30:00+00:00,2026-06-11,62544.81,0.88,0.93,6299.9,6301.0,0.905,1781196300.0,2026-06-18 16:01:00+00:00,True,2026-06-18,0.05367761387071035,-0.06367761387071036,3.243625062151175,-0.0015172796942419186,0.06544299999999996,0.07036448644253612,0.93
bitcoin-above-60k-on-june-18-2026,60000.0,1781798460,1781195400,0.7,6301.0,0.71,5.0,0,0.7791810386541526,0.4755978671803383,-0.04378795853063581,62572.7,62639.78,0,6.979861111111111,1,BTC,0.705,0.010000000000000009,2026-06-11 16:30:00+00:00,2026-06-11,62544.81,0.74,0.8,6185.61,6301.0,0.77,1781196300.0,2026-06-18 16:01:00+00:00,True,2026-06-18,0.0691810386541526,-0.0791810386541526,4.999684953075107,-0.0015172796942419186,0.18879999999999997,0.1963859204569077,0.8
bitcoin-above-62k-on-june-18-2026,62000.0,1781798460,1781199900,0.61,6301.0,0.62,5.0,0,0.6718776481330381,0.4437686148924551,-0.02304633118879222,63293.565,63331.99,0,6.927777777777777,1,BTC,0.615,0.010000000000000009,2026-06-11 17:45:00+00:00,2026-06-11,62544.81,0.65,0.71,6296.0,6301.0,0.6799999999999999,1781200800.0,2026-06-18 16:01:00+00:00,True,2026-06-18,0.05187764813303808,-0.06187764813303809,6.205358368429088,-0.012507312891798544,0.275587,0.3531993587196831,0.71
bitcoin-above-64k-on-june-17-2026,64000.0,1781712060,1781350200,0.48,15.0,0.49,15.0,0,0.5435631278111305,0.3401872502024655,-0.002505817478067967,63913.33,63952.18,0,4.188194444444444,1,BTC,0.485,0.010000000000000009,2026-06-13 11:30:00+00:00,2026-06-13,65804.8,0.47,0.49,55.0,25.0,0.48,1781351100.0,2026-06-17 16:01:00+00:00,True,2026-06-17,0.053563127811130484,-0.0635631278111305,10.939545677577328,0.0285571674229741,0.49250700000000003,0.18010456255415158,0.49
bitcoin-above-66k-on-june-20-2026,66000.0,1781971260,1781643600,0.48,550.0,0.5,7615.14,1,0.5613264112271387,0.34560567580161766,-0.0021106332257322187,65803.0,65854.0,0,3.7923611111111115,0,BTC,0.49,0.020000000000000018,2026-06-16 21:00:00+00:00,2026-06-16,64016.99,0.49,0.5,440.0,50.0,0.495,1781644500.0,2026-06-20 16:01:00+00:00,True,2026-06-20,0.061326411227138666,-0.08132641122713868,11.2879323084786,-0.028291653580776614,-0.5175,-0.19814572948526732,0.5
bitcoin-above-68k-on-june-21-2026,68000.0,1782057660,1781643600,0.18,60.0,0.19,423.39,1,0.24241643670245083,0.32668227131506994,0.02757018607114331,65803.0,65854.0,0,4.792361111111111,0,BTC,0.185,0.010000000000000009,2026-06-16 21:00:00+00:00,2026-06-16,64198.02,0.18,0.2,60.0,7532.55,0.19,1781644500.0,2026-06-21 16:01:00+00:00,True,2026-06-21,0.05241643670245083,-0.06241643670245084,7.265363187948697,-0.025467801361031862,-0.2112,-0.02616717351356937,0.2
bitcoin-above-66k-on-june-21-2026,66000.0,1782057660,1781643600,0.47,6300.0,0.48,5.0,1,0.5537054705426643,0.34864059207446413,-0.002282777078537897,65803.0,65854.0,0,4.792361111111111,0,BTC,0.475,0.010000000000000009,2026-06-16 21:00:00+00:00,2026-06-16,64198.02,0.48,0.49,1240.0,82.0,0.485,1781644500.0,2026-06-21 16:01:00+00:00,True,2026-06-21,0.0737054705426643,-0.0837054705426643,9.95792736360901,-0.025467801361031862,-0.507493,-0.25388648393602203,0.49
bitcoin-above-66k-on-june-22-2026,66000.0,1782144060,1781643600,0.48,1340.0,0.49,40.0,1,0.5444636688561554,0.3503114011663819,-0.002050794200091082,65803.0,65854.0,0,5.792361111111111,0,BTC,0.485,0.010000000000000009,2026-06-16 21:00:00+00:00,2026-06-16,64774.51,0.49,0.5,1250.0,90.0,0.495,1781644500.0,2026-06-22 16:01:00+00:00,True,2026-06-22,0.05446366885615539,-0.0644636688561554,9.016561693540677,-0.016528008687147662,-0.5175,-0.3684741900009568,0.5
bitcoin-above-68k-on-june-22-2026,68000.0,1782144060,1781644500,0.21,60.0,0.22,601.0,1,0.27008379632291557,0.33348525908690774,0.026826294684551083,65861.73,65918.0,0,5.781944444444444,0,BTC,0.215,0.010000000000000009,2026-06-16 21:15:00+00:00,2026-06-16,64774.51,0.19,0.21,60.0,38.42,0.2,1781645400.0,2026-06-22 16:01:00+00:00,True,2026-06-22,0.05008379632291557,-0.06008379632291558,7.11060493629859,-0.01749938356242273,-0.221613,-0.09718179685885453,0.21
ethereum-above-1900-on-june-20-2026,1900.0,1781971260,1781655300,0.11,5.09,0.113,101.72,1,0.18547917594768826,0.6547661169203348,0.056389429305389274,1793.42,1794.08,0,3.656944444444444,0,ETH,0.1115,0.0030000000000000027,2026-06-17 00:15:00+00:00,2026-06-17,1736.83,0.11,0.113,5.09,4296.85,0.1115,1781656200.0,2026-06-20 16:01:00+00:00,True,2026-06-20,0.07247917594768825,-0.07547917594768826,4.030710314156546,-0.032430743151651883,-0.12001617,0.01070276091712502,0.113
ethereum-above-1800-on-june-21-2026,1800.0,1782057660,1781713800,0.38,5054.5,0.42,4210.0,1,0.4777371629158737,0.4704884003402658,0.004035516543546862,1781.19,1784.74,0,3.979861111111111,0,ETH,0.4,0.03999999999999998,2026-06-17 16:30:00+00:00,2026-06-17,1728.87,0.36,0.4,4210.0,4210.0,0.38,1781714700.0,2026-06-21 16:01:00+00:00,True,2026-06-21,0.05773716291587372,-0.0977371629158737,7.962921290512235,-0.03180473045463053,-0.4168,-0.16354143472381966,0.4
bitcoin-above-64k-on-june-23-2026,64000.0,1782230460,1781719200,0.7,50.0,0.73,50.0,1,0.7829465445748063,0.3751055076605606,-0.032622475787772574,65796.04,66104.08,0,5.917361111111111,0,BTC,0.715,0.030000000000000027,2026-06-17 18:00:00+00:00,2026-06-17,62516.0,0.71,0.73,50.0,100.0,0.72,1781720100.0,2026-06-23 16:01:00+00:00,True,2026-06-23,0.0529465445748063,-0.08294654457480632,6.74733324813259,-0.055807945632411704,-0.7437969999999999,-0.3672421929244525,0.73
bitcoin-above-66k-on-june-23-2026,66000.0,1782230460,1781719200,0.43,5.0,0.45,79.0,1,0.5284471512768092,0.35198632442433725,-0.001850817121018844,65796.04,66104.08,0,5.917361111111111,0,BTC,0.44,0.020000000000000018,2026-06-17 18:00:00+00:00,2026-06-17,62516.0,0.43,0.45,156.0,100.0,0.44,1781720100.0,2026-06-23 16:01:00+00:00,True,2026-06-23,0.07844715127680918,-0.0984471512768092,8.900847657982712,-0.055807945632411704,-0.467325,0.029413022179078263,0.45
bitcoin-above-64k-on-june-22-2026,64000.0,1782144060,1781719200,0.72,50.0,0.74,52.0,0,0.8064182191609314,0.37139296360149343,-0.032637496577354055,65796.04,66104.08,0,4.917361111111111,1,BTC,0.73,0.020000000000000018,2026-06-17 18:00:00+00:00,2026-06-17,64774.51,0.72,0.73,50.0,77.0,0.725,1781720100.0,2026-06-22 16:01:00+00:00,True,2026-06-22,0.06641821916093138,-0.0864182191609314,7.0959131833556075,-0.02031830783965177,0.256203,0.4003799484628626,0.73
bitcoin-above-62k-on-june-22-2026,62000.0,1782144060,1781799300,0.6,5050.0,0.61,10.0,0,0.6713350417229401,0.406229776423554,-0.0126679247011145,62554.11,62639.99,0,3.9902777777777776,1,BTC,0.605,0.010000000000000009,2026-06-18 16:15:00+00:00,2026-06-18,64774.51,0.6,0.62,5050.0,50.0,0.61,1781800200.0,2026-06-22 16:01:00+00:00,True,2026-06-22,0.06133504172294013,-0.07133504172294014,9.166872715181615,0.033508269732573356,0.363508,0.056341956455527364,0.62
bitcoin-above-60k-on-june-25-2026,60000.0,1782403260,1781802000,0.73,74.85,0.75,5.0,1,0.8018288832211962,0.4682401109207324,-0.04480348172511328,62611.89,62688.0,0,6.959027777777777,0,BTC,0.74,0.020000000000000018,2026-06-18 17:00:00+00:00,2026-06-18,59622.0,0.73,0.74,224.19,5.0,0.735,1781802900.0,2026-06-25 16:01:00+00:00,True,2026-06-25,0.051828883221196165,-0.07182888322119618,5.009909280907277,-0.050145408284848966,-0.753468,-0.5022440536388505,0.74
bitcoin-above-62k-on-june-25-2026,62000.0,1782403260,1781807400,0.56,6401.0,0.57,5.0,1,0.6344503531668401,0.4393466159961373,-0.013615243973658412,62775.33,62847.62,0,6.896527777777778,0,BTC,0.565,0.009999999999999898,2026-06-18 18:30:00+00:00,2026-06-18,59622.0,0.54,0.57,55.0,5.0,0.5549999999999999,1781808300.0,2026-06-25 16:01:00+00:00,True,2026-06-25,0.06445035316684011,-0.07445035316684001,6.481965253920426,-0.05268843290242809,-0.5871569999999999,-0.24563240864294333,0.57
bitcoin-above-68k-on-june-22-2026,68000.0,1782144060,1781813700,0.03,25.0,0.034,100.0,1,0.08525274731232906,0.543810339930559,0.07484594150120806,63098.53,63172.0,0,3.823611111111111,0,BTC,0.032,0.0040000000000000036,2026-06-18 20:15:00+00:00,2026-06-18,64774.51,0.031,0.036,100.0,100.0,0.0335,1781814600.0,2026-06-22 16:01:00+00:00,True,2026-06-22,0.05125274731232905,-0.055252747312329056,2.8776444456297,0.025050996764899032,-0.038429279999999996,-0.11051714169799928,0.036
bitcoin-above-62k-on-june-24-2026,62000.0,1782316860,1781849700,0.6,6301.0,0.61,50.0,1,0.6612983340907405,0.40037380738654205,-0.01529707507292565,62780.64,62849.99,0,5.406944444444444,0,BTC,0.605,0.010000000000000009,2026-06-19 06:15:00+00:00,2026-06-19,60321.87,0.6,0.61,6406.0,5.0,0.605,1781850600.0,2026-06-24 16:01:00+00:00,True,2026-06-24,0.05129833409074047,-0.06129833409074048,7.924796556545866,-0.041056051381824644,-0.626653,-0.30129214538394594,0.61
bitcoin-above-64k-on-june-22-2026,64000.0,1782144060,1781849700,0.28,6339.33,0.29,27.0,0,0.3568458032553379,0.35182784085554886,0.015635671167462933,62780.64,62849.99,0,3.4069444444444446,1,BTC,0.28500000000000003,0.009999999999999953,2026-06-19 06:15:00+00:00,2026-06-19,64774.51,0.28,0.29,6329.33,72.0,0.28500000000000003,1781850600.0,2026-06-22 16:01:00+00:00,True,2026-06-22,0.0668458032553379,-0.07684580325533785,10.08677396996938,0.03016138584545303,0.695587,0.3913559183558814,0.29
bitcoin-above-64k-on-june-23-2026,64000.0,1782230460,1781850600,0.31,6401.0,0.32,194.0,1,0.3733403030475576,0.36975918422901305,0.01599726428190033,62812.6,62839.38,0,4.396527777777778,0,BTC,0.315,0.010000000000000009,2026-06-19 06:30:00+00:00,2026-06-19,62516.0,0.3,0.32,6479.1,194.0,0.31,1781851500.0,2026-06-23 16:01:00+00:00,True,2026-06-23,0.0533403030475576,-0.06334030304755761,8.797443419177679,-0.005159423031620517,-0.33523200000000003,-0.28984226780371636,0.32
ethereum-above-1700-on-june-23-2026,1700.0,1782230460,1781887500,0.52,36.38,0.53,150.0,1,0.5800964357689836,0.4752483963196209,-0.0038930012634256616,1704.31,1705.44,0,3.9694444444444446,0,ETH,0.525,0.010000000000000009,2026-06-19 16:45:00+00:00,2026-06-19,1660.68,0.48,0.52,5037.0,36.25,0.5,1781888400.0,2026-06-23 16:01:00+00:00,True,2026-06-23,0.050096435768983594,-0.0600964357689836,8.043202718195161,-0.02659598491498753,-0.5374720000000001,-0.32355510183869485,0.52
bitcoin-above-64k-on-june-23-2026,64000.0,1782230460,1781947800,0.41,94.17,0.42,50.0,1,0.47124780574200614,0.32181418044763305,0.006311408378234981,63505.06,63570.42,0,3.271527777777778,0,BTC,0.415,0.010000000000000009,2026-06-20 09:30:00+00:00,2026-06-20,62516.0,0.43,0.45,5143.39,250.0,0.44,1781948700.0,2026-06-23 16:01:00+00:00,True,2026-06-23,0.05124780574200616,-0.06124780574200617,12.733641917688972,-0.0167257438365873,-0.467325,-0.25434536717790396,0.45
bitcoin-above-64k-on-june-24-2026,64000.0,1782316860,1782021600,0.56,240.0,0.57,73.56,1,0.6206851639220403,0.34652566777619925,-0.005821820304488021,64185.31,64256.55,0,3.417361111111111,0,BTC,0.565,0.009999999999999898,2026-06-21 06:00:00+00:00,2026-06-21,60321.87,0.56,0.57,240.0,6374.56,0.565,1782022500.0,2026-06-24 16:01:00+00:00,True,2026-06-24,0.050685163922040366,-0.060685163922040264,11.835649703476255,-0.06318893955909974,-0.5871569999999999,0.1607251537556379,0.57
bitcoin-above-64k-on-june-25-2026,64000.0,1782403260,1782079200,0.44,5050.0,0.46,100.0,1,0.5294445570368642,0.3956751607414982,0.0005924550735452331,63621.63,63808.01,0,3.7506944444444446,0,BTC,0.45,0.020000000000000018,2026-06-21 22:00:00+00:00,2026-06-21,59622.0,0.44,0.47,11401.0,100.0,0.45499999999999996,1782080100.0,2026-06-25 16:01:00+00:00,True,2026-06-25,0.0694445570368642,-0.08944455703686421,9.901564721377527,-0.06785409758224012,-0.48743699999999995,0.18442473882121696,0.47
solana-above-70-on-june-25-2026,70.0,1782403260,1782120600,0.84,20.0,0.85,5.0,1,1.0,0.8345692417912514,-0.05150755714593204,73.6886,73.7,1,3.271527777777778,0,SOL,0.845,0.010000000000000009,2026-06-22 09:30:00+00:00,2026-06-22,66.47,0.82,0.84,20.0,150.0,0.83,1782121500.0,2026-06-25 16:01:00+00:00,True,2026-06-25,0.15000000000000002,-0.16000000000000003,4.185846832826463,-0.10325208114180044,-0.8494079999999999,-0.41721060316985364,0.84
bitcoin-above-62k-on-june-28-2026,62000.0,1782662460,1782244800,0.58,60.0,0.6,150.0,1,0.650861658800072,0.4127052778850793,-0.011325385431599493,62420.72,62388.49,0,4.834027777777778,0,BTC,0.59,0.020000000000000018,2026-06-23 20:00:00+00:00,2026-06-23,59895.23,0.57,0.6,5060.0,6351.0,0.585,1782245700.0,2026-06-28 16:01:00+00:00,True,2026-06-28,0.050861658800071985,-0.070861658800072,8.35102694958846,-0.040783934003889154,-0.6168,-0.27621226802328447,0.6
bitcoin-above-62k-on-june-27-2026,62000.0,1782576060,1782244800,0.58,11371.0,0.59,15.0,1,0.662742505470898,0.41650082900306246,-0.011035149639044192,62420.72,62388.49,0,3.8340277777777776,0,BTC,0.585,0.010000000000000009,2026-06-23 20:00:00+00:00,2026-06-23,60814.99,0.59,0.6,15.0,120.0,0.595,1782245700.0,2026-06-27 16:01:00+00:00,True,2026-06-27,0.072742505470898,-0.08274250547089801,9.273011536116993,-0.025544498595968124,-0.6168,-0.37992556983526327,0.6
bitcoin-above-64k-on-june-27-2026,64000.0,1782576060,1782244800,0.24,11795.19,0.27,20.0,1,0.33357056177396516,0.3644828619371374,0.02071354867553613,62420.72,62388.49,0,3.8340277777777776,0,BTC,0.255,0.030000000000000027,2026-06-23 20:00:00+00:00,2026-06-23,60814.99,0.24,0.27,20.0,6495.67,0.255,1782245700.0,2026-06-27 16:01:00+00:00,True,2026-06-27,0.06357056177396514,-0.09357056177396517,8.350927411310971,-0.025544498595968124,-0.283797,-0.07047674646673519,0.27
bitcoin-above-64k-on-june-28-2026,64000.0,1782662460,1782244800,0.29,150.0,0.3,6351.0,1,0.354279070686219,0.36961540951161026,0.020423312882980837,62420.72,62388.49,0,4.834027777777778,0,BTC,0.295,0.010000000000000009,2026-06-23 20:00:00+00:00,2026-06-23,59895.23,0.27,0.29,5.0,6430.5,0.28,1782245700.0,2026-06-28 16:01:00+00:00,True,2026-06-28,0.05427907068621901,-0.06427907068621902,7.735025493725718,-0.040783934003889154,-0.304413,0.011051769254509847,0.29
bitcoin-above-62k-on-june-29-2026,62000.0,1782748860,1782245700,0.57,50.0,0.59,50.0,1,0.6433098218442138,0.4100266890135737,-0.012025609405964153,62386.37,62438.64,0,5.823611111111111,0,BTC,0.58,0.020000000000000018,2026-06-23 20:15:00+00:00,2026-06-23,59807.99,0.57,0.59,5050.0,6351.0,0.58,1782246600.0,2026-06-29 16:01:00+00:00,True,2026-06-29,0.053309821844213845,-0.07330982184421386,7.656141980090152,-0.04304505042892442,-0.606933,-0.2773739823760141,0.59
bitcoin-above-64k-on-june-29-2026,64000.0,1782748860,1782245700,0.29,5.0,0.32,6510.77,1,0.3718945160536435,0.3738624290906905,0.019723088908616185,62386.37,62438.64,0,5.823611111111111,0,BTC,0.305,0.030000000000000027,2026-06-23 20:15:00+00:00,2026-06-23,59807.99,0.29,0.31,5291.33,69.82,0.3,1782246600.0,2026-06-29 16:01:00+00:00,True,2026-06-29,0.05189451605364348,-0.0818945160536435,7.275532677490977,-0.04304505042892442,-0.324973,-0.011797329000113377,0.31
bitcoin-above-62k-on-june-30-2026,62000.0,1782835260,1782247500,0.56,5000.0,0.58,6301.0,1,0.6340748792086883,0.4075865379657461,-0.012152839664185223,62394.87,62476.85,0,6.802777777777778,0,BTC,0.5700000000000001,0.019999999999999907,2026-06-23 20:45:00+00:00,2026-06-23,58441.4,0.56,0.58,5314.55,6451.0,0.5700000000000001,1782248400.0,2026-06-30 16:01:00+00:00,True,2026-06-30,0.054074879208688365,-0.07407487920868827,7.126433601078717,-0.06677154533739084,-0.5970519999999999,-0.12120901571166692,0.58
bitcoin-above-64k-on-june-30-2026,64000.0,1782835260,1782247500,0.3,11549.81,0.33,150.0,1,0.3804603247110006,0.3764048951267048,0.019595858650395155,62394.87,62476.85,0,6.802777777777778,0,BTC,0.315,0.030000000000000027,2026-06-23 20:45:00+00:00,2026-06-23,58441.4,0.32,0.34,75.0,6548.22,0.33,1782248400.0,2026-06-30 16:01:00+00:00,True,2026-06-30,0.05046032471100059,-0.08046032471100062,6.870267332957836,-0.06677154533739084,-0.355708,0.10303036670258936,0.34
ethereum-above-1700-on-june-27-2026,1700.0,1782576060,1782260100,0.34,5010.0,0.38,4200.0,1,0.43121891355251163,0.4682920682245519,0.016176411444765754,1670.2,1671.17,0,3.656944444444444,0,ETH,0.36,0.03999999999999998,2026-06-24 00:15:00+00:00,2026-06-24,1604.83,0.33,0.37,5010.0,4200.0,0.35,1782261000.0,2026-06-27 16:01:00+00:00,True,2026-06-27,0.051218913552511625,-0.0912189135525116,7.892840882501704,-0.040506147957234714,-0.386317,-0.06660841941047496,0.37
ethereum-above-1700-on-june-30-2026,1700.0,1782835260,1782285300,0.41,90.0,0.39,4200.0,1,0.45135961334416974,0.5046615154610574,0.012982927806449615,1673.54,1678.0,0,6.365277777777777,0,ETH,0.4,-0.019999999999999962,2026-06-24 07:15:00+00:00,2026-06-24,1566.76,0.39,0.39,5090.0,4200.0,0.39,1782286200.0,2026-06-30 16:01:00+00:00,True,2026-06-30,0.06135961334416973,-0.041359613344169766,5.831534076851364,-0.0685928153035143,-0.40665300000000004,-0.006651660130384707,0.39
bitcoin-above-60k-on-june-29-2026,60000.0,1782748860,1782307800,0.75,135.7,0.76,5.0,1,0.8141928394313805,0.40127541348294166,-0.03442033056503726,61705.08,61855.71,0,5.104861111111111,0,BTC,0.755,0.010000000000000009,2026-06-24 13:30:00+00:00,2026-06-24,59807.99,0.71,0.72,82.86,5.0,0.715,1782308700.0,2026-06-29 16:01:00+00:00,True,2026-06-29,0.054192839431380535,-0.06419283943138054,6.944692179227232,-0.033665150635174994,-0.734112,-0.5003178916713935,0.72
bitcoin-above-60k-on-june-28-2026,60000.0,1782662460,1782307800,0.775,15.0,0.794,5.0,1,0.8443283339888011,0.39248226339422426,-0.034474953767663845,61705.08,61855.71,0,4.104861111111111,0,BTC,0.7845,0.019000000000000017,2026-06-24 13:30:00+00:00,2026-06-24,59895.23,0.735,0.744,50.0,5.0,0.7395,1782308700.0,2026-06-28 16:01:00+00:00,True,2026-06-28,0.0503283339888011,-0.06932833398880112,7.444089768754102,-0.032207545477253005,-0.75733248,-0.5175766202360984,0.744
solana-above-70-on-june-29-2026,70.0,1782748860,1782308700,0.38,7.98,0.42,2925.0,0,0.5140170280318791,0.5497413718580649,0.017582237045238848,68.7356,68.78,0,5.094444444444445,1,SOL,0.4,0.03999999999999998,2026-06-24 13:45:00+00:00,2026-06-24,73.83,0.36,0.43,2925.0,2932.26,0.395,1782309600.0,2026-06-29 16:01:00+00:00,True,2026-06-29,0.09401702803187911,-0.1340170280318791,5.866629326692527,0.07085214806695397,0.5528430000000001,0.13717971029124665,0.43
bitcoin-above-60k-on-june-27-2026,60000.0,1782576060,1782309600,0.738,5.0,0.739,75.77,0,0.7914104917298727,0.41821966088644347,-0.024126961408086216,61239.04,61338.01,0,3.0840277777777776,1,BTC,0.7384999999999999,0.0010000000000000009,2026-06-24 14:00:00+00:00,2026-06-24,60814.99,0.71,0.72,60.0,107.33,0.715,1782310500.0,2026-06-27 16:01:00+00:00,True,2026-06-27,0.052410491729872666,-0.05341049172987267,8.898753957718789,-0.00856341139672312,0.265888,0.34209169105816406,0.72
xrp-above-1pt1-on-june-29-2026,1.1,1782748860,1782325800,0.28,2925.0,0.32,3000.44,1,0.37111237909500816,0.5684141422826752,0.024582408358961413,1.0661,1.0677,0,4.896527777777778,0,XRP,0.30000000000000004,0.03999999999999998,2026-06-24 18:30:00+00:00,2026-06-24,1.0491,0.26,0.32,2925.0,2925.0,0.29000000000000004,1782326700.0,2026-06-29 16:01:00+00:00,True,2026-06-29,0.051112379095008154,-0.09111237909500813,5.385679126227486,-0.01757414844681701,-0.33523200000000003,-0.24058327554875447,0.32
xrp-above-1pt1-on-july-1-2026,1.1,1782921660,1782325800,0.3,2925.0,0.35,2925.0,1,0.40325125104280996,0.5610898070669583,0.02244988936583376,1.0661,1.0677,0,6.896527777777778,0,XRP,0.32499999999999996,0.04999999999999999,2026-06-24 18:30:00+00:00,2026-06-24,1.06,0.27,0.36,2925.0,2925.0,0.315,1782326700.0,2026-07-01 16:01:00+00:00,True,2026-07-01,0.05325125104280998,-0.10325125104280997,4.725948814009247,-0.0072378940781438975,-0.37612799999999996,-0.3419220830654712,0.36
bitcoin-above-62k-on-june-28-2026,62000.0,1782662460,1782331200,0.2,150.0,0.21,6421.22,1,0.2670927110511699,0.4248767061952974,0.02865220913846063,59844.53,59958.3,0,3.8340277777777776,0,BTC,0.20500000000000002,0.009999999999999981,2026-06-24 20:00:00+00:00,2026-06-24,59895.23,0.28,0.29,10.0,110.91,0.28500000000000003,1782332100.0,2026-06-28 16:01:00+00:00,True,2026-06-28,0.05709271105116989,-0.06709271105116987,6.701790283864058,-0.0010524513682933353,-0.304413,-0.2973596916457323,0.29
bitcoin-above-60k-on-june-30-2026,60000.0,1782835260,1782331200,0.48,5384.18,0.51,6301.0,1,0.5691231210450817,0.4645493998078198,-0.0034683308498610235,59844.53,59958.3,0,5.834027777777778,0,BTC,0.495,0.030000000000000027,2026-06-24 20:00:00+00:00,2026-06-24,58441.4,0.59,0.6,70.31,109.0,0.595,1782332100.0,2026-06-30 16:01:00+00:00,True,2026-06-30,0.05912312104508166,-0.08912312104508169,6.786903818538257,-0.02562477780770043,-0.6168,-0.4428870976477236,0.6
bitcoin-above-62k-on-june-29-2026,62000.0,1782748860,1782332100,0.3,5095.73,0.33,6301.0,1,0.39410884648191064,0.4306631936157295,0.01667905520562121,60544.94,60684.01,0,4.823611111111111,0,BTC,0.315,0.030000000000000027,2026-06-24 20:15:00+00:00,2026-06-24,59807.99,0.33,0.35,80.21,6469.39,0.33999999999999997,1782333000.0,2026-06-29 16:01:00+00:00,True,2026-06-29,0.06410884648191062,-0.09410884648191065,7.255430765281083,-0.014540972602489152,-0.365925,-0.2604239800227909,0.35
bitcoin-above-62k-on-july-1-2026,62000.0,1782921660,1782333000,0.32,6451.0,0.37,150.0,1,0.42004512832270835,0.43430782410151625,0.016934183600956627,60691.354999999996,60773.99,0,6.813194444444444,0,BTC,0.345,0.04999999999999999,2026-06-24 20:30:00+00:00,2026-06-24,60114.03,0.31,0.47,500.0,100.0,0.39,1782333900.0,2026-07-01 16:01:00+00:00,True,2026-07-01,0.050045128322708354,-0.10004512832270834,6.287147339494623,-0.010918642831795078,-0.48743699999999995,-0.41878988376918747,0.47
bitcoin-above-58k-on-june-28-2026,58000.0,1782662460,1782396900,0.679,10.0,0.68,29.0,0,0.7452718312333069,0.5260340023791361,-0.024043416486545954,59252.17,59268.19,0,3.073611111111111,1,BTC,0.6795,0.0010000000000000009,2026-06-25 14:15:00+00:00,2026-06-25,59895.23,0.691,0.746,5000.0,5000.0,0.7184999999999999,1782397800.0,2026-06-28 16:01:00+00:00,True,2026-06-28,0.06527183123330682,-0.06627183123330682,7.554225532189019,0.010524132110850794,0.24073612,0.1612344525040806,0.746
ethereum-above-1500-on-july-1-2026,1500.0,1782921660,1782403200,0.7,5.0,0.71,86.2,0,0.7603515268348517,0.6684598637130327,-0.04668048347758432,1569.8,1570.01,0,6.000694444444445,1,ETH,0.705,0.010000000000000009,2026-06-25 16:00:00+00:00,2026-06-25,1618.57,0.73,0.78,5000.0,4200.0,0.755,1782404100.0,2026-07-01 16:01:00+00:00,True,2026-07-01,0.05035152683485178,-0.06035152683485179,4.1293065472871495,0.03046105460499541,0.20798799999999998,0.08220496778232106,0.78
bitcoin-above-60k-on-july-1-2026,60000.0,1782921660,1782412200,0.46,5115.0,0.47,6301.0,0,0.5212282766873089,0.4626422412450913,0.0024334819693296907,59606.76,59718.02,0,5.896527777777778,1,BTC,0.46499999999999997,0.009999999999999953,2026-06-25 18:30:00+00:00,2026-06-25,60114.03,0.45,0.46,10.0,6311.0,0.455,1782413100.0,2026-07-01 16:01:00+00:00,True,2026-07-01,0.051228276687308894,-0.06122827668730885,6.743863955593635,0.006609441157534494,0.5226120000000001,0.4780388280110861,0.46
ethereum-above-1600-on-june-29-2026,1600.0,1782748860,1782418500,0.35,5000.0,0.38,4200.0,1,0.43239024464314646,0.5545015477704173,0.01726849101517567,1565.52,1567.01,0,3.823611111111111,0,ETH,0.365,0.030000000000000027,2026-06-25 20:15:00+00:00,2026-06-25,1580.32,0.34,0.38,5078.0,4200.0,0.36,1782419400.0,2026-06-29 16:01:00+00:00,True,2026-06-29,0.052390244643146455,-0.08239024464314648,6.5006156998094875,0.008458013203226988,-0.396492,-0.4514742934180933,0.38
bitcoin-above-58k-on-july-2-2026,58000.0,1783008060,1782462600,0.71,6311.0,0.72,10.0,0,0.7742775822502704,0.5118603655263844,-0.03899286215812277,60221.23,60314.5,0,6.313194444444445,1,BTC,0.715,0.010000000000000009,2026-06-26 08:30:00+00:00,2026-06-26,61644.03,0.72,0.74,6311.0,10.0,0.73,1782463500.0,2026-07-02 16:01:00+00:00,True,2026-07-02,0.05427758225027046,-0.06427758225027047,5.101098191570674,0.021803848767216517,0.246532,0.13530842648427135,0.74
bitcoin-above-56k-on-july-2-2026,56000.0,1783008060,1782472500,0.79,11301.0,0.8,10.0,0,0.8555272068162119,0.5625631648314353,-0.06104273472913507,59376.25,59486.0,0,6.198611111111111,1,BTC,0.795,0.010000000000000009,2026-06-26 11:15:00+00:00,2026-06-26,61644.03,0.8,0.81,130.0,10.0,0.805,1782473400.0,2026-07-02 16:01:00+00:00,True,2026-07-02,0.055527206816211816,-0.06552720681621182,3.9922375796358605,0.035635397190448344,0.17922699999999994,0.03696202817104191,0.81
bitcoin-above-58k-on-july-1-2026,58000.0,1782921660,1782482400,0.71,170.0,0.72,5.0,0,0.7777679076578291,0.5843215413155591,-0.03917520238448809,60093.91,60175.43,0,5.084027777777777,1,BTC,0.715,0.010000000000000009,2026-06-26 14:00:00+00:00,2026-06-26,60114.03,0.72,0.74,105.0,10.0,0.73,1782483300.0,2026-07-01 16:01:00+00:00,True,2026-07-01,0.05776790765782913,-0.06776790765782914,5.106608281501802,-0.001020870911424384,0.246532,0.25174518785062405,0.74
bitcoin-above-62k-on-june-30-2026,62000.0,1782835260,1782483300,0.23,55.0,0.24,10.0,1,0.3093278859545545,0.46758646048534774,0.02996917304867078,59862.28,59989.99,0,4.073611111111111,0,BTC,0.235,0.009999999999999981,2026-06-26 14:15:00+00:00,2026-06-26,58441.4,0.23,0.26,41.0,15.22,0.245,1782484200.0,2026-06-30 16:01:00+00:00,True,2026-06-30,0.06932788595455452,-0.0793278859545545,6.357106947106258,-0.026153172180597647,-0.273468,-0.10720948744185657,0.26
bitcoin-above-60k-on-june-30-2026,60000.0,1782835260,1782483300,0.49,135.0,0.53,11416.0,1,0.5812673176469658,0.5189822643838898,-0.002820649774319945,59862.28,59989.99,0,4.073611111111111,0,BTC,0.51,0.040000000000000036,2026-06-26 14:15:00+00:00,2026-06-26,58441.4,0.48,0.54,5092.0,5000.0,0.51,1782484200.0,2026-06-30 16:01:00+00:00,True,2026-06-30,0.05126731764696579,-0.09126731764696583,7.272986302125841,-0.026153172180597647,-0.557388,-0.3671763369733747,0.54
ethereum-above-1600-on-june-30-2026,1600.0,1782835260,1782511200,0.37,5082.0,0.41,4200.0,1,0.46648791180067745,0.5477771436772467,0.0116914577047198,1572.63,1575.18,0,3.7506944444444446,0,ETH,0.39,0.03999999999999998,2026-06-26 22:00:00+00:00,2026-06-26,1566.76,0.38,0.4,5000.0,4200.0,0.39,1782512100.0,2026-06-30 16:01:00+00:00,True,2026-06-30,0.05648791180067747,-0.09648791180067745,6.848900305667965,-0.005359758720267228,-0.4168,-0.3800915468624553,0.4
ethereum-above-1600-on-july-1-2026,1600.0,1782921660,1782512100,0.39,5076.0,0.41,4200.0,0,0.4601160126930591,0.5540655054492404,0.012501035933005063,1573.595,1575.31,0,4.740277777777778,1,ETH,0.4,0.019999999999999962,2026-06-26 22:15:00+00:00,2026-06-26,1618.57,0.38,0.42,5000.0,4200.0,0.4,1782513000.0,2026-07-01 16:01:00+00:00,True,2026-07-01,0.0501160126930591,-0.07011601269305906,6.0789359357245925,0.02709096506483442,0.5629480000000001,0.39826375893391863,0.42
bitcoin-above-60k-on-july-1-2026,60000.0,1782921660,1782659700,0.5,10.0,0.52,10.0,0,0.5715315066927932,0.5085765805521727,-0.002068738908931516,59980.740000000005,60082.09,0,3.031944444444444,1,BTC,0.51,0.020000000000000018,2026-06-28 15:15:00+00:00,2026-06-28,60114.03,0.5,0.52,215.0,10.0,0.51,1782660600.0,2026-07-01 16:01:00+00:00,True,2026-07-01,0.05153150669279316,-0.07153150669279318,8.606584683360857,0.0005314647552983334,0.462528,0.45795390357730326,0.52
bitcoin-above-60k-on-july-2-2026,60000.0,1783008060,1782666900,0.46,235.0,0.47,10.0,0,0.5227442681571506,0.5259781687755015,0.0042157269027495465,59581.19,59641.17,0,3.9486111111111115,1,BTC,0.46499999999999997,0.009999999999999953,2026-06-28 17:15:00+00:00,2026-06-28,61644.03,0.46,0.47,132.55,30.0,0.46499999999999997,1782667800.0,2026-07-02 16:01:00+00:00,True,2026-07-02,0.05274426815715061,-0.06274426815715056,7.22421964399573,0.033030280528031086,0.512563,0.27394499856270815,0.47
solana-above-70-on-july-2-2026,70.0,1783008060,1782722700,0.67,2925.0,0.71,10.0,0,0.8900822792756771,0.6918436930969692,-0.036685614548422237,72.5249,72.74,0,3.302777777777778,1,SOL,0.69,0.039999999999999925,2026-06-29 08:45:00+00:00,2026-06-29,80.89,0.68,0.71,2932.34,10.0,0.6950000000000001,1782723600.0,2026-07-02 16:01:00+00:00,True,2026-07-02,0.1800822792756771,-0.22008227927567703,5.209512327529055,0.10619876747101839,0.275587,-0.2776567883086618,0.71
ethereum-above-1600-on-july-5-2026,1600.0,1783267260,1782912600,0.37,4200.0,0.42,43.88,0,0.47131187252717544,0.5234194805294503,0.009536986602787735,1571.71,1578.44,0,4.104861111111111,1,ETH,0.395,0.04999999999999999,2026-07-01 13:30:00+00:00,2026-07-01,1774.16,0.41,0.42,9275.38,5.21,0.415,1782913500.0,2026-07-05 16:01:00+00:00,True,2026-07-05,0.05131187252717545,-0.10131187252717544,6.92584265994717,0.1168900539538728,0.5629480000000001,-0.24661412219725842,0.42
ethereum-above-1600-on-july-4-2026,1600.0,1783180860,1782914400,0.48,73.75,0.5,4236.26,0,0.5563716869186226,0.5284078370347247,-0.0019762826994274892,1593.44,1597.22,0,3.0840277777777776,1,ETH,0.49,0.020000000000000018,2026-07-01 14:00:00+00:00,2026-07-01,1788.64,0.58,0.6,10.0,4200.0,0.59,1782915300.0,2026-07-04 16:01:00+00:00,True,2026-07-04,0.0563716869186226,-0.07637168691862262,8.19868234432691,0.11319093649799962,0.38320000000000004,-0.5448165326039778,0.6
xrp-above-1pt1-on-july-5-2026,1.1,1783267260,1782915300,0.17,2925.0,0.21,10.25,0,0.26322689524895126,0.5417658695297607,0.03624884746352249,1.0539,1.056,1,4.073611111111111,1,XRP,0.19,0.03999999999999998,2026-07-01 14:15:00+00:00,2026-07-01,1.1369,0.18,0.24,2925.0,2925.0,0.21,1782916200.0,2026-07-05 16:01:00+00:00,True,2026-07-05,0.05322689524895127,-0.09322689524895125,5.293535213087769,0.07381707486885415,0.747232,0.3564787148545843,0.24
xrp-above-1pt1-on-july-7-2026,1.1,1783440060,1782915300,0.22,2925.0,0.26,15.5,0,0.31397619783792335,0.5424489298306725,0.034003592856739706,1.0539,1.056,1,6.073611111111111,1,XRP,0.24,0.04000000000000001,2026-07-01 14:15:00+00:00,2026-07-01,1.1295,0.22,0.29,2925.0,2925.0,0.255,1782916200.0,2026-07-07 16:01:00+00:00,True,2026-07-07,0.053976197837923345,-0.09397619783792335,4.709116701325989,0.06728687164185115,0.695587,0.3787252689713806,0.29
ethereum-above-1600-on-july-6-2026,1600.0,1783353660,1782916200,0.5,9200.0,0.54,4200.0,0,0.5909389681489514,0.5312092909173327,-0.0072354062688539745,1601.7,1605.55,0,5.063194444444445,1,ETH,0.52,0.040000000000000036,2026-07-01 14:30:00+00:00,2026-07-01,1782.96,0.47,0.51,9200.0,4200.0,0.49,1782917100.0,2026-07-06 16:01:00+00:00,True,2026-07-06,0.05093896814895138,-0.09093896814895142,6.374597808408956,0.10480852752090077,0.472507,-0.19560520983730378,0.51
bitcoin-above-62k-on-july-6-2026,62000.0,1783353660,1782922500,0.23,183.58,0.24,26.32,0,0.29134778575904513,0.3754066373388976,0.025915554338455844,60079.48,60132.01,0,4.990277777777778,1,BTC,0.235,0.009999999999999981,2026-07-01 16:15:00+00:00,2026-07-01,63427.99,0.25,0.26,10.0,6391.0,0.255,1782923400.0,2026-07-06 16:01:00+00:00,True,2026-07-06,0.05134778575904514,-0.06134778575904512,7.018960556025536,0.05336293460185163,0.726532,0.35197966687583315,0.26
bitcoin-above-60k-on-july-5-2026,60000.0,1783267260,1782923400,0.53,83.23,0.55,10.0,0,0.6027406746141752,0.39540833818779403,-0.007053911961874593,60073.29,60144.01,0,3.979861111111111,1,BTC,0.54,0.020000000000000018,2026-07-01 16:30:00+00:00,2026-07-01,62736.0,0.52,0.54,252.13,6536.0,0.53,1782924300.0,2026-07-05 16:01:00+00:00,True,2026-07-05,0.0527406746141752,-0.07274067461417522,9.655454122043318,0.04219359246054298,0.44261199999999995,0.03521370375303434,0.54
bitcoin-above-62k-on-july-5-2026,62000.0,1783267260,1782923400,0.19,10.0,0.2,23.26,0,0.26675114903807173,0.3650553766276193,0.02573591086111628,60073.29,60144.01,0,3.979861111111111,1,BTC,0.195,0.010000000000000009,2026-07-01 16:30:00+00:00,2026-07-01,62736.0,0.18,0.2,10.0,105.01,0.19,1782924300.0,2026-07-05 16:01:00+00:00,True,2026-07-05,0.06675114903807172,-0.07675114903807173,7.499775219720956,0.04219359246054298,0.7888000000000001,0.47235754083341486,0.2
bitcoin-above-60k-on-july-6-2026,60000.0,1783353660,1782940500,0.57,135.0,0.58,50.0,0,0.6336595646566746,0.38811282319523754,-0.01152973174005388,60376.27,60447.21,0,4.781944444444445,1,BTC,0.575,0.010000000000000009,2026-07-01 21:15:00+00:00,2026-07-01,63427.99,0.59,0.6,5000.0,16.0,0.595,1782941400.0,2026-07-06 16:01:00+00:00,True,2026-07-06,0.05365956465667465,-0.06365956465667466,8.88656598637409,0.048134824518704385,0.38320000000000004,-0.04455329432800387,0.6
xrp-above-0pt9-on-july-5-2026,0.9,1783267260,1783005300,0.939,3080.41,0.94,5.0,0,0.9997200199264267,0.6102356526120997,-0.19344394951092667,1.0905,1.0895,0,3.031944444444444,1,XRP,0.9395,0.0010000000000000009,2026-07-02 15:15:00+00:00,2026-07-02,1.1369,0.939,0.94,3080.41,5.0,0.9395,1783006200.0,2026-07-05 16:01:00+00:00,True,2026-07-05,0.059720019926426726,-0.06072001992642673,0.02157567778770488,0.042586384750386445,0.056052000000000046,0.05513316988448248,0.94
bitcoin-above-62k-on-july-6-2026,62000.0,1783353660,1783019700,0.4,5010.0,0.42,90.0,0,0.4820244477006336,0.3155306476607962,0.002107013445762383,61576.525,61663.99,0,3.8652777777777776,1,BTC,0.41000000000000003,0.019999999999999962,2026-07-02 19:15:00+00:00,2026-07-02,63427.99,0.4,0.43,11541.0,270.0,0.41500000000000004,1783020600.0,2026-07-06 16:01:00+00:00,True,2026-07-06,0.06202444770063359,-0.08202444770063355,12.081061285663019,0.02820511660546278,0.5528430000000001,0.21209525772013255,0.43
bitcoin-above-64k-on-july-7-2026,64000.0,1783440060,1783148400,0.21,203.0,0.22,5.0,1,0.27222002042431676,0.32872010816077396,0.021120621221295165,62440.15,62500.01,0,3.3756944444444446,0,BTC,0.215,0.010000000000000009,2026-07-04 07:00:00+00:00,2026-07-04,63917.45,0.22,0.23,167.5,208.0,0.225,1783149300.0,2026-07-07 16:01:00+00:00,True,2026-07-07,0.052220020424316754,-0.06222002042431676,9.410843168863002,0.0224256903028833,-0.242397,-0.4534416543939266,0.23
bitcoin-above-64k-on-july-11-2026,64000.0,1783785660,1783461600,0.39,38.0,0.4,85.51,0,0.4670178781850248,0.36723889521066155,0.006325489195021126,63282.34,63423.94,0,3.7506944444444446,1,BTC,0.395,0.010000000000000009,2026-07-07 22:00:00+00:00,2026-07-07,64157.3,0.41,0.42,125.41,10.0,0.415,1783462500.0,2026-07-11 16:01:00+00:00,True,2026-07-11,0.0670178781850248,-0.07701787818502481,10.356278394324848,0.011496487685561966,0.5629480000000001,0.443887172971393,0.42
bitcoin-above-64k-on-july-12-2026,64000.0,1783872060,1783461600,0.39,115.0,0.4,30.0,0,0.47438306327556035,0.36379359800995514,0.0061873950718842165,63282.34,63423.94,0,4.750694444444445,1,BTC,0.395,0.010000000000000009,2026-07-07 22:00:00+00:00,2026-07-07,64173.58,0.41,0.42,5125.64,10.0,0.415,1783462500.0,2026-07-12 16:01:00+00:00,True,2026-07-12,0.07438306327556032,-0.08438306327556033,9.342438857427533,0.011750206822956315,0.5629480000000001,0.45317241119440294,0.42
bitcoin-above-64k-on-july-13-2026,64000.0,1783958460,1783461600,0.4,52.0,0.42,10.0,1,0.47795589393721205,0.36133508646361334,0.006296040522339605,63282.34,63423.94,0,5.750694444444444,0,BTC,0.41000000000000003,0.019999999999999962,2026-07-07 22:00:00+00:00,2026-07-07,62565.02,0.43,0.44,10.0,6311.0,0.435,1783462500.0,2026-07-13 16:01:00+00:00,True,2026-07-13,0.057955893937212066,-0.07795589393721203,8.581856824412252,-0.013635056708435393,-0.457248,-0.3402338955354656,0.44
ethereum-above-1800-on-july-11-2026,1800.0,1783785660,1783473300,0.37,9238.09,0.41,4200.0,0,0.46441495662161963,0.5014767295710508,0.009179199493902395,1778.56,1779.75,0,3.615277777777778,1,ETH,0.39,0.03999999999999998,2026-07-08 01:15:00+00:00,2026-07-08,1813.79,0.35,0.39,9238.88,4200.0,0.37,1783474200.0,2026-07-11 16:01:00+00:00,True,2026-07-11,0.05441495662161966,-0.09441495662161964,7.744334357080617,0.018945673727264804,0.593347,0.4466253680359036,0.39
bitcoin-above-64k-on-july-14-2026,64000.0,1784044860,1783473300,0.44,5000.0,0.46,6311.0,0,0.5106529000458349,0.3699749475018528,0.0033426686935007156,63555.88,63634.98,0,6.615277777777777,1,BTC,0.45,0.020000000000000018,2026-07-08 01:15:00+00:00,2026-07-08,64783.23,0.42,0.44,5000.0,10.0,0.43,1783474200.0,2026-07-14 16:01:00+00:00,True,2026-07-14,0.05065290004583484,-0.07065290004583485,7.931765041671522,0.01788345441688042,0.542752,0.4009046414318618,0.44
bitcoin-above-62k-on-july-12-2026,62000.0,1783872060,1783519200,0.5,584.16,0.51,10.0,0,0.5624237266691456,0.38688875293575803,-0.003197919475258792,61893.505,61945.49,0,4.084027777777778,1,BTC,0.505,0.010000000000000009,2026-07-08 14:00:00+00:00,2026-07-08,64173.58,0.52,0.53,40.0,6797.89,0.525,1783520100.0,2026-07-12 16:01:00+00:00,True,2026-07-12,0.05242372666914563,-0.06242372666914564,9.739660578652993,0.03533679473653075,0.452563,0.10839461332865885,0.53
bitcoin-above-62k-on-july-13-2026,62000.0,1783958460,1783520100,0.51,467.5,0.52,6311.0,0,0.5763803149174723,0.3930216374971188,-0.004748377228017874,61981.7,62045.62,0,5.073611111111111,1,BTC,0.515,0.010000000000000009,2026-07-08 14:15:00+00:00,2026-07-08,62565.02,0.5,0.51,465.0,6311.0,0.505,1783521000.0,2026-07-13 16:01:00+00:00,True,2026-07-13,0.05638031491747231,-0.06638031491747232,8.609340680327676,0.008336415060657403,0.472507,0.4007359626901859,0.51
bitcoin-above-62k-on-july-11-2026,62000.0,1783785660,1783521900,0.45,185.0,0.46,94.23,0,0.5184897851862506,0.40135741782702605,0.0012727202093187995,61768.6,61908.99,0,3.0527777777777776,1,BTC,0.455,0.010000000000000009,2026-07-08 14:45:00+00:00,2026-07-08,64157.3,0.48,0.5,337.77,92.53,0.49,1783522800.0,2026-07-11 16:01:00+00:00,True,2026-07-11,0.05848978518625053,-0.06848978518625054,10.850198617172458,0.03567247698464399,0.4825,0.09544653955009941,0.5
bitcoin-above-60k-on-july-12-2026,60000.0,1783872060,1783521900,0.76,5450.45,0.77,56.0,0,0.8204744767813986,0.424685645218703,-0.03539369433858566,61768.6,61908.99,0,4.052777777777778,1,BTC,0.765,0.010000000000000009,2026-07-08 14:45:00+00:00,2026-07-08,64173.58,0.79,0.8,218.5,18.0,0.795,1783522800.0,2026-07-12 16:01:00+00:00,True,2026-07-12,0.0504744767813986,-0.06047447678139861,7.086525429020782,0.03592619612203832,0.18879999999999997,-0.06579190238681237,0.8
bitcoin-above-62k-on-july-14-2026,62000.0,1784044860,1783521900,0.47,343.5,0.5,6847.0,0,0.5566103138519907,0.3912913158094026,-0.0020757103697222777,61768.6,61908.99,0,6.052777777777777,1,BTC,0.485,0.030000000000000027,2026-07-08 14:45:00+00:00,2026-07-08,64783.23,0.5,0.51,209.61,6336.47,0.505,1783522800.0,2026-07-14 16:01:00+00:00,True,2026-07-14,0.05661031385199067,-0.0866103138519907,7.905649392972923,0.04538137017452621,0.472507,0.11373779842747739,0.51
bitcoin-above-62k-on-july-12-2026,62000.0,1783872060,1783606500,0.67,44.26,0.68,80.77,0,0.7510993217605092,0.3272820691980858,-0.017750757038194898,62767.99,62932.01,0,3.073611111111111,1,BTC,0.675,0.010000000000000009,2026-07-09 14:15:00+00:00,2026-07-09,64173.58,0.68,0.71,4938.36,94.0,0.6950000000000001,1783607400.0,2026-07-12 16:01:00+00:00,True,2026-07-12,0.07109932176050915,-0.08109932176050916,11.827852419630762,0.019536662236068716,0.275587,0.044510242299605735,0.71
bitcoin-above-64k-on-july-12-2026,64000.0,1783872060,1783606500,0.23,4931.51,0.24,10.0,0,0.31397880811903506,0.3003716050757854,0.013997941276385376,62767.99,62932.01,0,3.073611111111111,1,BTC,0.235,0.009999999999999981,2026-07-09 14:15:00+00:00,2026-07-09,64173.58,0.24,0.26,10.0,10.0,0.25,1783607400.0,2026-07-12 16:01:00+00:00,True,2026-07-12,0.07397880811903507,-0.08397880811903505,11.910764116874438,0.019536662236068716,0.726532,0.4938354244751368,0.26
bitcoin-above-64k-on-july-13-2026,64000.0,1783958460,1783672200,0.57,70.0,0.58,4958.95,1,0.64434451109796,0.30781318547242964,-0.00834536306735022,64276.884999999995,64331.99,0,3.313194444444444,0,BTC,0.575,0.010000000000000009,2026-07-10 08:30:00+00:00,2026-07-10,62565.02,0.54,0.56,90.0,5028.09,0.55,1783673100.0,2026-07-13 16:01:00+00:00,True,2026-07-13,0.06434451109796002,-0.07434451109796003,13.426532239348838,-0.027850683205239927,-0.5772480000000001,-0.20330990405695498,0.56
bitcoin-above-64k-on-july-14-2026,64000.0,1784044860,1783710000,0.46,6.0,0.47,5699.09,0,0.5261080926004115,0.28225582978273994,-0.0012013746491861032,63761.8,63810.0,0,3.8756944444444446,1,BTC,0.46499999999999997,0.009999999999999953,2026-07-10 19:00:00+00:00,2026-07-10,64783.23,0.47,0.48,161.0,282.86,0.475,1783710900.0,2026-07-14 16:01:00+00:00,True,2026-07-14,0.0561080926004115,-0.06610809260041145,13.623170526587801,0.015136855688136918,0.502528,0.2963160337241602,0.48
bitcoin-above-64k-on-july-15-2026,64000.0,1784131260,1783710900,0.47,5300.0,0.48,17.0,0,0.5343609963982547,0.30030269556301264,-0.0015058975478574317,63847.51,63882.05,0,4.865277777777778,1,BTC,0.475,0.010000000000000009,2026-07-10 19:15:00+00:00,2026-07-10,65400.0,0.47,0.48,50.0,159.76,0.475,1783711800.0,2026-07-15 16:01:00+00:00,True,2026-07-15,0.05436099639825476,-0.06436099639825477,11.477913105487543,0.023483844209844836,0.502528,0.23298247677659417,0.48
ethereum-above-1900-on-july-15-2026,1900.0,1784131260,1783800900,0.15,3000.0,0.19,8062.77,0,0.24167410663013558,0.5930356751809968,0.039920067800231655,1824.0549999999998,1824.95,0,3.823611111111111,1,ETH,0.16999999999999998,0.04000000000000001,2026-07-11 20:15:00+00:00,2026-07-11,1930.76,0.15,0.19,3000.0,8062.77,0.16999999999999998,1783801800.0,2026-07-15 16:01:00+00:00,True,2026-07-15,0.05167410663013558,-0.09167410663013559,5.1648427524012135,0.05636111838940984,0.799227,0.5081306861692299,0.19
